Midterm_Score,Assignments_Avg,Quizzes_Avg,Participation_Score,Projects_Score,At_Risk,source
55.03,84.22,74.06,39.900000000000006,85.9,1,DS1
97.23,74.81,94.24,83.2,55.65,0,DS1
67.05,67.7,85.7,50.5,73.79,0,DS1
47.79,66.06,93.51,65.4,92.12,0,DS1
46.59,96.85,83.7,59.699999999999996,68.42,1,DS1
78.85,71.4,52.2,63.8,67.29,0,DS1
66.26,84.52,98.4,23.0,93.65,1,DS1
45.67,80.12,95.9,37.3,93.24,1,DS1
84.42,57.05,56.33,5.1,94.01,0,DS1
87.96,96.98,55.63,58.8,78.6,0,DS1
83.52,67.29,76.95,45.9,97.62,0,DS1
52.14,52.24,87.85,76.10000000000001,90.95,0,DS1
81.39,65.02,69.11,20.6,70.78,1,DS1
40.64,66.78,56.82,43.7,81.48,0,DS1
58.31,54.64,75.53,18.1,56.09,0,DS1
63.93,81.0,66.88,61.4,77.57,0,DS1
90.11,67.34,67.59,84.80000000000001,63.16,1,DS1
63.42,81.46,82.25,76.5,64.18,1,DS1
40.68,50.34,94.28,94.39999999999999,56.29,0,DS1
61.14,99.1,77.93,97.2,67.91,0,DS1
69.94,74.81,84.38,77.2,74.07,0,DS1
96.94,82.97,83.0,28.700000000000003,80.02,0,DS1
96.46,85.79,77.56,21.9,65.24,0,DS1
50.85,58.58,65.54,44.800000000000004,89.61,0,DS1
51.11,55.59,68.89,99.39999999999999,76.05,0,DS1
49.8,57.63,65.79,41.3,81.9,0,DS1
87.34,62.34,95.87,19.9,63.91,0,DS1
40.36,58.41,91.33,94.39999999999999,90.71,0,DS1
47.63,83.7,78.97,38.6,81.21,0,DS1
72.28,71.04,95.61,69.1,93.12,0,DS1
54.85,76.89,94.32,78.8,58.0,1,DS1
45.54,52.37,96.38,84.3,69.03,0,DS1
61.59,93.06,61.09,82.10000000000001,55.65,0,DS1
56.45,58.53,85.88,83.6,60.78,0,DS1
70.67,68.01,80.46,66.8,69.73,1,DS1
98.75,53.6,86.69,40.4,94.73,0,DS1
47.46,56.84,63.17,66.7,77.85,1,DS1
62.36,83.29,84.74,83.69999999999999,66.52,0,DS1
95.92,84.63,70.49,35.099999999999994,87.34,0,DS1
92.61,83.85,91.7,29.700000000000003,50.98,0,DS1
63.66,77.61,89.77,34.4,68.5,0,DS1
81.94,97.63,60.57,55.099999999999994,80.04,0,DS1
45.27,75.36,59.19,5.2,79.16,0,DS1
82.75,72.47,85.89,77.9,80.38,0,DS1
98.37,62.38,77.52,13.899999999999999,60.58,0,DS1
72.25,54.94,77.86,13.3,66.85,0,DS1
69.91,77.41,87.63,19.8,96.58,0,DS1
51.24,65.74,92.75,57.699999999999996,98.7,0,DS1
78.03,76.2,61.95,28.599999999999998,65.6,0,DS1
75.43,60.31,77.78,36.800000000000004,82.23,0,DS1
79.12,91.91,91.45,93.2,62.06,0,DS1
41.56,99.98,93.64,84.7,68.43,0,DS1
72.92,66.12,64.37,85.19999999999999,89.62,0,DS1
75.7,92.12,55.21,57.800000000000004,75.06,0,DS1
52.45,93.65,61.64,86.6,92.48,0,DS1
52.5,74.81,97.27,77.9,81.44,0,DS1
56.57,67.14,73.12,95.3,81.45,1,DS1
82.7,87.8,70.93,6.4,51.69,0,DS1
76.38,61.44,50.65,2.9,87.48,0,DS1
90.75,81.24,52.55,17.5,98.89,1,DS1
57.74,85.24,83.43,92.89999999999999,73.65,0,DS1
94.72,74.81,79.49,60.599999999999994,57.93,0,DS1
84.62,60.36,78.78,42.599999999999994,98.85,0,DS1
63.7,92.44,55.52,51.3,64.51,1,DS1
45.72,71.05,67.6,83.0,70.46,0,DS1
55.42,60.82,90.62,92.89999999999999,53.87,1,DS1
97.41,77.13,58.75,73.0,55.54,0,DS1
58.62,93.17,94.13,76.0,60.83,0,DS1
59.79,98.35,56.07,32.0,77.42,0,DS1
51.38,87.41,58.46,46.7,77.89,0,DS1
88.41,50.28,73.89,88.5,80.31,0,DS1
56.54,56.74,97.26,78.60000000000001,79.19,0,DS1
59.82,53.81,66.48,68.4,74.76,0,DS1
64.86,55.06,82.91,6.5,90.1,0,DS1
66.02,69.15,79.43,4.0,96.69,0,DS1
64.68,66.92,57.48,13.0,63.49,1,DS1
70.22,74.81,62.41,58.099999999999994,56.51,0,DS1
88.87,94.11,96.51,53.6,71.25,0,DS1
89.16,80.77,59.24,94.3,51.32,0,DS1
87.9,74.81,84.75,69.5,94.17,0,DS1
46.07,74.81,98.23,29.4,61.99,0,DS1
87.98,70.51,55.98,16.1,77.46,0,DS1
47.22,65.88,69.96,85.0,55.75,0,DS1
47.48,71.92,61.2,46.0,77.66,0,DS1
96.87,80.52,61.08,65.3,51.95,1,DS1
89.16,74.65,55.95,56.5,88.44,0,DS1
73.14,91.9,82.48,10.700000000000001,97.77,0,DS1
92.5,95.01,87.32,5.699999999999999,65.35,0,DS1
99.36,73.48,83.84,37.7,62.91,0,DS1
76.64,61.99,96.23,36.2,72.4,1,DS1
76.77,97.26,57.28,67.4,81.0,0,DS1
85.27,86.75,65.99,63.2,59.45,0,DS1
53.93,82.01,67.23,96.89999999999999,90.17,0,DS1
50.03,87.27,61.6,85.8,59.93,0,DS1
85.57,74.81,57.11,49.699999999999996,50.27,1,DS1
60.69,53.38,74.34,50.0,76.21,0,DS1
48.1,57.66,91.72,67.4,55.76,0,DS1
58.89,57.37,97.73,11.399999999999999,84.91,0,DS1
61.52,71.03,56.47,100.0,58.37,0,DS1
97.91,57.87,91.16,51.900000000000006,90.87,0,DS1
81.88,92.73,91.23,91.0,73.52,0,DS1
71.85,78.9,69.45,96.7,78.31,1,DS1
98.13,68.41,55.5,58.2,59.33,1,DS1
94.19,53.48,99.5,10.3,57.33,0,DS1
70.72,79.55,82.78,57.300000000000004,81.56,0,DS1
94.34,55.83,99.11,59.800000000000004,62.77,0,DS1
64.26,87.16,74.18,78.89999999999999,69.3,0,DS1
53.83,90.14,69.76,4.8,73.97,1,DS1
53.96,77.2,62.36,46.6,61.48,0,DS1
79.74,57.48,99.18,92.30000000000001,89.77,0,DS1
70.06,89.34,62.66,99.1,96.97,1,DS1
79.54,65.39,51.19,19.099999999999998,71.59,0,DS1
81.16,61.13,75.62,87.10000000000001,95.88,0,DS1
41.34,73.53,68.85,14.6,94.13,0,DS1
43.24,96.13,63.07,84.1,58.3,0,DS1
71.96,64.87,81.73,27.7,58.67,0,DS1
51.46,95.28,68.21,96.0,73.87,0,DS1
77.95,52.68,70.11,69.5,76.29,0,DS1
73.13,54.18,51.15,39.900000000000006,67.06,0,DS1
75.15,84.93,79.45,28.1,65.65,0,DS1
58.15,59.53,56.1,23.5,71.57,0,DS1
78.39,65.83,60.69,68.1,84.52,0,DS1
89.77,56.82,85.86,89.60000000000001,54.22,0,DS1
99.88,66.61,65.66,75.5,85.53,0,DS1
90.31,64.02,58.16,83.5,96.31,0,DS1
73.45,86.82,78.87,78.1,88.18,0,DS1
51.61,85.1,60.75,97.89999999999999,59.58,1,DS1
80.89,97.75,63.55,75.8,54.37,0,DS1
96.26,86.22,81.07,21.0,74.52,0,DS1
52.71,84.74,86.99,79.2,97.82,0,DS1
55.36,84.71,86.98,32.2,90.95,0,DS1
48.94,94.15,74.11,99.60000000000001,78.14,0,DS1
84.2,64.81,72.71,37.7,57.15,0,DS1
64.39,74.81,89.38,29.3,85.69,0,DS1
43.76,87.06,59.65,23.900000000000002,90.65,0,DS1
92.5,61.44,57.61,65.9,96.75,0,DS1
73.46,95.6,83.23,10.9,80.61,1,DS1
59.87,76.74,70.48,95.39999999999999,75.72,0,DS1
60.64,74.81,85.5,29.4,80.96,0,DS1
57.42,88.8,62.83,29.5,97.16,0,DS1
67.33,65.62,66.24,4.6000000000000005,81.41,0,DS1
60.22,98.16,94.83,24.6,62.88,0,DS1
72.88,74.81,71.08,41.900000000000006,81.81,0,DS1
86.41,83.34,79.55,37.0,93.99,0,DS1
80.47,55.68,55.33,27.3,78.35,0,DS1
57.67,63.16,58.94,4.1,75.13,1,DS1
71.72,75.77,51.79,30.099999999999998,86.67,1,DS1
90.41,92.57,71.22,77.8,83.05,0,DS1
44.09,59.24,99.45,43.9,52.83,0,DS1
44.7,55.22,93.69,29.1,86.27,0,DS1
73.37,53.72,81.65,30.5,70.38,0,DS1
78.35,75.35,93.05,55.4,97.04,0,DS1
52.68,94.24,79.71,30.2,98.54,0,DS1
84.71,52.12,68.44,63.099999999999994,72.44,0,DS1
78.78,60.62,58.68,98.9,98.44,0,DS1
95.4,84.66,82.65,4.1,65.54,1,DS1
50.14,91.29,59.65,16.9,84.13,0,DS1
85.08,90.37,70.87,17.9,53.75,0,DS1
45.02,89.25,91.29,44.699999999999996,57.25,1,DS1
73.92,56.49,56.46,4.1,93.23,0,DS1
73.11,69.86,56.45,47.800000000000004,94.69,0,DS1
63.3,99.24,61.22,92.89999999999999,76.63,0,DS1
90.67,99.44,77.6,1.2,66.99,0,DS1
40.26,74.81,62.59,36.5,72.55,0,DS1
71.21,85.46,75.16,76.10000000000001,93.48,1,DS1
53.03,97.56,65.1,15.4,60.55,0,DS1
84.61,72.5,75.31,7.800000000000001,64.74,0,DS1
42.58,56.84,63.88,63.099999999999994,89.27,0,DS1
89.89,83.45,99.0,1.0,96.76,0,DS1
90.29,98.01,74.64,80.19999999999999,54.65,0,DS1
89.97,84.86,87.18,6.7,90.19,0,DS1
49.15,90.17,85.03,52.400000000000006,82.25,0,DS1
77.82,74.81,74.53,74.0,61.54,1,DS1
40.86,54.82,61.94,24.2,87.79,0,DS1
90.88,58.44,75.54,10.4,86.4,0,DS1
83.38,99.13,84.05,17.6,57.1,0,DS1
71.87,74.66,73.0,85.5,75.11,1,DS1
83.84,50.6,54.1,70.6,87.91,0,DS1
45.66,97.77,50.9,19.8,59.58,0,DS1
71.72,74.89,66.39,71.6,73.14,1,DS1
57.48,91.81,57.51,70.9,56.04,0,DS1
98.36,77.42,95.31,99.80000000000001,65.34,0,DS1
91.43,55.09,58.79,39.2,60.9,0,DS1
84.0,80.78,69.71,86.5,75.25,0,DS1
96.02,74.81,85.6,44.6,57.06,0,DS1
60.81,51.74,90.77,89.80000000000001,69.16,0,DS1
94.05,92.09,73.89,9.200000000000001,63.76,0,DS1
59.51,61.77,59.06,17.5,87.3,1,DS1
83.97,69.69,63.54,85.0,84.98,0,DS1
84.19,68.64,70.95,81.89999999999999,54.75,0,DS1
41.1,74.81,68.23,30.5,97.67,1,DS1
61.66,75.22,67.43,59.699999999999996,87.23,1,DS1
41.17,72.36,56.59,38.3,80.8,0,DS1
99.83,74.81,95.67,1.0,73.89,1,DS1
47.33,52.45,51.49,2.6,58.9,0,DS1
72.57,54.32,72.0,5.4,98.1,0,DS1
87.43,51.08,99.02,59.400000000000006,50.39,0,DS1
52.08,84.4,82.99,27.9,84.62,0,DS1
69.1,76.28,67.77,14.399999999999999,75.37,0,DS1
76.45,93.8,57.3,94.1,95.13,0,DS1
49.61,74.93,98.19,12.1,69.03,0,DS1
86.71,61.09,50.7,67.4,75.93,0,DS1
57.96,90.26,84.07,89.39999999999999,87.12,0,DS1
52.66,64.72,94.01,16.4,52.38,0,DS1
73.5,96.78,51.26,21.5,52.72,0,DS1
64.62,62.52,86.26,57.400000000000006,60.58,0,DS1
95.22,58.39,99.94,50.8,57.32,0,DS1
92.8,74.67,81.98,52.1,50.32,0,DS1
69.0,52.53,70.73,55.5,81.15,0,DS1
61.56,51.82,93.72,95.0,89.8,0,DS1
59.53,74.8,77.71,5.4,97.86,0,DS1
56.05,60.76,87.47,76.0,72.05,1,DS1
72.67,50.47,79.39,23.3,63.99,0,DS1
88.3,64.8,51.91,37.400000000000006,93.2,0,DS1
58.65,73.87,60.66,8.9,92.22,0,DS1
51.41,69.71,53.94,44.6,81.24,0,DS1
68.53,56.77,55.33,80.39999999999999,63.66,0,DS1
44.14,78.98,50.77,9.9,95.43,0,DS1
82.08,74.81,71.06,27.599999999999998,58.92,0,DS1
71.1,83.78,58.93,37.3,52.18,0,DS1
69.78,69.69,92.78,10.4,89.83,1,DS1
58.03,56.88,87.5,76.2,78.18,0,DS1
94.28,74.97,78.66,78.7,62.32,0,DS1
45.43,94.52,74.45,83.6,83.54,0,DS1
92.19,73.44,62.79,58.4,88.34,0,DS1
62.6,59.78,73.75,50.7,92.23,0,DS1
92.84,54.65,82.06,26.299999999999997,64.11,0,DS1
83.73,97.2,89.11,65.5,51.28,0,DS1
46.25,87.15,54.08,44.5,75.5,0,DS1
89.89,74.81,85.42,97.10000000000001,92.8,0,DS1
80.93,64.77,87.14,96.8,60.39,0,DS1
41.94,94.76,77.95,90.5,71.06,0,DS1
48.02,58.88,60.72,36.0,62.82,0,DS1
78.14,76.75,76.96,36.800000000000004,50.67,0,DS1
79.76,85.68,75.14,85.3,94.93,0,DS1
84.8,69.82,73.79,72.9,56.75,0,DS1
83.21,52.0,73.03,70.4,88.34,0,DS1
79.57,61.39,55.54,28.0,67.33,0,DS1
85.97,95.09,59.14,83.3,63.88,0,DS1
74.51,74.81,54.87,57.9,97.05,1,DS1
55.65,90.77,62.12,44.699999999999996,82.86,1,DS1
94.74,77.78,63.17,86.5,84.35,0,DS1
41.09,97.18,62.25,39.4,87.98,0,DS1
61.99,74.81,60.55,65.4,67.05,1,DS1
83.73,74.81,86.77,46.6,78.18,0,DS1
65.63,65.91,90.93,59.3,63.51,0,DS1
41.49,80.08,66.36,4.1,91.73,0,DS1
43.96,83.74,65.26,46.1,79.97,0,DS1
78.92,74.81,92.2,55.599999999999994,62.17,0,DS1
97.89,91.11,81.2,49.3,94.99,0,DS1
73.11,59.17,64.67,84.7,79.04,0,DS1
70.41,74.81,85.68,31.099999999999998,74.75,0,DS1
59.1,84.32,67.23,88.4,51.72,0,DS1
55.4,74.81,79.33,40.300000000000004,95.49,0,DS1
41.26,71.99,99.63,69.5,97.61,0,DS1
56.38,98.19,65.08,8.7,78.13,0,DS1
66.95,81.29,96.53,20.0,72.13,0,DS1
51.88,97.45,66.03,76.10000000000001,67.98,0,DS1
45.24,86.12,77.01,1.2,63.4,0,DS1
83.06,86.23,73.0,96.89999999999999,78.73,0,DS1
93.68,79.59,89.16,19.099999999999998,56.4,0,DS1
96.21,57.11,53.05,90.1,95.96,1,DS1
77.08,74.81,81.36,51.6,58.8,0,DS1
43.17,62.63,88.03,56.5,87.28,0,DS1
84.45,99.93,73.61,8.4,65.34,0,DS1
46.61,63.35,55.26,36.5,61.3,1,DS1
80.18,61.53,62.24,15.600000000000001,77.89,0,DS1
86.76,81.19,83.98,52.599999999999994,88.26,1,DS1
83.55,75.55,94.77,55.099999999999994,86.34,0,DS1
97.11,51.07,71.08,71.0,61.69,0,DS1
84.29,56.48,78.02,87.8,66.53,0,DS1
81.59,90.55,61.42,46.8,93.44,0,DS1
55.7,74.18,70.61,23.3,86.16,1,DS1
95.49,57.3,66.84,33.4,85.63,1,DS1
50.77,73.26,82.78,84.7,63.45,0,DS1
94.29,62.66,99.23,14.6,89.6,0,DS1
58.76,61.18,90.67,62.699999999999996,67.92,1,DS1
47.81,97.89,59.61,1.3,70.07,0,DS1
89.6,68.1,78.88,24.6,64.38,0,DS1
40.15,52.32,53.32,59.1,56.07,0,DS1
89.93,98.52,62.35,45.599999999999994,71.02,1,DS1
55.74,89.74,58.61,49.400000000000006,50.85,0,DS1
93.08,62.72,66.78,66.10000000000001,72.8,0,DS1
81.49,70.44,83.94,23.5,86.25,1,DS1
79.97,93.11,74.97,28.1,98.04,0,DS1
61.92,67.87,96.65,68.4,53.93,1,DS1
43.56,78.37,60.64,53.8,64.06,0,DS1
89.8,76.74,68.21,1.5,74.71,0,DS1
50.25,70.06,66.49,67.0,58.52,0,DS1
62.34,81.98,61.8,62.0,55.84,1,DS1
76.02,73.66,99.66,7.9,72.62,0,DS1
68.94,51.06,69.36,74.80000000000001,79.04,0,DS1
51.92,90.72,97.03,52.199999999999996,91.01,0,DS1
48.44,55.66,69.52,20.5,99.89,0,DS1
47.39,73.2,60.2,55.9,88.71,1,DS1
91.78,79.0,55.96,59.5,61.07,0,DS1
41.89,85.28,92.78,92.0,87.4,0,DS1
98.62,70.54,51.6,74.2,76.86,0,DS1
51.91,86.78,98.22,30.2,72.54,0,DS1
46.62,56.57,70.91,11.799999999999999,96.79,0,DS1
74.62,82.67,62.37,85.3,85.1,0,DS1
44.8,91.32,80.87,84.60000000000001,84.08,0,DS1
76.15,94.47,56.65,17.5,50.59,0,DS1
91.04,74.81,53.61,6.2,93.25,0,DS1
42.87,65.64,91.39,71.2,89.67,0,DS1
87.99,58.17,71.23,72.30000000000001,64.95,0,DS1
63.67,67.28,75.91,17.7,64.61,0,DS1
49.57,77.0,58.83,66.8,52.67,0,DS1
50.57,59.82,53.07,27.9,52.54,0,DS1
95.13,97.63,68.39,26.099999999999998,83.43,0,DS1
46.64,94.86,75.31,32.5,59.31,0,DS1
92.01,51.65,88.27,52.0,96.18,1,DS1
72.65,78.1,75.05,80.39999999999999,92.12,1,DS1
42.34,89.47,89.13,49.900000000000006,67.44,0,DS1
67.87,62.27,55.77,29.8,69.0,0,DS1
89.05,76.19,53.2,88.4,66.36,0,DS1
83.57,70.3,57.94,5.5,54.62,1,DS1
69.33,59.83,88.6,79.7,51.57,0,DS1
91.6,80.74,87.97,78.4,72.61,0,DS1
47.22,99.68,57.07,25.4,97.15,0,DS1
94.6,68.26,51.55,19.8,95.86,0,DS1
90.79,77.62,84.26,87.5,90.49,0,DS1
82.5,66.39,92.76,55.9,81.43,0,DS1
89.07,93.85,87.71,4.6000000000000005,92.81,0,DS1
72.63,74.81,60.14,89.1,75.75,0,DS1
80.51,58.94,79.19,34.900000000000006,59.01,0,DS1
73.64,95.0,87.87,34.2,84.21,0,DS1
61.33,57.58,62.79,64.3,96.03,0,DS1
74.13,54.77,76.39,66.10000000000001,50.98,0,DS1
55.45,82.65,65.72,35.3,62.57,0,DS1
66.42,69.3,61.28,14.299999999999999,63.27,0,DS1
56.85,76.54,98.48,55.199999999999996,54.95,0,DS1
47.37,82.63,95.63,62.5,61.27,0,DS1
59.31,52.64,72.28,86.0,69.2,0,DS1
91.12,64.65,56.84,48.4,96.99,0,DS1
62.86,73.05,86.4,64.6,93.01,0,DS1
84.88,63.33,62.79,5.4,97.3,0,DS1
50.51,52.45,58.43,89.5,56.03,0,DS1
65.47,54.33,69.08,32.7,51.4,0,DS1
46.89,90.09,76.49,63.2,55.49,1,DS1
48.32,95.57,54.87,91.6,95.71,0,DS1
77.05,57.61,78.59,81.1,57.87,0,DS1
76.45,74.81,50.77,63.8,78.63,0,DS1
52.8,82.61,94.59,70.4,61.38,0,DS1
68.47,97.71,96.04,92.10000000000001,51.03,0,DS1
91.8,64.98,86.65,81.19999999999999,54.23,0,DS1
50.45,92.76,73.33,61.0,85.49,0,DS1
41.15,75.3,62.74,65.9,59.12,0,DS1
79.12,97.83,87.21,14.7,61.46,0,DS1
43.21,56.81,96.59,47.0,68.86,0,DS1
98.8,74.81,57.93,30.099999999999998,82.86,1,DS1
76.58,72.05,73.29,43.2,73.47,0,DS1
68.22,97.65,65.76,66.2,97.23,0,DS1
65.8,72.93,67.84,14.9,71.71,0,DS1
74.38,76.5,70.29,1.7000000000000002,59.96,0,DS1
45.44,90.24,97.59,39.7,76.81,1,DS1
95.8,86.13,62.93,32.2,72.54,0,DS1
77.54,80.98,74.63,42.0,89.36,0,DS1
51.04,70.85,97.57,93.10000000000001,96.76,0,DS1
73.75,89.62,73.8,70.7,91.81,0,DS1
48.0,97.41,93.18,32.7,69.45,0,DS1
41.05,50.49,52.94,17.9,60.81,0,DS1
77.83,79.39,97.65,61.8,95.72,0,DS1
78.91,93.3,59.38,65.8,69.3,0,DS1
75.02,82.66,99.0,48.4,88.51,0,DS1
51.01,90.04,58.78,21.299999999999997,99.48,0,DS1
76.21,94.75,72.22,2.9,78.87,1,DS1
43.39,87.55,65.43,26.6,73.99,0,DS1
76.55,74.81,71.66,45.7,84.99,1,DS1
73.24,98.24,62.53,78.8,59.7,0,DS1
79.32,93.18,98.27,85.39999999999999,74.41,0,DS1
93.73,90.77,65.29,41.3,65.62,0,DS1
91.02,54.32,82.66,79.6,58.21,0,DS1
98.84,74.81,56.87,99.3,80.51,0,DS1
98.57,77.84,91.22,71.7,78.79,0,DS1
86.34,85.48,77.13,72.9,88.06,0,DS1
97.39,65.16,98.97,91.0,93.65,0,DS1
92.04,54.67,71.17,33.8,61.02,0,DS1
83.65,65.55,59.77,1.1,88.99,0,DS1
44.52,74.81,67.3,98.69999999999999,68.37,0,DS1
42.94,93.87,86.85,49.0,81.44,0,DS1
90.26,95.65,82.96,78.60000000000001,92.51,0,DS1
69.38,68.94,88.92,81.19999999999999,62.81,1,DS1
88.88,68.63,53.67,39.8,80.05,0,DS1
58.78,70.34,79.02,54.1,74.02,0,DS1
63.86,68.79,96.61,54.0,89.53,0,DS1
82.01,83.31,55.4,22.0,84.86,0,DS1
94.92,67.92,54.72,11.799999999999999,88.48,0,DS1
45.27,51.02,85.83,54.400000000000006,64.4,0,DS1
91.69,71.95,65.76,12.0,85.22,1,DS1
87.58,61.21,82.93,34.6,80.29,0,DS1
58.93,51.44,77.27,18.6,72.83,0,DS1
61.31,73.54,99.3,70.7,68.92,0,DS1
42.79,60.3,94.45,87.2,66.58,0,DS1
40.94,72.64,83.9,57.800000000000004,50.48,0,DS1
68.62,63.89,63.08,41.0,58.48,0,DS1
45.73,80.19,63.1,99.7,52.95,1,DS1
51.64,99.54,94.11,2.1,92.42,0,DS1
90.81,77.36,79.27,30.4,93.0,1,DS1
74.26,82.34,89.46,27.9,92.31,0,DS1
78.02,95.96,72.49,35.6,90.9,0,DS1
51.25,68.7,55.15,23.1,61.07,0,DS1
89.72,74.81,66.63,26.400000000000002,74.59,0,DS1
92.08,64.14,58.06,25.8,95.39,0,DS1
71.4,70.14,89.09,50.599999999999994,87.99,0,DS1
94.75,82.25,85.03,39.1,50.09,0,DS1
90.69,50.23,54.42,63.9,72.97,0,DS1
83.88,92.67,81.07,51.4,50.53,0,DS1
84.04,53.8,93.71,18.3,64.03,0,DS1
46.32,95.03,84.87,81.0,71.79,0,DS1
56.25,97.47,75.56,47.199999999999996,94.64,1,DS1
44.01,99.51,65.59,15.3,82.72,0,DS1
40.52,74.81,94.35,16.7,68.12,0,DS1
49.5,57.09,71.14,79.7,74.53,1,DS1
92.83,85.31,92.77,70.3,90.87,0,DS1
54.39,60.17,89.15,50.7,64.98,0,DS1
98.21,94.86,90.81,30.6,80.75,0,DS1
75.84,65.83,99.49,46.1,63.11,0,DS1
54.24,66.34,87.44,63.6,74.0,0,DS1
69.83,95.88,51.7,87.89999999999999,51.23,0,DS1
53.15,50.66,60.27,55.599999999999994,92.61,0,DS1
99.04,59.7,51.76,27.7,52.42,0,DS1
90.84,74.81,59.5,4.3,61.22,0,DS1
41.57,85.04,53.07,17.5,66.68,0,DS1
96.87,82.38,75.08,65.0,81.26,1,DS1
83.26,83.47,51.41,16.0,86.0,0,DS1
44.94,94.0,73.63,48.2,54.02,0,DS1
80.24,56.05,94.94,69.9,52.17,1,DS1
78.82,76.11,87.43,30.8,89.95,0,DS1
53.13,86.27,97.2,66.9,85.61,1,DS1
85.51,81.81,61.33,58.099999999999994,91.58,0,DS1
45.22,72.42,76.55,43.9,83.83,0,DS1
69.37,50.86,65.93,89.7,87.55,1,DS1
40.6,53.02,74.69,69.2,68.95,0,DS1
98.12,55.95,77.85,36.1,79.51,0,DS1
85.09,67.16,51.81,80.39999999999999,90.27,1,DS1
49.53,55.88,61.66,73.8,58.61,0,DS1
60.5,71.3,85.24,79.2,71.14,0,DS1
49.63,58.93,88.65,64.1,87.02,0,DS1
86.0,88.96,78.47,37.9,76.63,0,DS1
43.53,93.57,63.54,34.900000000000006,84.08,0,DS1
90.42,69.48,70.25,65.4,64.64,0,DS1
96.53,75.57,54.8,13.100000000000001,51.62,0,DS1
80.6,97.67,97.66,82.0,51.46,0,DS1
52.78,76.78,93.43,37.0,97.14,0,DS1
61.61,74.81,53.28,63.0,97.23,0,DS1
68.63,57.11,58.32,49.900000000000006,60.56,0,DS1
76.28,93.11,79.05,51.900000000000006,57.37,0,DS1
80.12,74.86,61.62,73.8,50.91,0,DS1
73.25,51.14,96.72,62.699999999999996,61.56,0,DS1
61.08,98.61,87.78,25.0,66.72,1,DS1
93.46,98.25,63.66,7.4,62.06,0,DS1
44.88,69.16,50.31,84.0,89.87,0,DS1
67.98,97.71,89.97,88.5,87.47,0,DS1
86.53,57.05,71.2,16.4,54.05,0,DS1
43.65,84.01,82.12,30.9,84.87,1,DS1
82.32,59.6,64.35,28.2,76.03,0,DS1
89.18,62.33,57.14,93.69999999999999,56.61,1,DS1
79.65,88.97,83.77,20.5,86.98,1,DS1
40.78,68.87,72.52,16.7,54.3,0,DS1
50.81,50.36,61.76,18.2,58.86,0,DS1
60.53,70.71,56.88,73.0,57.46,1,DS1
54.02,61.4,79.02,88.80000000000001,96.95,1,DS1
97.76,84.17,86.28,39.300000000000004,84.91,1,DS1
79.1,59.72,64.19,13.600000000000001,70.56,1,DS1
57.82,92.11,86.76,58.6,91.11,1,DS1
95.78,63.35,59.16,21.0,60.8,0,DS1
84.44,69.65,66.92,6.4,96.55,0,DS1
57.08,64.9,87.24,88.6,84.85,0,DS1
62.73,82.2,83.01,87.10000000000001,77.98,0,DS1
51.97,55.06,63.53,97.6,89.73,0,DS1
98.26,73.9,56.11,47.400000000000006,82.24,0,DS1
71.04,74.81,52.12,29.4,94.36,0,DS1
93.76,74.81,91.9,77.0,91.46,0,DS1
60.79,53.67,53.76,18.0,59.89,0,DS1
91.65,74.81,55.74,24.3,61.98,0,DS1
43.23,58.38,61.89,25.6,53.25,0,DS1
98.93,54.43,72.28,95.19999999999999,61.01,0,DS1
94.72,60.12,89.49,73.0,67.17,1,DS1
61.79,55.13,62.37,13.4,51.44,0,DS1
86.48,76.05,77.18,9.3,65.75,0,DS1
85.14,99.41,54.52,84.3,88.58,1,DS1
94.08,51.72,73.23,80.19999999999999,92.02,0,DS1
58.44,73.06,58.88,67.1,50.44,1,DS1
67.93,69.3,60.56,19.6,50.36,0,DS1
91.9,66.98,68.34,48.0,57.32,0,DS1
86.71,66.59,88.07,60.300000000000004,93.63,0,DS1
63.61,94.75,87.2,93.2,73.46,0,DS1
90.74,74.81,70.75,16.9,99.15,1,DS1
42.82,88.75,55.93,51.5,94.37,0,DS1
86.92,62.65,64.03,15.8,94.51,0,DS1
52.41,69.16,75.27,44.400000000000006,56.42,0,DS1
57.17,71.01,93.47,20.0,73.76,0,DS1
69.59,65.24,98.41,83.6,99.68,1,DS1
66.98,54.68,81.87,25.5,57.45,1,DS1
71.23,55.72,67.53,41.7,78.71,0,DS1
72.69,64.91,84.67,40.8,67.21,0,DS1
59.89,91.09,66.81,86.6,69.39,1,DS1
50.51,56.73,81.27,75.8,94.54,0,DS1
86.11,74.81,62.19,5.8,79.4,0,DS1
64.0,64.44,63.35,6.7,87.94,0,DS1
70.35,94.17,53.76,55.099999999999994,83.66,0,DS1
78.68,71.42,71.01,42.800000000000004,76.45,0,DS1
94.58,58.59,80.91,27.599999999999998,89.59,0,DS1
82.45,99.29,89.44,79.3,98.54,0,DS1
42.73,58.83,90.52,12.9,98.34,1,DS1
90.31,78.38,99.62,97.4,89.47,1,DS1
99.36,78.46,54.39,2.4,74.37,0,DS1
68.35,68.64,74.66,11.799999999999999,58.16,0,DS1
98.18,97.57,76.07,31.099999999999998,52.22,0,DS1
72.84,92.19,90.23,50.9,61.57,0,DS1
67.58,91.49,63.32,21.6,67.01,0,DS1
59.88,74.81,53.47,73.60000000000001,56.49,0,DS1
79.45,72.86,65.69,35.8,61.24,1,DS1
53.79,54.86,99.2,3.9000000000000004,54.18,0,DS1
46.3,88.27,94.97,87.8,76.18,0,DS1
41.63,69.04,69.76,94.39999999999999,56.32,1,DS1
57.54,59.52,93.81,61.900000000000006,87.14,0,DS1
63.75,74.16,51.64,80.7,66.63,0,DS1
73.12,96.29,65.71,12.1,83.6,0,DS1
57.56,58.57,86.34,26.9,94.13,0,DS1
99.04,92.43,61.07,32.5,54.3,0,DS1
57.5,70.91,59.92,96.1,99.45,0,DS1
66.46,74.81,93.09,51.2,82.26,1,DS1
46.2,92.42,80.8,0.7000000000000001,52.67,0,DS1
55.64,98.48,99.45,38.0,65.7,0,DS1
42.9,64.56,56.73,0.8,94.31,0,DS1
73.57,65.18,67.81,23.799999999999997,79.81,0,DS1
85.06,69.53,65.56,45.5,64.36,1,DS1
51.74,90.71,94.01,32.3,97.02,0,DS1
62.07,50.52,62.76,3.3000000000000003,89.36,0,DS1
41.0,61.2,67.67,11.6,86.78,1,DS1
90.37,85.29,57.14,55.099999999999994,94.42,0,DS1
86.8,70.28,88.77,69.6,88.49,0,DS1
43.8,66.51,61.89,40.5,64.34,0,DS1
61.89,93.61,53.42,73.1,79.19,0,DS1
97.32,95.87,71.76,16.299999999999997,92.11,0,DS1
63.52,97.4,69.57,12.2,59.04,0,DS1
71.57,63.63,58.88,83.9,58.15,0,DS1
61.31,95.63,56.68,33.9,57.95,0,DS1
75.77,86.85,94.83,43.2,59.71,0,DS1
98.69,57.71,53.39,94.80000000000001,55.16,0,DS1
99.85,80.51,54.97,42.400000000000006,91.88,0,DS1
86.48,51.32,62.25,0.3,90.92,0,DS1
64.26,85.42,97.64,93.80000000000001,57.57,0,DS1
69.67,86.68,54.27,1.4000000000000001,85.28,0,DS1
61.4,89.47,90.8,66.2,81.35,0,DS1
99.13,58.63,94.6,32.3,63.81,0,DS1
82.47,74.81,68.89,47.0,61.37,0,DS1
66.94,58.94,64.69,54.699999999999996,62.53,0,DS1
40.73,97.33,83.87,40.8,86.53,0,DS1
71.23,83.75,85.13,77.4,65.97,0,DS1
99.04,54.77,89.0,93.10000000000001,63.9,0,DS1
71.38,74.81,91.53,8.6,51.12,0,DS1
50.95,74.81,63.42,80.0,95.41,0,DS1
41.33,73.83,84.35,12.9,87.64,0,DS1
61.28,74.81,56.75,8.0,73.64,0,DS1
95.09,64.04,75.54,95.60000000000001,97.15,1,DS1
99.79,82.9,80.64,48.9,64.68,1,DS1
96.72,58.85,58.09,15.3,83.74,0,DS1
83.77,77.19,53.83,57.0,65.26,0,DS1
73.49,97.89,59.74,26.299999999999997,65.73,0,DS1
75.44,81.41,71.03,46.4,92.24,0,DS1
72.34,52.5,94.39,62.5,89.35,0,DS1
82.42,99.44,76.6,86.89999999999999,64.71,0,DS1
65.13,57.84,87.42,0.3,54.07,0,DS1
80.15,85.9,58.71,21.400000000000002,67.88,0,DS1
47.3,76.63,55.3,9.6,88.0,0,DS1
55.94,64.72,61.98,9.7,55.03,0,DS1
90.16,58.87,65.69,94.60000000000001,83.61,0,DS1
94.22,58.89,77.41,93.6,94.49,1,DS1
72.34,92.92,94.06,74.9,58.96,1,DS1
41.9,93.65,71.3,64.3,93.11,1,DS1
95.62,73.26,75.94,84.80000000000001,52.57,0,DS1
82.12,55.18,50.23,5.8,83.34,0,DS1
64.84,94.21,51.67,11.899999999999999,89.55,0,DS1
75.9,74.81,54.19,31.7,72.24,0,DS1
65.79,71.94,84.95,83.2,60.19,1,DS1
67.92,70.37,74.31,47.199999999999996,96.24,0,DS1
93.21,68.25,59.65,50.4,51.0,0,DS1
49.67,76.3,79.63,22.9,77.75,0,DS1
46.22,80.23,77.23,64.80000000000001,68.64,0,DS1
40.16,73.32,54.44,88.80000000000001,73.05,0,DS1
58.84,74.81,82.02,33.0,76.83,0,DS1
48.84,65.88,88.36,61.900000000000006,76.74,0,DS1
53.2,74.81,64.33,33.199999999999996,60.18,1,DS1
40.67,65.0,84.37,79.3,83.99,0,DS1
53.63,87.67,59.99,47.5,50.96,0,DS1
59.96,74.81,87.84,33.9,51.06,0,DS1
41.89,59.43,95.59,42.0,73.92,0,DS1
76.47,90.06,72.09,9.1,77.1,0,DS1
74.13,74.81,62.23,86.6,63.74,1,DS1
45.82,81.29,69.96,95.8,77.58,0,DS1
75.7,98.51,62.5,47.699999999999996,75.81,0,DS1
99.92,76.14,50.06,22.1,67.46,0,DS1
96.67,59.37,82.52,66.5,82.59,0,DS1
40.16,66.03,52.13,45.199999999999996,97.9,1,DS1
87.72,91.17,60.52,25.2,74.54,1,DS1
61.22,67.58,86.12,3.8,89.3,0,DS1
43.82,86.18,83.29,89.0,62.38,1,DS1
57.76,88.87,53.67,79.7,88.1,1,DS1
59.3,75.06,83.0,82.89999999999999,82.45,0,DS1
71.39,89.16,96.53,44.0,81.98,0,DS1
79.67,65.85,53.73,75.3,94.65,0,DS1
84.94,74.81,70.78,58.099999999999994,61.67,0,DS1
54.75,84.33,86.47,37.5,68.42,0,DS1
59.31,58.4,83.39,84.3,54.15,0,DS1
58.5,63.68,61.33,99.9,86.31,0,DS1
61.76,74.81,58.15,89.9,92.19,0,DS1
99.98,74.81,89.21,77.6,70.29,0,DS1
86.68,74.67,97.81,74.80000000000001,67.84,0,DS1
98.5,74.81,88.38,65.0,82.93,0,DS1
81.59,74.1,98.16,85.39999999999999,53.78,1,DS1
64.38,94.07,80.25,49.3,64.69,1,DS1
63.38,86.8,96.45,18.2,68.31,1,DS1
69.31,65.73,84.52,76.8,75.93,0,DS1
65.01,69.76,95.44,92.0,73.83,0,DS1
89.7,83.38,58.08,34.1,60.43,0,DS1
67.9,74.81,90.78,78.3,77.04,0,DS1
57.74,58.94,59.84,27.400000000000002,96.29,0,DS1
86.49,75.73,51.37,94.3,51.35,0,DS1
91.27,55.94,75.88,68.3,84.02,0,DS1
65.23,63.97,65.91,56.900000000000006,81.24,0,DS1
80.07,84.3,52.18,78.0,96.22,0,DS1
43.53,53.89,99.02,81.30000000000001,82.27,0,DS1
71.77,83.12,83.32,89.2,81.24,0,DS1
42.7,95.04,95.09,90.1,88.49,0,DS1
41.75,98.47,99.95,5.300000000000001,63.39,1,DS1
76.78,60.83,69.6,12.3,79.79,0,DS1
58.2,87.44,62.74,82.6,75.97,0,DS1
84.55,96.32,59.19,94.60000000000001,71.92,0,DS1
93.76,54.57,75.76,30.8,53.97,0,DS1
48.36,70.7,80.3,0.8999999999999999,64.63,0,DS1
83.47,95.97,73.62,32.3,64.0,1,DS1
70.87,60.14,69.36,38.3,86.21,0,DS1
46.73,96.69,58.41,76.10000000000001,96.03,0,DS1
79.1,76.36,72.09,4.8,61.54,0,DS1
76.57,54.99,54.26,21.299999999999997,53.73,0,DS1
70.94,72.49,93.25,89.39999999999999,100.0,0,DS1
95.59,66.31,52.35,15.5,84.56,0,DS1
71.26,64.11,69.03,75.9,94.32,0,DS1
99.43,77.07,55.01,36.1,57.19,0,DS1
70.55,74.18,88.75,66.3,90.04,0,DS1
46.95,74.1,65.64,7.4,90.67,0,DS1
68.23,54.41,55.66,28.700000000000003,57.57,0,DS1
50.94,90.12,76.57,42.5,58.07,0,DS1
75.83,74.07,95.81,85.7,64.77,0,DS1
81.59,91.05,95.43,56.3,60.84,0,DS1
68.11,91.23,62.48,4.5,98.77,0,DS1
45.86,65.86,85.98,80.19999999999999,68.15,0,DS1
68.12,50.22,51.51,5.5,88.07,0,DS1
44.89,95.56,56.59,93.4,90.25,0,DS1
80.93,74.81,74.97,21.200000000000003,69.3,1,DS1
87.42,55.36,61.44,48.8,84.13,1,DS1
97.74,85.09,89.91,7.199999999999999,55.39,0,DS1
48.93,51.0,96.55,56.2,69.85,0,DS1
71.95,51.39,50.22,49.699999999999996,98.37,0,DS1
74.05,74.81,61.65,41.0,58.43,0,DS1
95.35,54.8,71.98,3.5999999999999996,69.29,0,DS1
77.64,98.22,78.15,87.89999999999999,89.53,0,DS1
48.73,94.69,95.8,80.3,83.27,0,DS1
66.18,82.49,94.59,63.3,81.58,0,DS1
79.29,53.19,81.86,57.199999999999996,92.66,0,DS1
82.02,66.24,62.87,69.5,51.45,0,DS1
91.78,68.59,89.16,14.399999999999999,88.56,1,DS1
50.83,74.04,60.13,93.3,94.13,0,DS1
97.09,58.45,98.26,28.5,50.81,1,DS1
43.55,78.88,50.29,65.6,77.95,0,DS1
99.03,71.79,78.49,60.7,67.43,0,DS1
91.47,74.81,54.42,63.7,52.54,0,DS1
79.62,96.81,70.38,87.89999999999999,70.89,0,DS1
84.1,78.27,81.75,29.6,82.2,0,DS1
44.36,82.22,84.48,74.9,95.95,1,DS1
42.49,56.89,89.28,59.800000000000004,81.03,0,DS1
46.11,61.17,79.67,7.6,92.84,0,DS1
45.24,95.04,62.57,41.4,56.08,0,DS1
72.84,84.96,94.46,83.80000000000001,60.53,0,DS1
52.93,59.47,90.56,31.5,98.51,1,DS1
91.61,78.51,58.0,48.2,94.37,0,DS1
66.74,96.74,91.33,48.9,61.76,0,DS1
81.73,67.26,98.63,61.8,81.05,0,DS1
79.17,59.29,81.86,88.4,68.13,0,DS1
59.19,97.1,64.09,17.4,73.43,0,DS1
54.59,73.06,80.33,50.5,93.04,0,DS1
60.55,70.86,67.13,42.400000000000006,86.79,0,DS1
87.8,63.38,83.8,29.6,61.92,0,DS1
75.18,94.58,77.24,92.0,65.8,0,DS1
55.21,92.28,96.47,0.8,64.49,1,DS1
89.07,70.15,80.9,12.2,89.03,0,DS1
43.29,51.53,60.7,73.3,74.5,1,DS1
81.95,72.33,86.26,26.299999999999997,97.54,0,DS1
66.35,59.04,65.04,72.30000000000001,90.83,0,DS1
83.88,57.14,63.62,83.2,60.56,0,DS1
95.65,69.65,69.59,25.5,89.3,0,DS1
85.0,54.95,50.6,19.2,75.3,0,DS1
66.52,97.87,98.46,14.5,62.69,0,DS1
49.06,74.81,76.62,20.0,68.17,1,DS1
88.38,74.81,88.67,26.7,98.61,1,DS1
67.64,58.14,62.89,86.89999999999999,74.2,0,DS1
44.52,74.81,87.33,77.0,85.98,0,DS1
83.14,53.94,78.36,0.2,73.85,0,DS1
57.51,77.34,71.21,87.4,68.58,0,DS1
42.93,88.66,98.53,7.9,89.82,0,DS1
94.17,97.5,74.69,65.5,92.42,1,DS1
68.99,84.93,82.87,15.1,53.59,0,DS1
56.86,74.81,50.77,6.2,63.95,0,DS1
82.98,54.43,65.07,76.0,75.39,1,DS1
93.15,86.58,94.43,46.7,65.82,0,DS1
40.02,60.77,87.95,59.900000000000006,89.18,0,DS1
81.27,72.36,76.84,42.5,55.74,1,DS1
86.02,98.83,95.01,6.7,89.89,1,DS1
52.6,91.0,74.31,74.0,80.89,0,DS1
69.38,92.33,78.33,82.0,64.47,1,DS1
45.36,93.04,69.11,4.1,67.22,0,DS1
84.8,80.98,81.0,37.599999999999994,59.14,0,DS1
90.85,74.81,65.95,55.7,62.63,1,DS1
46.49,67.95,69.27,60.5,85.86,0,DS1
88.99,74.81,98.32,57.800000000000004,68.79,0,DS1
86.29,63.98,55.57,69.3,84.37,0,DS1
60.81,79.5,55.26,96.7,75.71,0,DS1
81.42,64.1,52.17,39.1,57.26,0,DS1
40.0,55.6,66.0,55.7,74.95,1,DS1
95.91,78.38,69.91,69.9,87.82,0,DS1
73.02,67.67,54.73,59.2,64.88,0,DS1
77.22,79.16,77.46,38.7,82.4,0,DS1
79.88,77.93,79.17,62.400000000000006,59.95,0,DS1
73.68,77.11,87.55,65.0,56.78,0,DS1
91.41,56.17,98.8,58.5,68.01,1,DS1
76.58,72.01,80.97,20.5,69.46,0,DS1
94.47,90.6,55.58,50.599999999999994,88.05,0,DS1
74.94,65.76,54.43,88.4,73.0,0,DS1
50.27,72.19,88.88,86.89999999999999,54.06,1,DS1
94.81,74.69,82.52,75.1,81.7,0,DS1
80.9,93.14,58.1,69.7,73.46,0,DS1
81.95,82.78,62.67,15.3,66.58,0,DS1
99.13,55.01,87.51,45.9,90.11,0,DS1
44.51,93.26,78.31,11.100000000000001,57.72,0,DS1
65.72,91.6,79.25,81.7,95.66,0,DS1
54.35,87.68,60.5,29.1,66.7,0,DS1
77.83,73.3,81.45,76.7,73.05,0,DS1
88.41,87.88,88.53,81.5,96.46,0,DS1
97.98,73.94,94.26,89.2,88.06,0,DS1
67.28,86.83,86.84,75.4,53.72,0,DS1
87.17,94.01,78.82,56.5,78.91,1,DS1
95.02,94.53,83.66,59.800000000000004,65.52,0,DS1
81.0,72.73,74.26,32.1,75.42,0,DS1
54.56,92.97,61.34,17.7,87.15,0,DS1
76.47,74.81,94.11,13.100000000000001,74.81,0,DS1
98.2,55.09,76.63,18.2,53.55,0,DS1
99.25,77.41,79.72,93.4,76.5,0,DS1
78.54,82.59,99.51,16.4,51.21,0,DS1
93.22,57.65,99.25,72.4,67.42,1,DS1
52.02,73.61,79.32,18.5,73.9,1,DS1
54.76,54.72,51.7,97.5,82.23,0,DS1
97.17,80.1,69.81,36.7,75.31,0,DS1
48.11,92.75,96.86,41.2,57.6,1,DS1
51.47,86.88,64.42,40.5,96.61,0,DS1
65.23,68.91,99.96,81.6,82.51,0,DS1
75.38,99.69,54.22,21.8,65.85,0,DS1
76.23,83.15,78.41,83.10000000000001,98.3,0,DS1
57.52,90.76,75.77,65.7,94.13,0,DS1
95.24,83.48,62.77,22.0,57.17,0,DS1
94.91,99.47,97.43,6.5,82.77,0,DS1
63.52,91.07,80.96,77.5,78.0,0,DS1
66.06,75.97,61.51,21.9,59.64,0,DS1
82.15,68.34,69.2,88.9,61.67,0,DS1
79.78,84.11,86.06,13.0,78.19,0,DS1
62.94,79.51,64.88,61.6,66.06,0,DS1
64.85,81.47,93.98,69.2,91.74,0,DS1
60.88,67.15,58.28,65.8,54.89,0,DS1
54.12,71.44,63.23,31.6,95.7,0,DS1
67.49,77.9,57.24,87.6,92.03,0,DS1
81.19,91.96,55.21,77.0,86.93,0,DS1
84.52,88.15,65.02,51.0,63.13,0,DS1
86.73,74.81,99.96,60.300000000000004,85.75,0,DS1
62.48,62.28,54.72,56.6,71.94,1,DS1
85.88,51.33,60.65,94.7,81.69,0,DS1
40.39,74.81,63.58,89.60000000000001,65.63,0,DS1
68.62,61.22,80.96,23.5,91.79,0,DS1
87.63,89.97,87.27,26.299999999999997,52.03,0,DS1
77.8,95.24,87.6,98.10000000000001,84.57,0,DS1
68.44,69.59,50.43,23.700000000000003,91.43,0,DS1
78.68,78.16,82.59,95.3,82.32,0,DS1
94.42,85.3,81.54,65.0,59.6,0,DS1
73.98,97.65,75.88,5.0,64.25,0,DS1
87.99,95.65,68.96,33.6,75.75,1,DS1
98.84,52.86,89.87,47.599999999999994,66.47,0,DS1
82.33,62.41,67.19,83.3,50.25,0,DS1
74.4,52.46,61.5,32.9,52.03,1,DS1
42.25,80.83,65.5,31.099999999999998,88.39,0,DS1
62.47,85.52,71.98,92.0,54.19,1,DS1
73.93,74.81,60.7,7.9,96.4,0,DS1
87.83,92.69,80.38,55.199999999999996,72.14,0,DS1
66.29,72.64,94.21,50.4,87.91,1,DS1
97.6,99.92,79.77,5.699999999999999,56.28,0,DS1
56.31,50.02,72.33,8.8,96.33,0,DS1
84.67,55.47,89.84,38.199999999999996,51.69,0,DS1
65.14,65.09,87.4,13.4,52.11,0,DS1
69.16,51.28,68.35,47.800000000000004,52.73,0,DS1
88.15,89.12,80.21,60.9,55.17,0,DS1
57.77,52.64,86.49,69.1,74.34,0,DS1
45.81,87.45,62.27,54.6,89.41,1,DS1
71.22,52.63,68.31,38.0,64.25,0,DS1
71.73,62.64,55.29,13.0,87.29,0,DS1
87.83,74.81,99.38,24.700000000000003,88.7,0,DS1
98.1,74.81,54.29,41.900000000000006,95.41,0,DS1
43.32,70.73,58.43,92.4,57.47,0,DS1
75.5,98.5,73.99,20.299999999999997,56.78,0,DS1
80.88,81.34,93.26,41.3,56.1,1,DS1
99.15,70.79,67.79,73.2,67.97,0,DS1
96.56,90.14,88.43,70.5,74.47,0,DS1
82.75,64.77,83.8,96.6,73.08,0,DS1
71.31,74.81,81.93,19.099999999999998,62.85,0,DS1
49.69,82.83,92.25,1.7000000000000002,81.1,0,DS1
63.05,69.52,50.71,32.2,66.91,1,DS1
75.11,56.8,96.46,15.0,68.3,1,DS1
83.51,74.81,91.46,54.800000000000004,55.28,0,DS1
78.12,89.39,96.89,89.9,79.61,0,DS1
82.85,83.8,89.68,68.8,82.76,1,DS1
65.75,70.59,93.93,13.600000000000001,87.9,0,DS1
83.66,94.81,60.15,11.6,95.2,1,DS1
48.62,70.54,65.96,91.1,88.3,0,DS1
49.76,74.81,65.76,48.8,61.79,0,DS1
49.77,74.81,55.46,92.4,61.78,0,DS1
93.45,92.04,86.48,73.60000000000001,95.75,0,DS1
44.56,75.56,56.81,99.3,89.51,0,DS1
88.09,84.03,52.63,87.10000000000001,89.11,0,DS1
54.01,70.68,88.77,41.4,85.99,0,DS1
68.11,82.36,95.23,75.8,63.36,0,DS1
94.96,62.88,88.21,47.1,92.37,0,DS1
75.16,71.74,91.27,23.3,57.14,0,DS1
52.61,60.48,79.78,24.1,67.5,0,DS1
57.05,51.91,94.39,39.7,67.32,0,DS1
95.23,79.43,74.84,11.100000000000001,78.01,0,DS1
65.63,93.22,99.42,17.8,73.17,0,DS1
75.22,51.28,55.17,50.099999999999994,72.99,1,DS1
67.6,59.8,90.46,95.39999999999999,77.68,0,DS1
62.71,73.01,82.07,57.800000000000004,70.77,0,DS1
53.4,83.29,79.03,40.8,62.5,0,DS1
81.17,58.56,86.29,24.3,83.21,1,DS1
83.09,52.83,92.01,19.6,89.53,0,DS1
56.49,75.95,93.14,65.8,73.95,1,DS1
87.34,90.94,58.77,84.80000000000001,82.47,0,DS1
91.27,51.76,59.85,39.900000000000006,76.77,0,DS1
95.24,67.47,50.81,55.099999999999994,52.95,0,DS1
49.67,83.18,56.59,70.7,71.15,0,DS1
58.24,56.54,63.19,5.8,50.49,0,DS1
91.62,61.8,86.05,35.099999999999994,83.09,1,DS1
51.91,76.77,73.79,73.0,75.41,0,DS1
40.21,97.66,87.9,68.5,56.34,0,DS1
92.25,64.37,74.33,5.300000000000001,77.11,0,DS1
59.59,74.38,77.78,23.799999999999997,94.92,0,DS1
64.87,70.0,55.55,68.0,67.02,1,DS1
66.78,94.87,88.83,27.1,99.12,1,DS1
90.9,53.59,87.91,81.4,97.97,0,DS1
60.27,78.31,65.38,3.0,89.27,0,DS1
93.54,92.31,66.43,19.0,90.69,0,DS1
77.02,74.81,60.98,28.1,70.53,0,DS1
71.64,84.94,90.69,92.5,70.13,1,DS1
59.54,69.0,87.35,79.6,97.72,0,DS1
54.62,70.59,80.46,88.4,68.31,1,DS1
77.44,67.58,61.94,44.0,54.84,0,DS1
66.81,74.81,58.59,82.30000000000001,57.64,0,DS1
94.63,86.97,52.51,85.3,85.52,0,DS1
69.5,90.97,52.28,40.0,69.15,1,DS1
70.71,74.81,59.36,99.39999999999999,59.97,0,DS1
65.0,85.84,55.03,85.1,90.69,0,DS1
87.36,95.81,77.81,97.4,74.43,0,DS1
65.49,96.04,67.9,86.6,78.38,0,DS1
56.16,85.2,72.25,77.6,57.7,0,DS1
91.72,81.85,79.7,94.39999999999999,59.64,0,DS1
75.81,76.58,82.96,42.0,56.29,0,DS1
75.49,59.16,82.41,78.3,75.73,0,DS1
76.65,74.81,63.04,21.299999999999997,88.78,0,DS1
83.13,74.29,90.48,73.3,86.61,0,DS1
58.78,57.97,95.89,78.5,63.06,0,DS1
42.03,78.85,65.8,71.7,92.58,0,DS1
88.64,82.29,50.85,85.0,55.28,0,DS1
47.73,76.28,94.96,41.3,55.7,1,DS1
83.31,51.82,96.18,54.5,92.47,0,DS1
44.94,52.89,52.55,1.1,62.22,0,DS1
62.52,74.81,50.25,14.6,85.41,0,DS1
43.78,57.68,90.82,64.4,50.45,0,DS1
71.33,99.49,65.07,56.2,54.68,0,DS1
79.19,67.22,95.73,19.7,80.46,0,DS1
50.29,64.6,60.84,24.3,59.12,0,DS1
62.3,52.61,93.06,34.4,51.41,0,DS1
95.81,81.77,53.43,71.6,73.35,0,DS1
66.54,82.61,63.03,61.0,66.53,0,DS1
88.15,58.77,98.66,7.0,90.11,0,DS1
95.63,95.96,61.56,76.0,90.94,0,DS1
98.46,90.02,56.65,26.299999999999997,80.72,0,DS1
93.9,61.52,92.85,67.2,64.65,1,DS1
59.04,74.29,55.89,12.3,73.08,0,DS1
97.75,72.92,54.87,99.80000000000001,85.11,0,DS1
88.74,67.43,66.17,8.0,53.47,0,DS1
90.23,90.88,81.77,74.2,66.62,0,DS1
40.91,55.46,85.54,54.1,91.12,0,DS1
97.25,70.77,94.06,8.6,70.3,0,DS1
86.69,71.4,77.05,2.7,81.23,0,DS1
86.08,73.44,69.67,36.3,54.82,0,DS1
44.89,74.81,67.94,80.19999999999999,88.85,0,DS1
53.95,60.91,92.35,4.1,55.02,1,DS1
97.74,55.15,86.19,70.4,93.08,0,DS1
70.04,80.89,95.27,65.5,55.33,0,DS1
63.87,58.69,98.2,26.6,94.54,0,DS1
90.4,53.75,65.0,7.7,68.19,0,DS1
45.24,71.33,76.48,91.5,81.23,0,DS1
65.02,60.98,81.59,30.0,92.33,0,DS1
62.54,68.06,58.19,11.100000000000001,50.51,0,DS1
60.99,62.99,52.67,68.2,63.28,0,DS1
58.46,54.63,93.39,21.7,95.42,0,DS1
52.6,78.02,76.78,47.599999999999994,69.41,0,DS1
50.37,51.35,78.54,5.0,85.32,0,DS1
78.42,98.32,77.75,99.3,57.0,0,DS1
95.16,74.81,87.75,44.800000000000004,83.92,0,DS1
70.53,84.76,57.28,99.9,53.66,0,DS1
57.88,90.52,80.7,38.6,85.87,0,DS1
49.55,63.96,73.47,34.8,66.19,0,DS1
89.81,87.44,94.85,91.5,73.29,0,DS1
98.29,91.62,75.98,32.9,58.31,0,DS1
60.95,62.07,97.15,43.2,81.39,1,DS1
57.46,99.62,67.66,7.800000000000001,66.88,0,DS1
76.09,51.03,98.34,95.5,69.17,0,DS1
86.52,60.85,93.76,8.5,82.61,1,DS1
67.32,89.0,79.21,77.1,58.94,0,DS1
77.8,59.71,67.69,53.9,92.6,0,DS1
82.99,84.91,68.8,6.1,86.96,1,DS1
97.64,92.78,88.64,0.2,78.89,0,DS1
49.9,97.96,79.03,93.6,56.42,0,DS1
99.84,73.71,70.08,74.2,84.36,0,DS1
63.53,74.81,81.8,68.60000000000001,50.9,1,DS1
83.39,70.58,86.66,43.9,90.22,0,DS1
74.34,60.91,51.15,23.900000000000002,65.19,0,DS1
69.2,75.7,54.49,68.0,55.86,0,DS1
81.88,82.49,54.72,60.8,58.22,0,DS1
63.75,72.9,61.6,72.6,98.16,0,DS1
47.57,78.35,71.35,36.6,88.69,0,DS1
69.33,70.82,90.18,98.69999999999999,61.89,0,DS1
71.31,76.24,67.55,6.7,98.17,1,DS1
52.11,97.63,50.87,8.0,57.01,0,DS1
96.14,74.99,74.17,91.7,86.68,0,DS1
53.65,62.66,99.83,64.80000000000001,82.84,0,DS1
64.55,87.94,67.45,32.599999999999994,91.07,0,DS1
49.3,74.81,98.06,76.2,69.08,0,DS1
72.15,90.81,55.07,45.300000000000004,70.09,0,DS1
58.46,52.84,58.65,2.1,81.23,0,DS1
69.36,66.61,86.21,65.1,69.91,0,DS1
53.48,54.72,75.06,24.3,52.07,1,DS1
43.23,54.27,88.26,11.5,86.49,1,DS1
86.75,82.92,93.18,22.5,82.05,0,DS1
78.47,69.27,62.55,47.599999999999994,71.19,0,DS1
60.44,93.57,84.14,5.0,65.14,0,DS1
42.85,75.82,80.38,88.3,66.04,0,DS1
91.93,64.77,93.08,56.0,87.05,0,DS1
50.19,86.04,71.51,29.3,86.46,0,DS1
95.84,74.81,52.59,68.7,90.95,0,DS1
68.72,89.98,78.71,80.39999999999999,88.11,0,DS1
60.42,74.81,97.94,61.4,87.9,0,DS1
84.51,58.35,50.73,20.2,62.59,0,DS1
92.61,83.52,62.01,11.0,55.08,0,DS1
62.24,69.58,65.8,86.0,88.09,0,DS1
64.44,73.16,88.29,23.5,54.93,0,DS1
65.99,96.08,66.16,2.0,99.11,0,DS1
95.34,68.0,61.95,64.3,93.75,0,DS1
81.55,80.6,82.43,15.3,76.67,0,DS1
54.86,68.17,52.32,99.1,67.61,0,DS1
51.1,54.74,58.53,87.0,76.34,0,DS1
53.82,72.68,70.4,60.8,86.72,1,DS1
55.81,79.85,67.78,83.4,87.82,0,DS1
53.81,70.38,67.36,47.1,53.68,0,DS1
79.51,69.53,55.43,78.8,90.24,0,DS1
46.96,91.02,68.04,64.7,82.07,0,DS1
63.24,51.48,89.9,2.9,52.03,0,DS1
77.5,64.78,70.69,94.9,65.66,0,DS1
57.45,90.59,79.31,86.1,75.53,0,DS1
43.92,96.03,58.18,95.3,59.42,0,DS1
44.91,70.61,53.49,73.1,57.76,0,DS1
47.56,94.44,94.0,41.2,50.71,0,DS1
90.15,59.95,66.57,20.7,95.58,0,DS1
79.47,61.07,67.52,18.0,52.81,0,DS1
43.87,74.81,93.88,14.5,68.3,0,DS1
63.46,95.16,85.39,22.1,60.29,0,DS1
56.72,61.14,87.81,55.099999999999994,87.05,0,DS1
74.68,52.97,84.1,68.4,85.36,0,DS1
71.37,74.81,55.29,31.400000000000002,90.31,0,DS1
68.87,63.07,97.9,54.900000000000006,80.84,0,DS1
58.87,88.07,95.46,34.1,79.58,0,DS1
48.27,75.5,61.81,69.7,70.36,0,DS1
84.54,72.78,90.2,98.80000000000001,81.82,1,DS1
92.79,79.21,70.47,68.89999999999999,55.76,0,DS1
96.65,94.51,84.19,5.8999999999999995,84.23,0,DS1
43.52,54.52,58.28,47.699999999999996,55.19,0,DS1
84.39,84.74,76.93,77.0,93.09,0,DS1
83.59,96.34,56.33,54.2,75.28,0,DS1
96.83,60.67,76.81,95.1,76.52,0,DS1
55.17,91.89,62.18,5.5,79.24,0,DS1
84.53,84.9,72.62,29.1,88.8,0,DS1
43.28,50.72,83.4,22.1,73.92,0,DS1
77.87,61.58,93.85,76.8,71.38,1,DS1
61.05,80.29,58.26,52.400000000000006,64.42,0,DS1
86.13,75.12,94.66,13.799999999999999,56.4,0,DS1
91.8,76.4,69.5,28.599999999999998,59.52,1,DS1
61.89,61.6,92.19,52.300000000000004,50.03,0,DS1
71.54,74.81,75.63,99.60000000000001,93.47,0,DS1
47.04,63.32,93.11,36.4,88.25,0,DS1
65.01,69.47,83.14,15.700000000000001,60.93,1,DS1
61.65,68.45,75.44,49.699999999999996,50.12,0,DS1
50.99,83.6,65.63,31.0,74.61,0,DS1
93.67,54.51,98.45,56.6,70.63,0,DS1
48.89,60.28,90.04,46.7,88.8,0,DS1
78.14,60.02,69.06,68.89999999999999,70.14,0,DS1
93.41,55.42,58.34,91.4,93.21,1,DS1
94.72,60.38,88.98,20.099999999999998,54.79,0,DS1
87.59,80.35,99.5,82.10000000000001,68.29,0,DS1
50.57,86.61,63.95,94.9,96.7,0,DS1
89.05,83.02,95.79,37.400000000000006,50.59,0,DS1
56.59,73.76,56.27,11.399999999999999,69.54,0,DS1
95.34,52.62,97.61,82.2,62.99,1,DS1
82.55,97.95,87.27,70.1,76.59,0,DS1
87.12,58.4,67.33,21.299999999999997,63.94,1,DS1
45.1,83.42,65.23,44.5,93.5,0,DS1
74.97,95.64,82.17,57.800000000000004,96.86,0,DS1
89.27,84.89,79.68,17.0,92.46,0,DS1
91.7,60.9,95.95,71.5,69.93,0,DS1
41.72,65.79,88.31,69.0,99.5,0,DS1
96.35,74.81,77.02,88.69999999999999,86.75,0,DS1
42.6,80.64,96.38,56.7,67.78,0,DS1
76.87,80.65,79.64,57.400000000000006,54.68,1,DS1
81.6,86.28,92.48,61.900000000000006,83.35,1,DS1
46.44,50.55,92.05,27.400000000000002,86.43,0,DS1
42.88,90.89,95.96,75.9,56.12,0,DS1
87.09,86.94,53.38,66.2,77.49,1,DS1
63.08,57.04,79.19,83.9,99.35,0,DS1
46.43,67.38,73.42,76.9,66.31,0,DS1
85.76,81.93,74.53,63.9,65.09,0,DS1
90.95,74.79,73.0,16.1,95.17,0,DS1
75.24,55.75,91.87,91.89999999999999,55.87,0,DS1
49.67,54.37,65.92,36.7,96.68,0,DS1
40.91,89.07,73.14,96.4,88.97,0,DS1
82.05,57.8,60.03,40.199999999999996,69.54,0,DS1
73.01,58.6,62.59,14.6,54.18,0,DS1
79.05,91.55,83.02,88.5,50.96,0,DS1
88.79,80.61,55.85,79.5,68.79,0,DS1
66.05,80.24,59.39,78.60000000000001,85.27,0,DS1
47.47,73.97,76.4,8.9,74.38,0,DS1
96.4,74.81,52.19,87.89999999999999,86.93,0,DS1
72.72,80.09,56.35,59.6,83.53,0,DS1
76.92,98.39,93.17,47.0,78.65,1,DS1
96.0,61.15,92.31,91.30000000000001,98.37,0,DS1
95.9,60.73,67.39,66.6,86.42,1,DS1
74.33,52.86,67.4,13.3,95.73,0,DS1
57.86,82.91,96.83,52.0,62.11,0,DS1
99.83,77.45,51.29,63.7,85.68,0,DS1
80.85,55.56,79.01,89.9,79.89,0,DS1
64.51,68.23,79.87,28.0,96.21,0,DS1
73.59,58.93,89.39,79.4,75.52,0,DS1
64.95,66.57,97.59,80.0,63.98,0,DS1
93.3,97.56,67.79,12.8,69.24,0,DS1
68.95,84.17,71.89,1.7000000000000002,60.94,0,DS1
89.41,50.38,83.56,58.099999999999994,61.0,0,DS1
90.41,62.63,98.36,78.89999999999999,73.52,0,DS1
89.46,50.52,94.54,55.4,94.63,0,DS1
83.33,85.74,83.35,81.30000000000001,59.59,1,DS1
91.29,73.47,92.84,62.199999999999996,64.39,0,DS1
63.23,99.7,54.26,65.3,92.65,0,DS1
46.88,86.68,68.86,2.8000000000000003,66.96,0,DS1
90.55,75.9,50.65,8.9,98.12,0,DS1
69.89,74.81,58.87,72.5,63.45,0,DS1
47.64,85.24,81.52,76.3,72.11,0,DS1
46.92,62.19,94.28,54.2,54.78,0,DS1
49.55,76.51,81.64,59.0,99.61,0,DS1
85.06,77.8,83.21,61.4,94.51,1,DS1
82.65,72.56,55.19,10.5,90.88,0,DS1
52.23,58.96,83.24,66.8,57.87,0,DS1
90.82,61.17,72.72,47.800000000000004,98.47,0,DS1
56.88,64.05,82.57,60.300000000000004,96.46,0,DS1
87.58,74.81,66.31,56.3,71.78,0,DS1
69.33,95.85,79.07,76.3,84.08,1,DS1
83.89,84.3,71.2,31.9,99.62,0,DS1
62.88,84.48,77.93,37.400000000000006,70.49,0,DS1
60.83,78.62,57.35,39.2,55.65,0,DS1
90.48,84.47,69.79,76.2,93.39,0,DS1
42.12,99.09,68.71,43.099999999999994,73.82,0,DS1
98.48,69.26,86.82,17.7,99.35,1,DS1
78.89,85.63,85.32,98.3,77.54,0,DS1
65.95,67.98,95.44,49.3,51.47,0,DS1
77.68,74.81,81.6,10.9,74.59,0,DS1
47.36,92.9,65.73,67.0,85.9,0,DS1
70.84,95.11,89.16,73.89999999999999,51.3,1,DS1
99.11,50.27,74.85,50.0,70.67,0,DS1
54.12,64.91,59.67,64.6,57.78,0,DS1
83.34,56.7,87.37,17.3,82.15,0,DS1
66.1,72.7,56.63,36.800000000000004,97.87,0,DS1
79.15,74.77,58.91,16.200000000000003,81.23,0,DS1
52.29,62.8,87.94,38.7,84.74,0,DS1
68.23,86.17,88.51,56.3,69.83,0,DS1
98.81,63.49,89.54,44.3,78.16,1,DS1
51.72,92.69,64.67,59.3,77.19,0,DS1
78.19,58.88,93.33,50.199999999999996,87.98,1,DS1
74.54,74.81,86.13,31.8,92.85,0,DS1
73.9,81.11,91.7,14.299999999999999,83.14,0,DS1
76.91,80.27,85.43,25.299999999999997,98.99,0,DS1
70.13,53.9,78.98,20.099999999999998,91.41,1,DS1
41.02,92.31,55.47,70.7,56.23,0,DS1
94.01,79.9,85.55,82.0,75.37,0,DS1
89.62,93.49,84.52,72.0,95.16,0,DS1
50.45,93.38,65.62,64.4,97.2,1,DS1
64.8,77.3,86.79,30.8,69.01,0,DS1
86.23,95.54,77.52,71.10000000000001,86.29,0,DS1
98.8,92.42,77.97,60.5,70.53,0,DS1
97.07,97.91,68.38,4.699999999999999,56.18,0,DS1
93.96,92.52,55.84,90.8,94.23,0,DS1
49.5,91.06,60.85,8.0,96.6,0,DS1
94.87,73.47,88.44,50.300000000000004,75.24,0,DS1
92.71,60.6,63.57,51.3,50.92,0,DS1
62.62,95.54,50.11,83.69999999999999,90.8,0,DS1
63.67,86.13,99.85,91.30000000000001,73.85,0,DS1
67.59,64.09,60.53,94.0,53.75,0,DS1
79.37,67.05,82.77,57.0,59.47,1,DS1
55.65,84.3,96.35,67.9,57.61,1,DS1
41.38,73.89,79.99,8.9,84.31,0,DS1
48.47,54.07,89.95,48.8,64.97,0,DS1
66.41,57.07,98.82,89.80000000000001,56.38,0,DS1
56.92,74.81,93.02,45.599999999999994,95.88,1,DS1
85.87,66.43,77.9,7.0,97.83,0,DS1
46.4,75.38,68.19,20.099999999999998,56.93,0,DS1
95.05,88.33,74.12,43.0,61.51,0,DS1
93.72,87.56,92.09,23.799999999999997,79.61,0,DS1
94.53,58.35,92.67,39.2,57.53,1,DS1
84.38,54.92,92.29,33.3,57.93,0,DS1
46.42,79.56,79.86,31.9,66.83,0,DS1
66.29,87.08,73.85,9.1,97.46,0,DS1
47.88,57.45,65.57,88.3,98.12,0,DS1
99.26,68.6,50.17,69.3,92.09,0,DS1
59.98,93.51,88.22,62.300000000000004,84.79,0,DS1
75.12,97.21,63.85,60.599999999999994,86.03,0,DS1
86.76,72.7,66.48,39.7,73.48,1,DS1
95.24,53.98,92.17,82.30000000000001,76.51,0,DS1
85.33,62.88,52.61,93.0,81.72,1,DS1
80.47,61.65,96.38,0.6,86.56,0,DS1
67.96,61.95,50.07,7.9,54.84,0,DS1
76.32,74.69,96.96,67.5,61.24,0,DS1
45.65,79.16,72.74,23.599999999999998,98.15,0,DS1
93.04,56.13,55.11,91.19999999999999,66.76,0,DS1
72.63,94.47,83.71,66.7,63.42,1,DS1
42.41,81.0,94.79,36.800000000000004,71.1,0,DS1
95.19,79.86,71.9,41.5,64.55,0,DS1
69.36,99.36,84.57,69.1,54.56,1,DS1
92.12,81.41,98.97,14.1,60.4,0,DS1
91.41,96.45,62.04,88.3,82.01,0,DS1
88.95,64.31,91.02,0.5,61.16,0,DS1
43.68,62.01,64.76,97.89999999999999,82.38,0,DS1
54.82,75.83,71.32,16.8,55.0,1,DS1
92.53,75.43,64.09,74.2,52.09,0,DS1
93.94,61.32,72.3,4.0,93.08,0,DS1
67.48,84.98,50.25,43.099999999999994,88.0,0,DS1
66.4,51.48,65.17,63.0,83.3,0,DS1
50.51,84.53,72.26,7.0,51.54,0,DS1
98.1,72.86,81.61,44.3,61.97,0,DS1
52.79,74.81,81.87,30.299999999999997,90.62,1,DS1
51.46,73.85,79.19,49.800000000000004,57.23,0,DS1
79.64,74.81,64.65,50.5,90.64,0,DS1
54.57,66.73,97.37,78.5,79.21,0,DS1
96.33,99.13,69.6,12.4,87.02,0,DS1
40.65,53.25,60.84,8.299999999999999,82.23,0,DS1
40.35,84.19,77.73,40.199999999999996,70.85,0,DS1
70.29,72.71,87.45,88.80000000000001,64.6,0,DS1
69.28,91.11,50.61,85.5,83.64,0,DS1
49.8,89.48,63.82,56.0,90.35,0,DS1
69.67,90.01,91.25,88.9,52.24,0,DS1
64.7,54.74,75.35,80.5,69.0,0,DS1
93.42,74.81,70.42,27.799999999999997,67.54,0,DS1
40.56,60.7,96.55,17.0,77.97,1,DS1
98.58,74.81,54.48,30.099999999999998,55.7,0,DS1
77.46,60.89,80.78,22.7,96.67,0,DS1
49.11,73.96,67.11,62.300000000000004,77.43,0,DS1
42.81,87.11,53.54,58.5,96.19,0,DS1
72.29,60.93,60.69,59.800000000000004,90.85,1,DS1
54.09,55.65,81.4,18.9,59.58,0,DS1
58.07,74.81,51.41,79.2,56.62,1,DS1
54.71,99.19,79.61,43.4,93.06,0,DS1
79.01,80.04,97.84,47.199999999999996,76.81,0,DS1
73.21,84.55,89.75,99.7,50.99,0,DS1
44.68,78.06,67.28,28.2,96.71,1,DS1
71.59,89.12,56.91,39.4,73.65,0,DS1
87.47,98.79,73.25,67.6,65.05,0,DS1
44.87,77.21,69.65,88.0,75.83,0,DS1
93.38,74.81,98.59,12.7,91.15,0,DS1
74.7,93.02,99.49,73.5,55.51,0,DS1
97.04,98.49,70.53,91.8,67.95,0,DS1
48.89,56.46,57.44,42.300000000000004,65.94,0,DS1
99.61,78.91,95.53,28.700000000000003,91.98,0,DS1
78.66,74.81,89.68,67.8,88.92,1,DS1
74.05,76.67,75.56,24.6,70.01,0,DS1
70.92,70.46,68.27,38.4,83.22,1,DS1
41.42,82.76,72.41,89.7,69.72,0,DS1
96.38,63.51,95.09,59.0,78.57,1,DS1
78.64,67.46,59.23,9.5,99.56,0,DS1
45.5,99.61,90.34,33.0,76.78,0,DS1
41.26,81.82,50.91,62.699999999999996,99.43,0,DS1
43.05,93.65,96.03,48.099999999999994,87.36,0,DS1
76.56,90.39,75.01,66.0,56.04,0,DS1
76.84,82.61,61.34,76.10000000000001,89.8,0,DS1
69.98,92.04,50.14,48.099999999999994,58.06,0,DS1
58.41,64.36,77.98,98.69999999999999,76.62,0,DS1
71.9,81.86,62.22,91.5,80.66,0,DS1
70.98,79.53,81.56,6.0,94.61,0,DS1
41.16,81.12,64.06,26.6,60.52,0,DS1
56.95,58.43,54.4,30.099999999999998,93.8,1,DS1
43.19,63.86,75.25,18.400000000000002,96.72,0,DS1
94.01,64.33,78.22,31.200000000000003,54.47,0,DS1
83.51,80.1,72.63,42.5,94.26,0,DS1
99.77,98.63,72.9,5.2,62.96,0,DS1
58.13,97.7,79.48,12.7,54.05,0,DS1
92.71,61.36,76.32,9.6,97.93,0,DS1
76.18,65.24,56.63,4.6000000000000005,69.61,0,DS1
67.19,51.8,59.85,48.099999999999994,81.15,0,DS1
53.35,69.94,57.09,33.4,77.64,0,DS1
84.3,91.73,84.66,93.5,60.66,0,DS1
94.25,95.79,76.43,10.3,83.48,0,DS1
54.12,61.82,71.49,92.6,52.31,1,DS1
50.52,63.29,89.92,8.7,60.15,0,DS1
81.77,61.04,66.29,61.900000000000006,97.23,0,DS1
98.62,67.51,78.41,24.8,97.68,1,DS1
85.0,90.24,53.72,82.69999999999999,74.13,0,DS1
57.07,82.34,87.22,6.1,58.45,0,DS1
65.2,89.3,84.76,95.3,71.08,0,DS1
63.06,74.81,90.12,4.699999999999999,93.85,1,DS1
91.13,62.89,94.22,24.1,53.51,0,DS1
86.28,61.4,87.9,46.4,56.39,1,DS1
75.34,50.45,92.22,75.6,94.78,0,DS1
56.5,89.05,67.28,95.1,70.77,0,DS1
96.28,92.36,67.17,42.800000000000004,54.17,1,DS1
79.2,88.41,97.22,75.7,56.96,0,DS1
98.23,53.72,95.73,72.69999999999999,94.12,0,DS1
74.81,88.11,77.42,57.1,74.51,0,DS1
89.27,52.29,68.33,69.1,58.15,0,DS1
88.79,55.28,93.3,3.8,94.7,1,DS1
60.24,72.02,66.17,44.2,92.26,0,DS1
97.84,73.81,57.68,78.60000000000001,51.15,0,DS1
41.32,90.81,81.97,47.400000000000006,79.05,0,DS1
86.12,83.98,52.13,87.4,62.22,0,DS1
97.93,74.81,68.96,83.4,76.66,0,DS1
60.33,61.31,90.38,86.30000000000001,63.96,0,DS1
78.89,64.28,64.76,13.0,65.79,0,DS1
73.73,56.18,96.57,24.4,80.09,0,DS1
85.69,74.81,97.79,3.0,76.94,1,DS1
91.97,86.43,90.79,98.3,69.76,0,DS1
76.18,62.07,99.38,23.599999999999998,55.38,0,DS1
88.95,91.77,76.54,36.7,98.47,0,DS1
58.74,73.48,78.46,27.5,58.73,1,DS1
53.72,66.15,91.81,4.0,81.66,0,DS1
65.84,70.62,74.64,26.099999999999998,54.14,0,DS1
80.66,74.81,70.34,9.8,84.42,0,DS1
51.23,75.84,80.74,39.4,54.74,0,DS1
80.82,50.36,82.88,96.7,61.48,0,DS1
63.65,96.12,87.54,69.80000000000001,82.35,0,DS1
87.73,53.3,83.41,70.7,64.15,1,DS1
42.21,96.93,87.29,45.300000000000004,76.64,0,DS1
80.08,74.81,83.73,81.1,56.23,0,DS1
78.99,74.81,74.02,90.8,60.12,1,DS1
96.46,76.73,56.75,96.19999999999999,86.69,0,DS1
82.8,75.29,89.27,9.9,51.76,0,DS1
87.78,53.64,51.54,88.0,55.59,0,DS1
94.28,61.94,99.63,22.5,60.75,0,DS1
80.5,88.88,91.42,39.7,51.01,0,DS1
57.41,74.81,83.55,34.5,54.77,0,DS1
92.19,76.46,98.33,67.5,64.07,0,DS1
84.85,67.67,80.62,59.800000000000004,54.65,1,DS1
65.47,53.0,52.82,10.9,93.31,0,DS1
82.63,84.11,77.97,78.3,53.3,0,DS1
92.06,63.92,63.86,44.0,93.05,1,DS1
98.54,52.75,68.47,0.2,91.14,1,DS1
97.14,83.29,72.98,41.5,55.04,0,DS1
59.52,74.29,88.73,51.6,51.26,0,DS1
65.3,74.81,75.15,6.8999999999999995,52.5,0,DS1
46.57,55.55,73.73,15.1,79.52,0,DS1
54.85,84.96,65.1,99.39999999999999,83.52,0,DS1
92.95,53.18,76.99,87.10000000000001,81.03,1,DS1
61.65,93.3,62.42,13.3,77.07,0,DS1
77.23,65.57,63.05,58.0,58.73,0,DS1
79.96,54.43,87.86,37.9,92.05,0,DS1
86.91,74.81,67.13,54.400000000000006,66.38,1,DS1
50.97,76.22,52.57,47.1,99.31,0,DS1
58.29,65.33,67.18,4.8,69.24,0,DS1
66.9,70.3,81.93,31.5,63.15,0,DS1
61.89,51.07,90.7,12.6,94.71,0,DS1
98.97,74.81,98.1,48.9,78.37,0,DS1
90.1,68.29,87.31,90.7,86.09,0,DS1
68.78,85.7,71.44,99.60000000000001,70.42,0,DS1
92.76,81.41,64.96,94.39999999999999,94.35,0,DS1
60.86,82.56,56.48,98.6,95.89,0,DS1
87.15,89.64,81.38,1.5,71.84,0,DS1
53.42,81.56,75.49,72.9,62.04,0,DS1
86.34,70.94,83.89,27.3,82.38,0,DS1
67.39,69.5,61.86,86.6,97.73,0,DS1
46.45,74.81,66.18,81.4,81.12,0,DS1
56.4,88.97,64.6,42.400000000000006,97.71,0,DS1
64.14,88.06,89.88,47.300000000000004,67.19,0,DS1
84.96,62.31,58.56,26.5,95.75,1,DS1
44.38,93.13,80.42,28.900000000000002,55.63,0,DS1
79.57,79.45,52.57,98.10000000000001,67.94,0,DS1
82.96,73.93,77.48,88.9,74.72,0,DS1
79.24,74.81,53.2,19.2,82.66,0,DS1
85.64,69.14,58.79,27.599999999999998,64.71,0,DS1
50.69,82.03,55.65,10.9,96.21,0,DS1
75.23,54.49,67.34,98.9,95.17,0,DS1
96.47,72.98,67.19,90.7,89.97,1,DS1
76.65,99.67,91.32,55.199999999999996,55.72,0,DS1
76.68,85.83,61.28,69.3,53.91,0,DS1
84.19,77.34,54.32,74.80000000000001,74.91,0,DS1
59.99,76.65,80.18,20.4,88.27,0,DS1
82.03,74.81,84.37,93.5,56.16,1,DS1
94.97,97.87,64.74,52.699999999999996,82.07,0,DS1
40.65,96.41,80.14,9.200000000000001,76.39,0,DS1
92.21,84.12,88.8,39.7,86.3,0,DS1
53.12,54.95,67.38,60.199999999999996,71.77,0,DS1
67.36,60.39,76.27,35.3,84.66,1,DS1
91.14,59.2,57.33,69.9,57.98,0,DS1
89.43,75.98,51.18,88.2,60.73,0,DS1
93.52,60.39,99.07,77.2,95.17,0,DS1
96.43,74.81,64.99,64.3,66.47,0,DS1
66.83,77.26,63.95,51.2,99.28,0,DS1
79.38,50.88,98.66,25.4,52.31,0,DS1
63.43,87.2,86.41,45.5,74.79,0,DS1
61.04,59.44,79.26,29.3,66.25,1,DS1
65.9,91.24,84.97,93.4,99.8,0,DS1
84.58,67.75,85.5,90.7,99.5,0,DS1
70.09,66.93,88.17,15.600000000000001,61.76,0,DS1
88.84,50.59,53.36,82.30000000000001,63.36,0,DS1
84.71,99.39,70.64,70.3,87.48,0,DS1
41.23,80.6,64.76,97.5,94.48,1,DS1
77.81,71.14,53.53,46.3,83.18,0,DS1
66.19,54.83,70.63,72.2,93.24,0,DS1
67.4,84.96,80.81,51.8,53.16,0,DS1
89.1,64.14,58.92,6.8999999999999995,82.03,0,DS1
72.86,99.41,65.25,4.699999999999999,85.01,0,DS1
93.14,97.53,81.96,12.2,59.52,0,DS1
82.77,86.76,78.97,29.6,88.9,0,DS1
73.17,98.55,93.44,25.9,97.21,0,DS1
85.27,55.28,89.56,72.8,94.9,0,DS1
42.3,74.81,98.28,71.6,62.25,0,DS1
41.63,62.66,79.86,97.10000000000001,66.2,0,DS1
45.0,53.6,84.92,31.0,74.98,0,DS1
66.25,98.61,93.03,93.80000000000001,57.92,0,DS1
54.13,53.0,92.0,61.3,97.7,0,DS1
99.06,92.83,85.94,49.5,58.08,0,DS1
72.54,88.41,75.01,66.8,88.07,0,DS1
79.74,68.79,63.66,70.3,67.07,0,DS1
56.73,50.94,93.86,17.2,78.69,0,DS1
59.31,50.3,88.83,75.19999999999999,52.36,0,DS1
60.13,60.2,91.9,72.5,60.25,0,DS1
81.92,74.69,57.04,99.80000000000001,72.22,0,DS1
68.42,72.9,65.74,91.19999999999999,83.86,1,DS1
71.06,79.26,71.24,68.5,88.88,0,DS1
75.52,74.81,91.92,71.2,51.51,0,DS1
86.13,68.87,94.64,94.60000000000001,57.62,0,DS1
45.42,74.81,64.24,96.7,86.49,0,DS1
86.61,90.0,84.32,82.69999999999999,90.65,0,DS1
73.79,66.63,53.89,76.7,61.83,0,DS1
80.15,64.34,70.48,11.100000000000001,61.48,0,DS1
59.65,88.22,74.33,83.0,54.4,1,DS1
64.56,96.71,88.28,25.299999999999997,57.51,0,DS1
53.87,95.75,94.6,56.4,50.4,0,DS1
98.76,56.87,66.86,40.5,79.49,1,DS1
69.82,74.81,76.39,34.6,95.19,1,DS1
99.76,54.64,82.37,31.0,57.48,0,DS1
69.39,98.05,66.43,85.5,87.57,0,DS1
53.19,60.76,99.28,76.9,78.68,1,DS1
70.45,59.87,93.79,52.300000000000004,97.0,0,DS1
42.38,94.44,64.82,66.39999999999999,89.91,0,DS1
94.29,98.39,75.4,98.5,92.64,0,DS1
89.11,84.88,61.54,39.8,81.96,0,DS1
83.55,56.05,75.73,55.099999999999994,90.57,0,DS1
76.59,74.29,84.17,53.4,67.54,0,DS1
74.79,90.83,54.28,93.6,60.45,0,DS1
99.8,78.62,93.51,35.2,95.63,0,DS1
56.68,56.63,79.69,98.6,86.72,1,DS1
86.78,58.59,99.48,30.5,54.54,0,DS1
74.88,93.21,51.28,10.9,93.35,1,DS1
98.55,76.35,91.57,19.099999999999998,67.45,1,DS1
89.67,85.29,89.6,42.599999999999994,64.91,1,DS1
99.91,68.65,56.64,65.0,81.17,0,DS1
75.3,76.62,66.77,51.7,78.43,1,DS1
52.27,74.81,94.24,37.599999999999994,76.91,0,DS1
70.22,66.49,75.92,56.2,62.74,0,DS1
82.67,83.74,70.06,83.9,97.99,1,DS1
86.46,58.63,95.27,83.9,97.51,0,DS1
40.03,56.09,54.67,72.6,50.21,0,DS1
70.3,74.81,73.66,95.19999999999999,66.89,0,DS1
54.11,92.21,82.62,59.0,52.28,0,DS1
92.49,83.42,80.43,0.8,92.51,0,DS1
49.17,74.81,63.21,29.1,94.33,0,DS1
79.99,62.03,78.17,32.8,75.91,0,DS1
55.96,95.56,85.43,54.699999999999996,91.98,0,DS1
61.39,64.44,79.24,90.5,85.17,0,DS1
96.43,90.94,84.22,83.80000000000001,74.98,0,DS1
54.43,64.3,62.8,23.2,68.19,0,DS1
45.7,96.97,91.64,51.900000000000006,63.31,0,DS1
44.16,95.72,72.48,65.9,62.97,0,DS1
70.28,52.16,99.36,98.80000000000001,78.1,0,DS1
78.5,88.52,51.16,3.1,58.34,0,DS1
59.64,74.81,69.02,46.4,58.74,0,DS1
81.42,60.76,59.02,98.80000000000001,50.52,0,DS1
43.66,72.99,77.78,97.69999999999999,80.67,0,DS1
91.44,78.82,62.16,33.1,99.72,0,DS1
88.99,74.81,86.87,0.0,94.46,0,DS1
99.13,78.77,94.09,58.7,85.28,1,DS1
96.19,58.53,60.54,86.7,89.28,1,DS1
61.37,51.12,58.03,32.400000000000006,70.84,0,DS1
63.96,78.56,93.77,93.4,64.9,0,DS1
84.76,75.87,68.06,33.3,68.43,1,DS1
48.04,74.81,71.73,61.0,54.07,0,DS1
58.84,82.49,61.05,72.2,81.69,0,DS1
47.11,94.87,71.27,34.5,58.74,0,DS1
67.29,72.97,61.57,35.2,88.14,0,DS1
73.12,50.42,83.3,47.0,59.5,0,DS1
52.67,74.81,74.94,83.5,61.41,1,DS1
41.6,83.76,89.4,10.1,97.87,0,DS1
83.16,76.07,65.64,63.099999999999994,55.27,0,DS1
41.2,84.47,75.28,67.69999999999999,74.94,0,DS1
98.4,74.81,62.98,55.8,53.13,0,DS1
53.3,57.44,96.72,93.6,54.52,0,DS1
79.83,83.23,76.1,60.199999999999996,81.68,1,DS1
66.09,62.26,58.67,63.5,81.54,0,DS1
43.58,72.82,63.64,60.0,59.66,0,DS1
68.33,74.58,54.15,72.2,93.62,1,DS1
71.01,73.86,51.39,13.5,85.11,0,DS1
91.28,79.92,76.3,89.39999999999999,65.03,0,DS1
83.94,51.47,66.86,4.2,62.42,0,DS1
44.76,99.48,98.19,64.1,87.71,0,DS1
52.55,85.82,58.57,61.5,86.68,0,DS1
58.71,71.27,89.7,20.8,57.44,0,DS1
46.98,59.57,65.8,4.1,67.46,0,DS1
67.41,54.01,61.18,13.899999999999999,60.83,0,DS1
99.06,83.61,98.48,27.200000000000003,64.71,0,DS1
70.88,65.85,90.13,88.2,64.38,1,DS1
84.51,61.47,81.53,85.60000000000001,98.8,0,DS1
80.98,69.0,84.86,6.4,87.51,0,DS1
90.99,74.81,99.57,28.900000000000002,89.0,0,DS1
52.94,74.81,79.66,88.9,63.87,1,DS1
85.23,82.26,55.1,23.700000000000003,50.03,0,DS1
92.88,74.81,53.24,99.60000000000001,52.91,0,DS1
50.29,60.94,83.33,25.7,77.65,1,DS1
60.81,81.84,82.88,73.89999999999999,64.27,0,DS1
98.21,55.06,87.41,41.7,59.65,0,DS1
86.85,77.4,55.44,13.600000000000001,52.48,0,DS1
56.96,79.2,97.25,25.5,93.79,0,DS1
73.84,60.81,77.56,67.5,80.01,0,DS1
64.26,69.58,82.48,33.7,55.37,0,DS1
69.4,91.36,51.74,60.4,88.32,0,DS1
61.31,57.42,98.05,20.6,87.79,1,DS1
56.76,74.81,78.13,44.900000000000006,64.47,0,DS1
80.49,96.64,78.17,51.2,59.42,0,DS1
86.71,74.81,97.18,41.3,90.7,0,DS1
92.44,86.26,96.47,19.8,66.48,0,DS1
49.32,91.34,61.01,46.2,92.37,0,DS1
89.37,60.19,96.55,69.3,52.18,0,DS1
55.29,60.91,86.83,96.5,74.96,0,DS1
65.64,87.93,50.95,79.0,58.98,0,DS1
94.09,87.67,61.99,16.1,83.6,0,DS1
67.27,53.01,70.65,27.3,99.86,1,DS1
51.82,66.12,79.14,7.9,70.63,0,DS1
49.59,69.93,85.07,13.600000000000001,55.02,0,DS1
68.38,91.45,60.51,25.099999999999998,65.88,0,DS1
85.76,71.09,91.84,20.0,94.58,0,DS1
99.83,96.3,92.29,21.400000000000002,88.29,0,DS1
87.24,74.81,81.75,23.1,61.61,0,DS1
92.62,89.04,96.05,30.099999999999998,97.68,1,DS1
84.87,83.32,90.65,12.6,81.11,0,DS1
93.73,69.59,61.08,27.799999999999997,58.4,1,DS1
44.58,74.81,89.93,68.8,78.62,0,DS1
95.8,78.66,97.66,23.599999999999998,72.56,0,DS1
63.78,68.09,56.88,17.2,90.98,0,DS1
95.3,67.54,98.93,6.800000000000001,67.21,0,DS1
44.54,84.39,51.25,50.0,93.75,0,DS1
82.91,73.18,76.11,84.2,90.6,0,DS1
84.14,87.6,88.69,5.8999999999999995,83.73,1,DS1
99.81,69.91,89.52,54.2,62.93,0,DS1
86.13,57.54,86.73,65.1,98.52,0,DS1
62.95,73.07,76.47,59.2,77.43,0,DS1
73.43,97.55,82.55,87.8,95.38,0,DS1
61.99,90.08,85.0,86.6,60.79,0,DS1
51.76,60.29,74.73,5.699999999999999,99.17,0,DS1
54.91,69.57,79.78,36.1,90.8,0,DS1
53.32,96.39,92.32,67.1,97.46,1,DS1
72.93,56.18,65.64,95.19999999999999,60.62,0,DS1
94.37,62.7,76.16,80.5,71.53,0,DS1
94.76,63.11,50.42,17.7,54.88,0,DS1
43.29,78.55,84.37,27.9,56.85,0,DS1
44.79,70.54,59.77,76.39999999999999,64.2,0,DS1
54.71,53.99,74.05,47.1,97.58,1,DS1
55.3,81.46,60.51,54.699999999999996,83.36,0,DS1
45.69,54.95,51.18,60.9,65.73,0,DS1
63.31,80.32,74.16,10.3,97.73,0,DS1
75.26,75.35,71.24,85.60000000000001,86.99,0,DS1
74.69,74.68,71.26,86.30000000000001,95.35,1,DS1
72.61,53.37,60.44,46.8,96.36,0,DS1
60.32,81.96,97.36,62.699999999999996,87.54,0,DS1
82.39,71.57,50.18,66.0,62.16,0,DS1
89.59,70.56,94.58,19.0,99.83,0,DS1
60.78,79.82,86.85,11.299999999999999,66.25,0,DS1
45.13,80.31,58.6,2.1,83.59,0,DS1
57.78,50.75,73.61,91.30000000000001,92.24,1,DS1
48.24,56.26,99.44,34.6,58.76,1,DS1
68.04,61.83,82.18,8.6,80.45,0,DS1
49.36,83.9,56.37,46.6,68.76,0,DS1
67.77,78.84,72.88,7.6,62.21,0,DS1
53.26,87.88,73.41,8.5,50.59,1,DS1
84.32,87.03,90.11,48.9,93.6,1,DS1
41.65,92.66,95.81,50.9,56.79,0,DS1
73.28,68.84,54.11,58.0,93.91,0,DS1
50.17,67.25,65.7,65.6,80.03,1,DS1
40.06,91.55,64.92,66.8,81.05,0,DS1
92.15,61.88,99.8,43.3,91.43,0,DS1
80.29,73.06,77.96,64.4,75.47,0,DS1
45.94,59.72,93.99,30.5,67.86,0,DS1
79.84,95.69,71.3,44.1,56.94,1,DS1
76.7,70.39,86.14,39.300000000000004,78.52,0,DS1
68.4,74.81,64.33,32.9,77.66,0,DS1
65.16,74.81,95.59,23.900000000000002,64.69,0,DS1
93.22,62.23,72.76,7.800000000000001,80.0,0,DS1
54.71,97.18,90.19,50.599999999999994,71.97,1,DS1
63.9,68.38,62.79,53.7,90.28,0,DS1
59.75,83.23,84.68,33.6,77.97,0,DS1
86.27,74.81,70.26,97.6,96.68,0,DS1
94.99,90.36,51.57,55.7,75.9,1,DS1
90.99,94.85,70.65,88.9,94.37,1,DS1
87.86,74.81,77.5,57.0,76.03,0,DS1
99.21,92.42,57.59,19.0,77.9,0,DS1
81.83,55.09,59.2,97.5,68.34,0,DS1
85.06,96.2,73.24,88.5,70.01,0,DS1
98.97,81.22,67.14,47.1,96.66,0,DS1
40.42,93.46,72.04,24.3,61.16,1,DS1
78.04,84.22,73.04,22.3,56.07,0,DS1
84.34,60.09,57.0,80.60000000000001,91.51,0,DS1
95.07,74.81,59.06,6.8999999999999995,78.85,0,DS1
93.03,54.55,92.41,63.8,64.23,0,DS1
90.52,84.79,58.14,64.0,71.62,0,DS1
96.75,70.45,83.3,18.2,76.25,1,DS1
72.24,57.59,70.93,70.5,79.61,1,DS1
40.42,98.96,98.41,70.5,91.05,1,DS1
40.66,74.81,53.31,35.0,69.72,0,DS1
72.68,94.68,91.52,48.3,83.83,0,DS1
66.12,89.44,74.57,83.3,91.74,0,DS1
67.07,84.6,50.27,52.300000000000004,92.19,0,DS1
64.02,82.75,63.18,61.8,62.71,0,DS1
95.06,55.3,70.38,41.3,67.51,0,DS1
61.55,95.03,65.71,15.0,79.75,0,DS1
91.37,94.06,68.12,99.80000000000001,94.29,0,DS1
94.17,87.39,95.83,53.2,89.52,0,DS1
69.97,96.37,68.05,33.6,79.2,0,DS1
66.82,77.65,70.94,71.39999999999999,99.19,1,DS1
85.66,72.38,88.06,62.1,71.95,0,DS1
82.48,98.4,89.69,23.3,92.12,0,DS1
59.71,73.21,54.2,87.69999999999999,90.92,0,DS1
46.15,82.07,85.2,7.1,95.4,0,DS1
55.89,68.65,74.13,60.599999999999994,99.38,0,DS1
47.86,81.82,56.69,47.800000000000004,74.78,0,DS1
57.68,86.0,63.24,31.8,59.78,0,DS1
55.71,81.23,52.25,82.6,73.04,1,DS1
78.26,75.73,68.01,65.6,92.69,0,DS1
97.27,65.01,62.77,75.9,91.81,0,DS1
81.14,82.19,69.11,41.5,66.8,0,DS1
95.6,95.42,79.02,94.2,52.37,0,DS1
87.05,50.35,86.62,34.5,75.49,0,DS1
83.67,56.7,80.27,53.099999999999994,73.71,0,DS1
64.84,55.99,83.92,93.4,54.29,0,DS1
59.49,96.16,93.28,8.299999999999999,89.74,0,DS1
90.78,83.14,93.69,10.9,64.18,0,DS1
94.32,97.59,93.04,99.39999999999999,82.29,0,DS1
67.11,74.81,57.66,97.10000000000001,55.07,0,DS1
40.54,73.09,62.55,77.2,93.04,0,DS1
87.55,89.62,75.12,48.4,86.96,0,DS1
57.1,58.05,67.94,50.599999999999994,69.42,0,DS1
40.59,69.07,56.58,25.7,81.47,0,DS1
88.3,74.81,64.39,43.3,59.37,0,DS1
71.04,64.92,98.77,43.099999999999994,99.27,0,DS1
81.11,68.56,67.35,3.5999999999999996,89.81,1,DS1
94.88,53.91,70.95,45.300000000000004,89.45,0,DS1
72.47,59.9,50.32,48.0,57.67,0,DS1
70.19,66.77,85.97,66.6,50.89,0,DS1
57.44,89.79,70.68,51.6,79.27,0,DS1
58.31,74.81,55.16,86.19999999999999,57.21,0,DS1
87.79,67.33,98.43,36.800000000000004,89.02,0,DS1
66.94,53.25,88.87,41.0,70.8,0,DS1
49.81,77.86,86.31,57.1,66.93,0,DS1
45.67,80.56,97.89,20.299999999999997,53.68,0,DS1
68.38,93.28,70.37,39.300000000000004,99.8,1,DS1
67.9,90.96,85.93,68.60000000000001,97.8,0,DS1
79.21,64.27,60.31,41.2,56.58,0,DS1
68.26,56.85,84.86,90.7,66.64,1,DS1
48.61,57.8,50.7,61.5,69.54,1,DS1
70.47,98.45,56.32,15.4,64.84,0,DS1
94.41,74.81,71.26,48.7,96.72,1,DS1
49.57,52.13,50.6,76.5,86.07,0,DS1
81.39,56.84,73.1,64.3,97.8,0,DS1
75.63,74.29,76.14,88.5,93.73,0,DS1
84.92,60.39,81.08,75.0,87.73,0,DS1
49.04,90.18,55.02,6.2,84.85,0,DS1
96.5,78.66,59.05,11.299999999999999,93.31,0,DS1
77.26,80.63,80.66,65.0,84.21,0,DS1
90.82,73.14,82.91,23.799999999999997,59.44,0,DS1
54.8,62.8,51.3,58.8,82.41,0,DS1
84.36,79.47,77.02,79.2,75.75,0,DS1
86.86,85.85,89.25,57.699999999999996,99.09,0,DS1
63.85,74.81,53.46,41.5,75.5,1,DS1
63.04,75.25,70.66,64.6,51.92,0,DS1
79.47,91.98,66.33,14.399999999999999,63.21,0,DS1
45.6,57.43,95.68,72.30000000000001,95.87,0,DS1
84.14,77.26,59.29,69.7,98.12,0,DS1
42.57,67.42,65.92,51.4,86.42,0,DS1
51.44,85.14,94.92,27.9,52.84,0,DS1
79.85,50.94,66.53,79.80000000000001,51.18,0,DS1
45.9,83.52,76.57,51.1,73.98,0,DS1
98.31,55.14,51.65,5.8999999999999995,99.98,0,DS1
92.1,53.24,99.25,91.89999999999999,93.46,0,DS1
77.58,86.23,91.25,76.8,96.66,0,DS1
89.14,82.02,81.72,58.5,81.18,0,DS1
93.25,94.75,53.04,43.7,92.96,0,DS1
55.57,75.98,53.74,96.0,65.98,0,DS1
90.96,76.5,77.25,77.5,51.37,1,DS1
51.69,85.35,64.25,53.5,95.91,0,DS1
64.8,66.17,81.14,65.3,60.92,0,DS1
73.5,51.85,79.91,28.1,86.42,0,DS1
82.83,61.5,91.93,19.6,82.95,0,DS1
41.81,61.9,64.07,27.3,57.91,0,DS1
57.43,66.78,78.89,29.3,59.79,0,DS1
76.51,97.17,88.87,74.0,66.45,0,DS1
61.44,90.24,74.54,14.0,87.85,0,DS1
86.5,96.8,91.53,77.8,51.96,0,DS1
79.1,99.93,56.56,52.300000000000004,70.35,1,DS1
54.06,71.69,86.69,38.5,83.26,0,DS1
48.76,61.35,97.15,30.0,58.57,1,DS1
77.74,78.0,66.59,51.3,55.97,0,DS1
67.03,94.06,68.32,31.8,69.51,0,DS1
50.14,74.81,54.18,42.9,64.33,0,DS1
59.58,75.27,82.07,73.89999999999999,82.45,0,DS1
58.18,56.72,77.62,62.599999999999994,98.48,0,DS1
46.49,71.02,52.02,74.80000000000001,50.22,0,DS1
72.81,74.81,87.61,71.3,95.12,1,DS1
85.82,67.58,91.46,81.5,71.66,0,DS1
74.53,94.36,95.36,20.2,83.2,0,DS1
89.58,52.97,77.29,99.5,92.55,0,DS1
47.65,98.61,72.63,47.599999999999994,78.67,0,DS1
66.14,74.81,93.81,71.8,54.87,0,DS1
76.56,97.28,69.93,67.8,57.03,0,DS1
80.56,77.4,82.77,56.6,89.46,0,DS1
81.75,85.12,80.77,99.60000000000001,61.45,0,DS1
83.74,59.36,68.61,21.7,78.45,0,DS1
79.09,82.71,54.34,42.199999999999996,71.4,0,DS1
45.65,94.1,51.07,12.8,65.18,0,DS1
81.72,56.97,71.41,18.2,89.35,0,DS1
83.49,56.35,74.06,71.3,86.56,0,DS1
99.61,65.2,91.13,0.5,82.31,0,DS1
81.6,58.09,70.72,89.0,68.63,0,DS1
81.21,74.81,64.06,63.3,61.32,0,DS1
70.89,83.92,73.1,44.1,75.79,0,DS1
92.08,60.69,61.9,33.1,90.86,0,DS1
99.81,83.35,54.57,12.6,78.78,0,DS1
86.74,93.1,55.65,92.2,98.51,1,DS1
76.75,82.6,65.96,71.2,50.77,1,DS1
44.74,55.97,50.63,33.6,99.92,0,DS1
83.6,78.68,61.01,7.1,84.57,0,DS1
82.51,69.68,89.38,32.599999999999994,91.63,0,DS1
86.53,67.17,61.73,18.5,66.75,0,DS1
47.47,65.93,55.54,78.60000000000001,75.42,0,DS1
79.22,96.47,97.45,72.0,89.85,0,DS1
57.74,87.13,81.12,49.800000000000004,88.03,1,DS1
85.62,74.81,53.0,88.6,66.7,0,DS1
54.42,74.81,53.11,18.1,66.22,0,DS1
81.04,65.91,80.61,45.199999999999996,83.14,1,DS1
57.7,98.9,77.01,71.10000000000001,96.68,0,DS1
40.54,98.9,53.42,6.800000000000001,71.94,0,DS1
78.0,65.98,61.22,37.3,67.65,1,DS1
46.8,67.61,96.45,57.199999999999996,94.73,1,DS1
79.56,79.97,78.6,36.7,84.15,1,DS1
95.54,73.97,72.02,48.0,69.41,0,DS1
98.15,60.66,62.51,60.8,52.86,0,DS1
54.16,83.02,56.68,36.800000000000004,86.07,1,DS1
88.56,66.71,70.13,10.600000000000001,67.64,0,DS1
61.21,82.69,96.12,13.899999999999999,53.53,0,DS1
94.03,69.18,52.44,52.699999999999996,80.61,0,DS1
87.25,85.01,99.55,17.5,66.15,1,DS1
44.44,83.39,60.39,89.0,66.92,0,DS1
64.43,75.44,70.44,83.4,73.96,1,DS1
60.24,85.24,52.25,34.900000000000006,85.87,0,DS1
87.11,73.05,79.24,83.10000000000001,63.82,1,DS1
64.62,55.81,74.18,53.3,54.05,0,DS1
81.08,59.11,83.34,15.9,71.22,0,DS1
76.15,62.3,77.13,61.4,52.75,0,DS1
98.54,53.16,69.91,67.9,84.86,0,DS1
96.27,85.57,86.89,8.4,97.96,0,DS1
65.66,68.37,51.25,31.400000000000002,82.94,0,DS1
83.41,54.68,77.05,0.5,63.77,0,DS1
89.77,91.0,55.69,31.6,59.09,1,DS1
93.93,84.18,71.8,33.5,61.64,0,DS1
44.09,72.61,89.56,63.0,61.08,1,DS1
58.12,62.37,57.12,19.9,65.69,1,DS1
59.21,57.59,96.79,3.0,54.87,0,DS1
66.07,72.92,94.43,31.6,94.79,0,DS1
50.16,94.26,70.75,82.6,94.26,0,DS1
69.77,59.42,50.3,39.900000000000006,80.76,0,DS1
79.79,78.43,89.49,41.5,53.1,0,DS1
69.84,98.08,94.04,46.900000000000006,90.2,0,DS1
79.95,81.86,58.74,75.19999999999999,53.09,0,DS1
43.99,72.0,95.81,48.0,55.32,1,DS1
92.56,85.82,95.7,9.1,66.26,1,DS1
96.34,91.23,73.56,20.6,71.57,0,DS1
77.07,74.81,89.9,18.799999999999997,67.69,0,DS1
92.88,93.59,72.25,50.8,58.26,0,DS1
47.89,75.73,78.2,3.0,55.61,0,DS1
87.85,91.5,65.99,28.4,92.97,1,DS1
47.15,97.6,57.97,60.7,68.16,0,DS1
64.48,75.06,87.33,35.5,60.93,0,DS1
59.43,80.25,50.07,70.8,74.35,0,DS1
75.14,80.47,78.98,39.1,51.84,0,DS1
58.09,89.07,93.23,97.89999999999999,80.01,0,DS1
78.24,91.15,61.06,96.5,62.42,0,DS1
62.04,51.36,66.64,80.0,79.91,0,DS1
91.65,86.67,79.37,95.39999999999999,80.71,0,DS1
78.03,89.19,62.34,20.5,90.46,0,DS1
52.92,85.02,92.37,75.1,61.5,0,DS1
60.17,74.81,68.33,32.2,73.17,0,DS1
90.85,52.07,79.08,72.5,98.09,1,DS1
63.19,72.1,61.31,37.400000000000006,86.36,0,DS1
72.15,90.91,52.07,28.900000000000002,98.77,0,DS1
78.94,96.7,58.69,95.9,96.37,0,DS1
60.87,61.47,52.31,21.0,80.54,0,DS1
57.64,78.96,73.43,75.9,63.2,0,DS1
68.52,90.22,79.33,67.5,87.85,0,DS1
52.89,87.62,52.23,30.299999999999997,84.91,0,DS1
57.05,80.94,54.52,45.8,79.44,0,DS1
43.72,50.93,74.28,14.299999999999999,84.89,1,DS1
58.24,74.81,89.96,92.10000000000001,80.68,0,DS1
59.24,74.81,81.4,96.8,75.97,0,DS1
97.71,86.14,55.24,73.2,70.8,0,DS1
75.38,88.29,94.38,84.9,52.24,0,DS1
87.24,71.55,95.87,8.299999999999999,93.28,0,DS1
42.72,99.69,66.25,38.4,93.28,0,DS1
46.39,88.54,80.8,33.1,79.7,0,DS1
88.87,78.93,74.62,56.5,63.39,0,DS1
77.41,96.71,97.1,18.3,51.41,0,DS1
51.46,95.41,75.44,56.3,50.07,0,DS1
64.29,90.73,98.0,65.4,53.65,1,DS1
72.32,78.18,59.97,13.200000000000001,67.99,0,DS1
90.62,74.81,67.28,13.200000000000001,59.42,0,DS1
43.62,74.81,89.07,3.5,63.25,0,DS1
75.8,62.54,89.18,76.10000000000001,84.98,0,DS1
83.02,74.81,86.61,33.1,97.96,1,DS1
98.67,78.89,92.98,22.5,60.34,1,DS1
88.43,74.81,85.13,77.8,73.28,0,DS1
56.57,96.13,81.8,14.299999999999999,99.57,1,DS1
82.57,77.86,72.95,42.699999999999996,96.58,1,DS1
85.8,76.33,73.35,74.5,67.62,0,DS1
83.78,71.78,70.31,57.400000000000006,65.98,1,DS1
89.21,52.9,81.01,55.4,62.11,0,DS1
94.22,94.12,70.33,15.700000000000001,57.77,0,DS1
45.91,74.81,57.37,18.1,73.0,0,DS1
46.29,82.12,55.33,58.3,67.06,0,DS1
87.78,80.37,96.22,2.4,87.24,1,DS1
55.14,74.81,51.24,86.89999999999999,61.84,0,DS1
43.51,76.29,55.27,35.0,86.82,0,DS1
64.07,59.07,72.27,41.7,64.41,0,DS1
89.19,64.03,63.15,25.8,79.64,0,DS1
47.59,76.21,70.29,87.69999999999999,81.92,1,DS1
80.31,89.47,55.87,64.3,83.59,0,DS1
40.22,71.6,56.55,45.0,58.77,0,DS1
46.58,74.81,90.03,58.5,64.14,0,DS1
61.05,54.4,87.96,38.0,62.31,0,DS1
45.02,83.15,55.21,46.6,78.81,1,DS1
90.75,71.17,83.39,35.8,53.79,0,DS1
91.84,56.27,80.47,41.1,75.91,0,DS1
85.33,74.81,85.67,31.5,54.37,0,DS1
54.55,60.38,73.72,7.800000000000001,66.85,0,DS1
71.39,75.45,63.5,3.7,84.34,1,DS1
51.05,65.31,83.18,17.4,70.63,0,DS1
56.88,96.58,68.57,25.2,64.02,0,DS1
70.96,61.41,60.95,89.0,80.79,0,DS1
84.1,71.0,70.43,61.1,87.01,0,DS1
45.68,97.97,88.16,95.8,62.73,1,DS1
57.8,65.94,73.79,34.0,64.97,1,DS1
95.6,74.81,64.99,40.199999999999996,82.01,0,DS1
65.75,65.84,91.59,72.0,98.26,0,DS1
96.33,55.53,94.08,57.800000000000004,60.69,1,DS1
99.48,81.38,71.66,52.800000000000004,82.71,0,DS1
71.6,95.8,68.73,57.599999999999994,95.33,0,DS1
57.28,72.63,80.63,58.4,73.1,0,DS1
87.45,81.31,52.9,76.6,65.84,0,DS1
49.56,74.81,84.57,66.8,83.34,0,DS1
55.12,70.75,89.11,95.7,51.57,0,DS1
87.09,80.74,69.87,94.80000000000001,68.01,0,DS1
66.02,74.81,58.73,42.199999999999996,62.9,0,DS1
52.09,68.9,51.44,3.5999999999999996,61.23,1,DS1
79.07,72.12,81.86,1.1,58.99,0,DS1
83.97,93.2,63.45,12.3,86.85,0,DS1
47.5,67.42,73.19,7.5,97.75,1,DS1
56.62,81.76,69.32,37.3,69.24,0,DS1
53.28,74.81,58.74,5.300000000000001,52.46,0,DS1
62.79,62.63,75.42,62.5,85.95,0,DS1
85.81,82.42,72.98,19.0,76.91,0,DS1
82.82,88.12,81.21,51.4,86.18,0,DS1
79.75,73.11,62.59,10.3,82.4,0,DS1
40.38,66.75,60.73,82.8,95.27,0,DS1
48.53,95.51,90.72,78.0,57.02,0,DS1
53.4,56.79,85.11,38.6,58.46,0,DS1
56.32,86.04,88.61,91.1,67.08,0,DS1
48.79,84.51,56.16,18.6,74.57,0,DS1
64.62,84.51,61.2,81.4,96.29,0,DS1
44.51,74.81,78.78,54.6,95.35,0,DS1
85.0,86.41,92.86,33.0,93.59,0,DS1
87.26,65.08,94.61,8.4,61.13,0,DS1
74.46,67.67,91.6,17.1,86.48,0,DS1
45.38,69.56,52.17,86.30000000000001,69.17,0,DS1
93.4,51.54,91.04,60.7,96.56,0,DS1
97.94,74.81,94.95,23.700000000000003,60.73,0,DS1
52.14,53.68,52.84,49.6,57.06,0,DS1
82.28,84.99,70.81,10.8,92.12,1,DS1
90.52,74.81,76.83,9.9,85.85,1,DS1
72.39,92.19,61.64,90.8,91.07,0,DS1
59.4,77.67,75.83,45.8,57.9,0,DS1
68.71,86.26,94.3,36.2,94.24,0,DS1
70.74,65.14,93.35,94.9,83.88,0,DS1
64.04,87.28,96.99,39.900000000000006,82.58,0,DS1
95.79,67.17,74.21,33.6,79.13,0,DS1
84.63,95.14,70.53,27.3,88.24,0,DS1
54.48,58.17,83.29,56.5,70.78,0,DS1
75.13,65.79,70.84,55.8,56.64,0,DS1
81.32,74.94,52.1,1.6,76.96,0,DS1
48.41,88.79,86.0,65.4,87.41,0,DS1
61.51,87.44,64.05,78.8,57.68,0,DS1
94.33,60.54,52.45,61.6,61.2,0,DS1
74.03,57.21,51.03,87.0,84.83,0,DS1
53.02,65.2,96.57,27.599999999999998,63.48,0,DS1
47.37,74.19,62.6,19.2,58.5,0,DS1
71.09,76.95,72.39,69.7,94.47,1,DS1
72.86,71.46,97.53,18.9,58.04,0,DS1
60.06,83.15,73.38,9.1,67.21,0,DS1
77.82,71.38,53.93,9.7,71.42,0,DS1
44.12,97.32,77.6,76.8,73.81,0,DS1
48.71,63.05,54.41,2.9,68.07,0,DS1
72.78,81.37,54.75,28.900000000000002,95.63,1,DS1
43.71,80.57,92.57,12.9,82.93,1,DS1
92.85,64.08,64.47,75.5,67.97,1,DS1
48.53,70.58,83.93,50.300000000000004,67.89,0,DS1
80.44,68.27,75.45,20.5,75.15,0,DS1
63.47,58.62,61.12,75.0,51.68,0,DS1
63.99,74.81,75.89,75.0,96.33,0,DS1
85.89,69.33,53.45,52.300000000000004,61.17,0,DS1
69.97,58.92,67.36,27.599999999999998,84.88,0,DS1
83.54,72.49,76.14,58.6,88.89,0,DS1
70.31,71.09,61.42,93.4,91.37,0,DS1
75.57,56.57,83.01,5.2,58.28,0,DS1
85.64,56.56,52.59,26.7,76.83,1,DS1
76.44,82.38,74.24,28.5,54.18,0,DS1
76.94,85.33,85.75,63.2,90.24,0,DS1
87.35,97.06,71.5,65.1,74.32,0,DS1
96.95,54.35,93.73,20.6,57.92,0,DS1
62.6,55.89,81.61,21.6,85.93,0,DS1
74.63,52.59,97.92,92.8,66.56,0,DS1
45.18,76.61,64.21,75.6,55.73,0,DS1
61.53,81.14,96.94,93.4,73.05,0,DS1
64.72,74.81,80.34,83.0,61.76,0,DS1
90.11,89.9,87.26,40.199999999999996,97.51,1,DS1
70.8,84.33,95.11,12.2,68.07,0,DS1
83.86,99.29,77.56,63.0,78.62,0,DS1
41.14,74.81,93.11,35.2,97.42,0,DS1
67.87,52.92,77.08,42.5,69.69,0,DS1
94.08,63.74,79.96,42.599999999999994,67.91,0,DS1
53.46,50.95,72.25,93.69999999999999,58.12,0,DS1
41.89,96.63,57.28,6.8999999999999995,96.92,0,DS1
66.0,65.2,77.68,19.3,90.04,0,DS1
82.27,77.62,98.87,60.8,61.05,0,DS1
67.27,74.81,89.36,88.4,66.63,0,DS1
67.6,62.29,87.37,91.8,95.75,0,DS1
80.19,57.62,82.17,55.9,76.86,0,DS1
55.26,66.02,67.4,3.5,77.82,0,DS1
85.11,80.77,58.48,36.3,82.41,0,DS1
49.19,98.58,61.23,91.89999999999999,88.11,0,DS1
63.75,74.81,50.32,50.0,96.96,0,DS1
79.36,76.64,83.67,72.69999999999999,90.11,0,DS1
89.7,51.76,90.59,26.9,96.73,0,DS1
87.49,92.0,63.45,2.5,91.03,0,DS1
83.3,52.24,54.59,57.800000000000004,52.32,0,DS1
61.55,95.31,66.79,83.5,55.88,0,DS1
47.34,76.93,64.6,99.0,94.24,1,DS1
53.01,58.42,72.54,84.7,51.38,0,DS1
91.89,72.59,63.21,55.4,89.71,0,DS1
91.44,99.75,66.99,60.9,92.49,1,DS1
97.09,65.25,95.38,82.4,70.77,0,DS1
44.56,63.47,66.74,2.0,67.74,0,DS1
72.21,55.9,89.28,95.19999999999999,59.72,0,DS1
78.92,79.86,81.29,53.099999999999994,52.45,0,DS1
82.64,54.46,66.88,95.19999999999999,87.27,0,DS1
78.63,88.3,90.89,76.5,53.69,0,DS1
86.2,95.96,79.75,15.2,97.23,0,DS1
61.57,74.81,50.43,16.5,64.84,0,DS1
50.77,55.4,53.44,35.4,89.71,0,DS1
52.28,77.91,87.63,26.400000000000002,52.98,0,DS1
40.72,74.81,72.33,43.9,76.81,0,DS1
61.02,78.6,70.28,60.4,67.45,0,DS1
45.5,90.75,57.29,43.7,51.5,0,DS1
59.29,76.89,57.87,5.6000000000000005,82.79,0,DS1
77.69,74.81,89.89,97.6,97.16,0,DS1
93.67,90.08,91.45,42.5,50.54,0,DS1
90.38,63.83,78.0,85.1,63.52,0,DS1
55.16,74.81,64.76,7.4,85.18,1,DS1
48.04,50.37,96.64,81.0,93.56,0,DS1
51.58,69.8,81.2,17.3,59.54,0,DS1
98.26,61.9,89.83,67.9,53.54,1,DS1
72.97,96.86,50.16,66.2,50.43,0,DS1
50.95,70.27,72.52,91.0,60.76,0,DS1
90.44,82.7,93.55,32.1,53.57,1,DS1
63.71,86.6,66.91,10.9,67.97,0,DS1
93.95,88.66,86.33,86.5,72.01,0,DS1
55.64,86.79,82.88,33.199999999999996,74.0,0,DS1
63.59,64.46,57.61,23.3,57.12,0,DS1
70.3,84.3,88.75,48.6,73.2,0,DS1
93.56,77.45,55.63,14.6,50.45,1,DS1
92.13,79.87,86.4,29.700000000000003,61.97,0,DS1
74.46,50.04,99.55,38.5,68.45,0,DS1
53.31,74.81,97.9,27.7,55.92,0,DS1
64.2,96.53,90.01,45.0,90.7,0,DS1
98.54,64.5,76.73,38.5,60.06,1,DS1
76.47,71.9,83.74,77.5,87.74,1,DS1
86.87,59.33,86.41,91.8,73.69,0,DS1
66.99,56.93,50.42,10.1,73.99,0,DS1
71.92,74.81,55.12,82.30000000000001,82.26,0,DS1
65.74,77.68,79.85,93.2,52.21,0,DS1
82.18,95.95,50.33,68.7,53.94,0,DS1
91.09,66.31,95.45,99.60000000000001,66.34,0,DS1
70.44,66.17,74.48,33.5,70.84,0,DS1
68.85,78.21,62.89,83.0,71.5,0,DS1
60.42,67.84,69.69,67.4,83.84,1,DS1
50.63,74.81,92.54,32.3,50.04,0,DS1
96.35,68.89,96.36,70.5,97.96,0,DS1
58.96,74.52,55.81,51.0,58.72,0,DS1
88.04,76.67,88.9,18.9,62.43,0,DS1
82.92,89.1,78.91,17.4,95.28,0,DS1
87.46,78.2,79.28,71.3,50.27,0,DS1
96.21,61.96,88.97,71.2,99.57,0,DS1
77.4,56.2,61.14,53.099999999999994,51.8,0,DS1
93.88,74.81,76.55,50.099999999999994,56.03,0,DS1
50.06,90.08,65.97,18.0,62.01,0,DS1
77.6,74.81,54.73,42.9,71.94,0,DS1
86.34,91.08,55.25,87.10000000000001,75.92,0,DS1
56.3,79.53,56.82,85.5,55.24,0,DS1
84.45,75.94,80.74,66.10000000000001,53.68,0,DS1
86.71,50.61,55.29,99.7,51.59,1,DS1
89.87,89.04,78.51,89.3,62.84,0,DS1
58.77,59.9,79.41,14.5,96.08,0,DS1
80.9,74.81,95.19,39.900000000000006,69.49,0,DS1
58.26,50.79,81.32,13.200000000000001,88.2,0,DS1
84.34,89.82,99.28,46.6,59.51,1,DS1
67.78,51.15,51.55,77.6,53.23,0,DS1
75.85,74.81,85.21,15.600000000000001,77.71,0,DS1
64.95,63.41,51.32,88.0,91.1,0,DS1
49.72,57.88,86.47,56.900000000000006,94.92,0,DS1
50.68,74.05,69.29,74.9,77.31,0,DS1
44.65,64.18,80.57,4.5,64.7,0,DS1
77.08,99.66,65.48,9.399999999999999,55.48,0,DS1
90.92,79.0,57.96,62.1,83.39,0,DS1
41.25,78.32,86.18,83.80000000000001,64.02,0,DS1
43.97,61.04,95.23,87.4,92.2,0,DS1
67.45,70.43,59.18,68.8,80.26,0,DS1
84.26,56.2,96.04,20.099999999999998,92.94,0,DS1
49.46,88.13,57.01,19.5,78.33,0,DS1
56.3,66.56,86.78,88.10000000000001,88.59,0,DS1
53.92,87.6,97.97,11.299999999999999,64.72,0,DS1
63.94,68.58,57.37,68.60000000000001,75.15,0,DS1
53.5,99.44,71.75,53.4,50.97,0,DS1
61.16,58.56,66.87,42.1,80.39,0,DS1
83.71,50.08,69.42,44.0,76.69,0,DS1
76.66,79.74,87.66,94.5,87.76,1,DS1
44.87,97.65,83.06,86.1,86.45,0,DS1
78.26,82.35,98.43,86.5,81.38,0,DS1
68.62,54.29,59.27,40.7,52.83,1,DS1
96.07,77.02,77.16,10.700000000000001,95.15,0,DS1
57.36,95.47,72.46,99.80000000000001,50.9,0,DS1
83.57,50.33,95.94,14.5,90.16,0,DS1
83.85,58.35,50.53,51.6,73.97,1,DS1
53.29,74.81,99.46,26.5,90.9,0,DS1
94.19,94.7,73.99,51.1,73.25,0,DS1
69.47,85.36,81.28,30.5,82.35,1,DS1
80.73,74.81,68.0,89.7,68.16,0,DS1
48.75,54.51,92.63,96.8,87.18,0,DS1
55.47,74.81,78.1,41.0,62.71,0,DS1
75.17,84.25,83.14,7.0,85.97,0,DS1
59.14,85.13,82.45,66.3,59.67,0,DS1
69.98,89.67,68.2,37.7,86.11,0,DS1
62.44,95.88,53.8,98.6,64.68,0,DS1
78.43,68.08,90.39,8.9,63.93,0,DS1
69.23,52.15,64.49,11.899999999999999,90.57,0,DS1
40.28,68.12,92.45,69.9,90.68,0,DS1
78.98,83.58,80.43,75.9,84.57,0,DS1
65.33,60.67,67.69,47.1,96.2,0,DS1
60.5,90.5,79.71,27.7,57.81,0,DS1
45.65,60.99,82.27,31.0,63.47,0,DS1
53.22,50.5,85.33,33.8,64.7,0,DS1
53.43,75.4,91.12,22.5,65.26,1,DS1
96.12,86.32,57.99,85.1,66.4,0,DS1
65.95,67.48,97.21,6.5,84.85,0,DS1
42.52,87.44,70.54,40.7,63.54,0,DS1
48.33,71.92,93.02,74.80000000000001,64.3,0,DS1
44.74,58.59,61.02,0.4,78.52,0,DS1
75.33,54.53,51.45,87.8,59.67,0,DS1
51.2,85.53,78.67,70.6,68.24,1,DS1
69.91,69.29,66.23,7.3,52.9,0,DS1
62.2,95.64,99.22,89.5,97.63,0,DS1
88.23,77.01,55.22,48.7,65.87,0,DS1
59.23,67.42,52.37,65.19999999999999,92.5,0,DS1
67.5,67.45,52.25,88.2,76.5,1,DS1
83.28,56.57,60.84,88.10000000000001,61.41,0,DS1
66.0,79.69,78.96,40.9,59.67,0,DS1
87.59,79.11,75.28,23.799999999999997,84.75,0,DS1
79.7,90.0,67.5,25.7,98.24,0,DS1
64.63,60.06,54.44,76.6,59.15,1,DS1
70.24,64.54,61.69,92.89999999999999,55.77,0,DS1
98.03,54.86,59.21,7.199999999999999,69.35,1,DS1
79.7,64.77,87.28,1.5,69.69,0,DS1
94.3,71.41,89.0,82.30000000000001,90.31,0,DS1
50.73,98.2,88.85,38.7,73.44,0,DS1
68.99,82.65,98.45,27.599999999999998,53.12,0,DS1
94.52,89.14,94.21,18.799999999999997,96.03,0,DS1
59.36,66.28,74.89,34.6,68.66,0,DS1
98.06,57.23,70.75,97.10000000000001,83.43,0,DS1
45.82,62.84,95.79,97.69999999999999,83.37,0,DS1
94.16,62.82,80.56,33.199999999999996,52.82,0,DS1
66.71,79.16,64.72,96.4,50.18,1,DS1
44.42,74.81,78.22,30.0,54.4,0,DS1
92.77,92.87,99.61,85.39999999999999,97.83,1,DS1
55.12,99.43,92.47,21.200000000000003,89.7,0,DS1
41.34,67.16,64.06,82.6,56.6,0,DS1
48.15,85.25,97.65,35.4,80.74,0,DS1
79.55,82.87,99.07,19.6,80.6,0,DS1
98.67,59.72,61.56,93.5,50.03,0,DS1
46.69,95.9,94.78,21.400000000000002,71.45,0,DS1
67.72,74.81,94.16,99.2,85.59,0,DS1
50.84,86.85,51.99,10.9,59.34,0,DS1
84.7,67.38,83.48,1.0,92.55,0,DS1
47.08,68.35,65.26,87.10000000000001,83.02,0,DS1
54.39,72.77,83.73,58.7,50.35,1,DS1
51.78,93.23,95.68,42.199999999999996,92.75,0,DS1
73.15,57.01,74.94,8.2,50.97,0,DS1
92.39,52.73,70.72,57.5,94.4,0,DS1
70.67,74.81,96.08,39.4,66.69,0,DS1
43.49,52.78,98.71,48.4,84.93,0,DS1
73.8,84.38,53.11,63.0,89.37,0,DS1
87.85,88.02,96.14,64.0,64.06,0,DS1
47.93,92.74,54.14,96.1,67.82,0,DS1
44.36,87.19,66.86,65.5,75.48,0,DS1
51.27,95.82,88.13,33.9,79.13,0,DS1
84.77,87.42,88.85,33.0,64.6,0,DS1
75.5,96.8,86.29,47.699999999999996,99.62,1,DS1
72.44,59.66,51.96,25.9,86.85,0,DS1
54.97,74.99,56.65,37.599999999999994,63.71,0,DS1
59.93,99.7,96.81,84.2,82.02,0,DS1
97.95,84.08,54.07,86.0,71.77,0,DS1
54.44,93.93,53.93,62.800000000000004,93.02,0,DS1
94.1,51.52,91.78,58.3,66.45,0,DS1
74.83,93.59,82.06,42.699999999999996,59.39,0,DS1
47.4,84.89,67.58,63.6,52.31,0,DS1
68.04,58.54,58.29,80.60000000000001,99.22,0,DS1
96.91,51.28,94.21,73.8,67.96,0,DS1
65.11,63.0,99.43,3.5,61.03,0,DS1
91.8,95.79,52.5,73.1,74.59,0,DS1
55.39,83.41,77.71,72.0,64.58,0,DS1
74.26,95.97,63.07,9.9,61.65,0,DS1
90.63,72.31,91.62,15.0,80.82,1,DS1
95.24,96.83,67.3,78.8,53.74,0,DS1
69.15,73.15,85.73,55.9,75.45,0,DS1
78.38,60.21,76.98,82.2,69.37,0,DS1
40.18,57.57,77.08,18.5,76.63,0,DS1
55.19,99.69,92.9,3.1,66.02,0,DS1
56.72,66.69,73.52,16.200000000000003,78.52,0,DS1
45.61,58.0,92.28,45.300000000000004,54.09,0,DS1
56.78,50.42,68.17,52.300000000000004,68.81,0,DS1
59.27,64.28,58.74,85.8,61.87,0,DS1
98.13,94.46,72.77,71.6,71.9,0,DS1
80.12,74.81,74.92,99.0,69.92,0,DS1
65.56,81.62,73.92,7.9,81.56,0,DS1
99.28,74.81,90.42,13.0,81.44,1,DS1
49.19,75.64,78.23,8.4,70.67,0,DS1
68.56,74.81,94.42,53.8,59.08,0,DS1
78.82,66.19,75.71,26.7,79.1,0,DS1
43.33,74.81,61.24,68.4,98.33,0,DS1
83.02,53.94,56.47,13.3,59.27,0,DS1
45.99,86.24,93.42,10.3,53.45,0,DS1
48.42,83.03,52.81,46.0,63.23,0,DS1
49.58,59.58,55.88,37.599999999999994,70.65,0,DS1
95.73,69.44,53.18,82.89999999999999,65.31,0,DS1
80.99,65.64,71.19,83.80000000000001,91.74,1,DS1
79.33,54.72,76.63,11.7,74.65,0,DS1
73.33,79.24,50.99,81.19999999999999,62.31,0,DS1
57.57,99.68,75.78,56.4,97.51,0,DS1
77.25,74.81,69.69,50.4,56.25,0,DS1
64.61,77.26,88.68,9.5,56.15,0,DS1
48.72,52.02,91.5,74.0,62.26,0,DS1
81.38,56.96,84.25,6.0,53.84,1,DS1
47.77,75.66,73.67,27.799999999999997,87.58,0,DS1
51.44,99.26,60.81,9.5,65.64,0,DS1
89.06,93.83,92.36,53.099999999999994,86.49,0,DS1
79.61,67.01,67.08,64.5,88.14,0,DS1
77.86,77.15,67.81,89.1,61.88,0,DS1
65.09,74.81,95.8,73.4,75.92,1,DS1
63.78,84.27,98.78,96.1,75.98,0,DS1
81.42,84.39,94.91,76.10000000000001,93.57,1,DS1
84.4,89.49,99.91,29.8,51.28,0,DS1
70.61,51.25,93.45,54.800000000000004,65.84,0,DS1
98.16,97.18,85.22,45.8,94.12,0,DS1
97.34,53.5,64.69,56.6,61.84,0,DS1
64.75,73.81,97.65,57.199999999999996,56.84,0,DS1
89.24,95.98,93.83,70.19999999999999,78.81,0,DS1
72.6,74.38,62.04,8.299999999999999,65.29,0,DS1
70.71,53.18,74.46,74.7,73.36,1,DS1
43.3,61.46,53.5,14.399999999999999,91.0,0,DS1
74.44,78.93,97.67,2.6,76.03,0,DS1
94.03,54.39,78.64,51.900000000000006,75.79,0,DS1
86.81,71.18,62.26,58.099999999999994,63.91,0,DS1
87.18,66.45,64.62,3.5,89.64,0,DS1
49.6,90.76,99.03,51.5,86.99,0,DS1
61.51,55.51,80.78,53.5,61.71,0,DS1
53.99,84.14,71.03,5.2,66.0,1,DS1
58.95,70.33,74.99,71.2,89.43,0,DS1
74.77,79.39,54.93,21.0,67.89,0,DS1
61.89,60.28,53.75,79.4,70.18,0,DS1
73.64,80.49,79.64,31.099999999999998,68.22,1,DS1
66.31,83.7,75.6,47.800000000000004,58.08,0,DS1
57.2,53.51,67.96,89.2,67.04,0,DS1
45.72,91.22,78.31,80.60000000000001,90.15,0,DS1
93.51,93.06,53.63,78.2,74.55,1,DS1
40.68,53.18,97.2,16.0,72.91,0,DS1
40.1,80.16,64.69,4.8,57.82,0,DS1
89.61,79.7,53.59,60.599999999999994,58.88,0,DS1
99.81,50.62,58.48,41.1,52.15,0,DS1
83.63,67.12,54.77,90.9,50.7,1,DS1
40.92,98.45,58.93,35.0,74.4,0,DS1
53.6,77.77,70.84,41.1,70.46,0,DS1
98.31,96.66,86.9,52.599999999999994,63.77,1,DS1
88.52,83.78,63.62,79.6,99.5,0,DS1
74.01,51.42,71.8,26.8,69.9,1,DS1
54.21,53.89,96.44,94.2,89.44,0,DS1
40.86,86.11,64.79,54.0,60.53,0,DS1
41.25,77.73,89.74,84.1,62.35,1,DS1
76.72,56.36,57.89,52.599999999999994,78.42,0,DS1
41.31,80.7,58.92,77.2,50.2,0,DS1
99.62,74.81,72.81,5.1,50.87,0,DS1
51.0,87.65,61.71,79.9,57.11,0,DS1
82.64,62.31,95.15,52.400000000000006,61.16,1,DS1
49.3,62.91,52.54,44.900000000000006,76.39,0,DS1
72.41,98.39,79.86,11.200000000000001,84.31,0,DS1
44.84,94.37,80.21,74.2,65.59,0,DS1
86.01,65.92,53.3,13.100000000000001,61.95,1,DS1
75.1,91.2,86.63,19.2,91.14,0,DS1
45.17,58.09,73.44,12.6,58.14,0,DS1
90.92,74.81,86.15,0.7000000000000001,83.92,1,DS1
72.82,59.06,91.35,66.2,96.57,0,DS1
95.3,54.39,66.14,27.1,61.61,0,DS1
95.0,92.73,74.22,14.9,54.35,0,DS1
95.23,78.94,63.04,32.0,98.99,0,DS1
44.67,62.95,60.08,49.900000000000006,63.54,0,DS1
47.26,92.43,50.03,50.300000000000004,63.78,1,DS1
99.26,90.13,98.18,36.7,74.19,0,DS1
69.26,55.05,72.05,49.5,61.55,0,DS1
54.29,74.81,50.65,42.699999999999996,99.64,0,DS1
86.18,86.09,50.45,82.30000000000001,52.15,0,DS1
55.86,85.79,64.42,3.0,72.57,0,DS1
83.63,86.16,50.7,86.8,77.42,0,DS1
90.24,58.47,68.73,24.4,73.35,0,DS1
87.06,74.81,53.15,72.2,76.03,0,DS1
56.44,92.21,51.96,40.5,99.38,0,DS1
64.1,94.92,83.47,29.4,93.85,1,DS1
64.8,63.96,95.34,61.5,65.42,1,DS1
69.48,51.15,70.47,76.9,77.57,0,DS1
50.04,92.99,91.84,45.0,50.02,0,DS1
67.15,68.85,51.46,46.7,70.48,0,DS1
70.65,74.81,88.88,5.8999999999999995,58.19,0,DS1
71.9,67.35,53.14,92.4,85.57,0,DS1
89.19,70.78,91.92,84.7,61.05,1,DS1
71.04,68.91,94.12,39.8,87.44,1,DS1
53.85,78.32,89.3,76.5,65.66,0,DS1
79.79,53.95,91.04,31.299999999999997,96.29,1,DS1
87.84,98.58,78.07,73.0,72.27,0,DS1
59.16,96.82,63.24,51.7,91.98,0,DS1
78.72,96.72,82.16,46.1,81.41,1,DS1
48.82,93.96,71.98,5.699999999999999,98.87,0,DS1
60.52,83.02,50.27,96.5,87.14,0,DS1
94.55,61.06,73.84,83.69999999999999,86.39,0,DS1
94.68,52.47,82.56,79.3,63.24,0,DS1
74.52,54.97,50.69,30.5,75.24,0,DS1
82.14,66.2,81.07,29.0,64.51,0,DS1
91.24,75.19,82.63,57.300000000000004,50.96,0,DS1
97.51,99.66,57.91,84.60000000000001,85.53,0,DS1
69.39,71.77,71.55,93.5,61.79,0,DS1
73.69,76.23,98.22,26.9,69.87,0,DS1
64.94,84.76,94.21,60.7,64.23,0,DS1
44.32,59.04,70.54,72.4,59.98,0,DS1
65.37,96.64,67.49,22.599999999999998,53.36,1,DS1
87.44,76.45,56.2,40.7,66.89,0,DS1
88.29,63.81,51.76,18.700000000000003,54.09,0,DS1
93.54,96.76,64.87,69.9,77.02,0,DS1
43.09,81.27,97.01,86.4,50.98,0,DS1
71.63,74.18,97.93,87.8,97.0,0,DS1
46.45,79.01,90.63,67.0,98.32,1,DS1
52.04,87.42,67.54,34.7,65.23,0,DS1
94.01,57.73,57.18,66.10000000000001,63.01,0,DS1
69.81,93.24,79.78,86.4,55.22,0,DS1
85.51,74.81,82.33,62.599999999999994,95.25,0,DS1
43.86,78.35,71.23,41.3,79.34,0,DS1
65.01,84.11,84.58,92.0,80.51,0,DS1
80.45,74.81,87.33,83.5,94.79,0,DS1
48.0,68.74,89.15,88.2,95.54,0,DS1
59.55,74.81,75.11,90.3,91.42,0,DS1
43.87,84.03,89.58,39.4,88.67,0,DS1
79.08,71.2,51.27,86.0,93.86,0,DS1
98.25,83.87,84.02,57.0,93.8,0,DS1
89.62,76.08,61.78,3.8,68.43,0,DS1
98.48,55.58,63.53,63.6,98.67,0,DS1
90.74,89.79,54.57,47.1,85.46,0,DS1
91.31,78.22,59.62,27.5,68.51,0,DS1
74.63,89.79,99.6,97.0,72.1,0,DS1
71.1,57.75,70.77,5.5,84.36,0,DS1
64.38,76.92,96.39,94.60000000000001,68.05,0,DS1
89.09,88.33,58.14,15.9,91.33,0,DS1
50.92,99.42,60.2,37.7,57.4,0,DS1
43.37,74.81,77.89,41.7,95.38,0,DS1
96.87,93.22,67.48,73.1,65.06,0,DS1
40.23,62.37,82.2,21.6,57.64,0,DS1
98.61,91.9,71.1,98.6,92.9,0,DS1
83.73,58.46,90.58,74.9,61.97,0,DS1
59.71,59.91,71.58,79.0,92.17,0,DS1
81.87,55.51,78.62,10.600000000000001,64.81,0,DS1
89.07,92.88,66.05,47.599999999999994,96.69,1,DS1
54.72,55.41,85.2,94.60000000000001,60.95,0,DS1
86.25,56.91,82.74,27.0,53.48,0,DS1
88.26,62.29,69.85,14.5,96.83,1,DS1
54.96,74.81,63.8,48.5,58.28,0,DS1
42.52,94.01,80.71,93.0,97.21,0,DS1
52.25,70.91,97.16,48.7,91.2,0,DS1
52.04,77.31,56.63,40.5,54.1,0,DS1
43.91,74.81,89.96,65.0,72.26,0,DS1
83.56,63.3,77.15,93.69999999999999,53.67,0,DS1
62.8,56.7,76.28,4.9,66.49,1,DS1
93.06,70.5,98.08,15.3,67.58,0,DS1
55.13,79.52,80.29,13.3,79.98,0,DS1
67.19,64.2,91.53,8.5,98.79,0,DS1
78.34,92.3,75.72,30.2,58.49,0,DS1
92.65,99.06,62.49,22.9,66.46,0,DS1
71.48,56.01,84.72,54.900000000000006,79.36,0,DS1
62.41,74.81,96.16,32.7,58.57,0,DS1
92.02,89.49,92.06,40.5,85.54,0,DS1
58.61,59.53,59.92,94.2,70.18,0,DS1
44.77,67.66,65.84,15.600000000000001,97.48,0,DS1
66.7,69.71,75.84,38.8,81.49,0,DS1
87.11,95.83,78.58,25.7,68.15,0,DS1
41.85,82.94,59.69,54.900000000000006,85.97,0,DS1
75.15,52.03,61.5,73.60000000000001,91.94,0,DS1
75.67,50.74,87.94,81.7,90.02,0,DS1
95.71,59.98,86.52,51.5,63.14,0,DS1
57.19,65.91,91.96,85.5,70.85,0,DS1
56.73,74.23,96.65,78.5,72.61,0,DS1
66.43,91.89,65.41,15.700000000000001,69.42,0,DS1
61.41,74.81,92.98,24.5,65.54,0,DS1
84.18,68.83,83.3,67.2,87.64,0,DS1
78.51,66.47,97.89,97.5,50.61,0,DS1
85.54,50.45,63.6,37.599999999999994,64.68,0,DS1
89.2,97.76,63.48,23.0,57.08,1,DS1
95.38,56.95,85.21,86.89999999999999,56.44,1,DS1
65.86,64.38,96.42,20.0,63.85,0,DS1
99.08,56.47,91.23,69.7,88.11,0,DS1
52.94,74.81,86.35,3.4000000000000004,98.47,0,DS1
82.86,96.61,69.37,1.9,75.73,0,DS1
72.04,55.04,85.89,45.199999999999996,66.95,0,DS1
89.01,72.04,90.05,65.7,91.46,0,DS1
68.61,51.12,87.66,14.2,53.36,0,DS1
87.04,88.54,83.84,76.39999999999999,54.66,1,DS1
95.81,82.06,52.36,12.9,67.27,0,DS1
83.94,84.98,82.99,53.4,72.42,1,DS1
86.57,73.62,73.91,30.8,89.89,0,DS1
44.03,95.38,98.08,75.19999999999999,96.26,0,DS1
52.3,74.81,80.36,80.39999999999999,76.56,0,DS1
98.46,75.7,80.41,6.6000000000000005,74.78,0,DS1
81.59,74.81,99.7,19.3,60.65,0,DS1
73.69,76.03,54.68,89.3,72.56,1,DS1
62.02,59.47,63.82,41.6,96.18,1,DS1
42.66,65.85,82.8,47.699999999999996,69.64,0,DS1
62.15,54.61,65.76,16.8,60.53,0,DS1
69.93,71.63,67.31,99.5,66.86,0,DS1
52.69,80.47,94.63,92.30000000000001,75.73,1,DS1
50.39,55.93,78.97,0.2,79.93,0,DS1
70.5,74.81,55.14,55.099999999999994,71.62,0,DS1
75.15,94.64,65.54,87.2,87.93,0,DS1
54.4,66.89,53.8,43.099999999999994,79.22,0,DS1
75.24,61.1,77.81,43.7,83.25,1,DS1
94.02,94.65,58.66,37.9,93.15,1,DS1
68.39,84.6,92.86,2.9,93.28,0,DS1
91.44,55.27,78.87,79.0,60.18,0,DS1
95.64,70.41,52.97,45.7,81.17,0,DS1
45.54,83.7,65.04,53.099999999999994,85.83,0,DS1
45.75,78.72,80.82,25.6,57.29,0,DS1
68.56,74.81,66.77,78.4,92.14,0,DS1
75.29,78.36,75.66,79.4,59.02,0,DS1
65.55,89.9,95.47,55.300000000000004,89.96,0,DS1
59.59,66.02,67.5,90.5,58.07,1,DS1
78.46,85.42,66.79,11.6,87.09,1,DS1
40.12,99.55,90.99,78.7,57.41,1,DS1
98.08,69.5,65.94,55.9,68.94,0,DS1
53.92,89.55,53.9,23.1,57.18,0,DS1
95.03,62.31,59.05,13.200000000000001,63.54,0,DS1
46.54,64.09,97.44,30.099999999999998,99.23,0,DS1
54.29,96.74,96.66,85.60000000000001,55.38,0,DS1
54.09,51.3,61.24,78.8,70.32,0,DS1
99.77,60.87,77.68,64.5,83.85,0,DS1
40.28,74.15,56.87,9.0,54.73,0,DS1
78.38,70.09,83.73,95.5,55.45,0,DS1
92.18,81.46,59.27,30.5,57.16,0,DS1
80.34,59.64,52.49,60.7,82.25,0,DS1
61.76,53.53,91.24,80.3,95.47,0,DS1
97.5,68.47,66.27,13.3,91.3,0,DS1
93.61,76.22,55.43,65.19999999999999,99.15,0,DS1
66.04,78.1,91.7,3.2,78.91,1,DS1
74.4,74.81,88.12,10.2,98.07,0,DS1
98.05,77.43,84.19,72.30000000000001,65.25,1,DS1
98.95,62.29,95.56,15.5,71.08,0,DS1
66.99,88.23,74.46,44.400000000000006,69.8,0,DS1
90.84,54.39,56.4,24.8,52.37,0,DS1
58.12,59.92,53.07,42.1,91.49,0,DS1
62.31,86.97,65.92,7.7,51.24,0,DS1
49.89,63.99,54.34,75.5,86.49,0,DS1
52.55,74.67,76.78,7.9,70.35,1,DS1
79.41,66.36,50.72,83.80000000000001,50.31,0,DS1
70.65,75.35,72.19,66.3,64.5,0,DS1
53.87,67.33,58.92,41.7,67.31,0,DS1
64.17,99.71,68.41,86.6,98.24,0,DS1
62.39,67.87,83.75,18.6,83.05,0,DS1
99.24,81.35,67.55,26.5,77.18,0,DS1
91.21,94.42,67.07,13.700000000000001,56.35,1,DS1
63.28,81.9,99.54,38.199999999999996,69.56,0,DS1
94.83,78.29,85.94,98.69999999999999,51.79,0,DS1
60.56,74.81,75.69,16.1,88.08,1,DS1
80.07,74.82,78.97,83.10000000000001,58.14,0,DS1
98.0,90.38,81.01,65.19999999999999,79.72,0,DS1
63.42,52.52,51.23,1.6,84.97,0,DS1
80.79,94.26,54.01,94.5,68.33,0,DS1
57.76,79.31,82.46,97.10000000000001,81.63,0,DS1
55.98,92.44,68.22,92.5,88.21,1,DS1
74.45,50.52,52.77,50.199999999999996,59.21,0,DS1
98.76,93.46,64.88,22.0,80.04,0,DS1
67.19,74.81,56.51,39.1,86.69,0,DS1
96.26,86.06,95.82,61.4,67.85,0,DS1
94.86,70.83,60.15,37.9,58.12,0,DS1
55.23,74.81,57.18,70.8,64.31,1,DS1
64.11,81.41,81.31,79.6,96.65,0,DS1
78.6,58.17,76.1,20.9,67.87,0,DS1
71.08,75.73,78.8,40.5,55.39,0,DS1
45.76,63.86,71.8,95.8,54.14,0,DS1
99.62,78.02,73.36,25.0,59.02,0,DS1
85.16,86.9,88.94,34.6,56.38,1,DS1
66.26,54.06,61.0,3.5999999999999996,74.75,0,DS1
77.09,75.79,69.83,33.199999999999996,67.38,0,DS1
45.25,80.88,97.89,37.1,92.07,0,DS1
69.72,74.81,59.5,10.0,94.05,0,DS1
95.85,74.81,64.69,0.1,73.66,0,DS1
93.8,76.02,59.58,57.5,94.43,0,DS1
60.24,59.13,51.02,30.2,72.52,0,DS1
71.88,74.81,63.49,1.7999999999999998,82.1,0,DS1
81.84,77.08,52.32,86.0,58.13,0,DS1
60.4,68.76,57.73,58.4,52.63,0,DS1
43.89,59.63,68.13,17.1,58.0,0,DS1
70.33,51.53,51.04,86.5,62.59,0,DS1
76.1,78.33,87.65,25.4,87.55,0,DS1
40.35,79.93,89.78,22.7,58.68,0,DS1
45.73,57.09,70.57,89.5,56.53,0,DS1
52.44,80.09,99.23,17.9,96.38,0,DS1
60.88,97.6,83.95,87.89999999999999,84.44,0,DS1
72.46,98.91,87.19,80.3,73.67,1,DS1
57.63,94.42,59.62,31.0,54.75,0,DS1
56.57,90.35,91.87,3.4000000000000004,92.59,1,DS1
92.16,60.47,97.25,8.299999999999999,55.41,0,DS1
48.7,57.82,61.82,11.0,80.55,1,DS1
69.73,72.25,84.32,89.1,83.38,0,DS1
97.17,74.81,87.35,40.4,70.01,0,DS1
77.5,92.53,65.26,3.3000000000000003,95.56,0,DS1
83.03,61.6,73.75,55.7,52.54,0,DS1
65.87,73.98,54.88,20.8,90.91,1,DS1
41.2,74.81,58.65,23.5,77.69,0,DS1
78.77,72.28,53.08,16.1,80.56,0,DS1
77.92,72.71,78.01,76.2,99.34,1,DS1
46.63,61.26,81.26,0.1,79.13,1,DS1
67.73,99.33,95.81,43.9,89.85,0,DS1
94.92,73.76,77.11,8.7,57.68,0,DS1
52.31,76.64,63.03,55.199999999999996,90.46,0,DS1
67.67,60.93,52.97,34.6,88.05,0,DS1
67.67,74.81,94.25,2.8000000000000003,98.41,0,DS1
88.65,62.77,73.94,46.1,96.79,0,DS1
89.47,60.12,86.87,57.1,60.7,0,DS1
85.56,63.79,50.73,24.8,73.25,0,DS1
61.93,50.14,74.41,76.6,95.57,0,DS1
44.32,78.51,66.29,37.1,82.04,0,DS1
60.97,69.37,51.52,74.9,73.19,0,DS1
80.79,94.93,88.78,57.9,55.45,0,DS1
82.16,52.04,75.65,86.89999999999999,67.59,0,DS1
97.9,52.16,66.66,54.699999999999996,83.26,0,DS1
67.22,94.29,90.29,18.6,88.85,0,DS1
77.95,56.33,72.35,82.30000000000001,72.36,0,DS1
72.35,50.11,50.17,78.3,52.79,0,DS1
49.04,58.95,97.22,97.2,81.66,0,DS1
67.67,91.19,62.78,9.399999999999999,96.08,0,DS1
72.69,90.14,91.53,59.1,74.82,0,DS1
97.04,67.01,90.82,49.2,96.42,0,DS1
61.99,83.4,58.12,67.1,67.71,0,DS1
98.81,74.81,73.7,98.0,94.32,0,DS1
72.54,95.24,52.01,53.2,89.32,0,DS1
54.55,74.81,67.73,68.60000000000001,98.09,0,DS1
51.5,90.66,86.55,34.7,89.55,0,DS1
48.5,58.53,61.85,29.900000000000002,66.07,0,DS1
67.18,69.58,55.86,33.5,95.03,0,DS1
41.32,59.6,75.36,3.9000000000000004,83.49,0,DS1
66.7,85.13,76.85,28.5,58.1,1,DS1
99.3,83.92,83.79,17.3,52.3,0,DS1
80.21,77.39,87.96,45.7,68.29,1,DS1
85.59,84.91,84.79,46.1,89.34,0,DS1
47.14,81.98,92.27,76.5,80.91,1,DS1
68.39,74.81,61.15,50.199999999999996,76.36,0,DS1
57.17,61.97,78.49,46.3,50.19,0,DS1
93.65,71.45,68.0,23.2,71.78,0,DS1
50.88,57.58,98.11,85.19999999999999,57.89,0,DS1
67.52,71.48,72.01,9.1,72.73,0,DS1
75.28,85.08,97.99,98.2,99.59,0,DS1
70.84,84.57,88.45,47.599999999999994,93.98,0,DS1
89.81,85.47,85.92,18.6,65.53,0,DS1
53.89,65.44,74.58,35.4,79.68,0,DS1
62.64,83.11,72.17,1.5,75.1,0,DS1
87.53,74.81,76.33,16.7,56.5,0,DS1
71.68,97.22,64.68,33.5,99.49,0,DS1
64.13,74.81,95.23,55.4,71.26,1,DS1
41.77,80.15,89.72,12.9,75.28,0,DS1
85.2,87.51,90.07,67.6,82.38,1,DS1
98.33,95.32,71.66,84.39999999999999,59.58,1,DS1
77.22,71.9,53.55,57.199999999999996,61.11,0,DS1
91.39,68.02,84.15,29.700000000000003,59.63,0,DS1
71.01,71.5,68.72,12.1,69.22,0,DS1
53.9,74.81,93.52,1.6,59.98,0,DS1
40.87,74.81,89.02,73.2,96.32,0,DS1
79.2,96.64,57.27,62.800000000000004,85.72,0,DS1
69.59,56.3,80.09,47.599999999999994,94.89,1,DS1
86.93,78.05,84.61,10.2,92.42,0,DS1
81.68,94.88,78.41,20.7,85.16,0,DS1
99.28,55.01,75.7,81.5,62.14,1,DS1
70.62,74.81,61.39,48.0,80.77,1,DS1
65.63,93.26,61.8,96.30000000000001,59.31,0,DS1
57.2,95.02,88.4,100.0,56.62,0,DS1
68.61,75.72,50.93,80.1,81.63,0,DS1
92.37,51.25,88.95,25.8,81.23,0,DS1
42.55,55.28,76.34,23.1,57.83,0,DS1
98.67,79.34,96.81,25.4,67.62,0,DS1
99.6,56.19,99.87,98.69999999999999,53.31,0,DS1
75.87,57.47,83.17,33.5,85.79,1,DS1
59.89,88.61,70.61,70.6,99.37,0,DS1
53.38,87.53,73.75,95.9,87.0,0,DS1
56.59,92.14,60.21,82.0,92.21,0,DS1
43.01,55.29,54.96,59.800000000000004,73.82,0,DS1
68.51,59.91,78.94,16.9,54.78,0,DS1
43.44,91.65,90.27,17.5,86.33,0,DS1
83.11,86.05,63.09,49.2,62.83,0,DS1
62.32,90.3,70.98,95.19999999999999,69.41,1,DS1
51.96,99.49,77.74,90.39999999999999,85.15,0,DS1
72.69,93.22,95.39,16.599999999999998,95.24,0,DS1
98.43,76.02,56.93,28.799999999999997,74.31,0,DS1
81.71,74.81,61.84,58.9,98.08,0,DS1
69.5,78.48,95.93,47.699999999999996,76.0,0,DS1
86.61,81.93,51.98,11.899999999999999,56.13,0,DS1
84.25,66.77,82.81,36.9,75.92,0,DS1
93.5,74.81,81.98,95.5,93.03,0,DS1
52.28,54.64,69.16,95.1,76.9,0,DS1
91.53,88.97,73.41,55.9,87.39,0,DS1
58.06,51.6,92.75,63.5,77.4,0,DS1
96.46,74.9,58.25,22.200000000000003,77.3,1,DS1
56.86,93.07,61.58,74.2,64.24,0,DS1
95.61,54.32,75.62,5.2,60.06,1,DS1
97.83,75.89,70.49,22.1,63.95,0,DS1
48.73,57.97,78.72,0.6,72.04,0,DS1
98.47,74.81,96.04,38.6,90.48,0,DS1
45.14,91.62,95.86,85.0,91.45,0,DS1
53.11,96.7,61.5,98.3,58.17,0,DS1
66.65,93.75,65.11,66.8,77.64,0,DS1
99.62,86.83,58.1,74.5,70.8,0,DS1
69.31,59.24,96.39,26.299999999999997,78.55,0,DS1
73.02,65.13,69.89,52.0,82.38,0,DS1
81.67,74.84,72.49,73.7,63.98,0,DS1
98.1,74.81,90.13,49.699999999999996,95.96,0,DS1
87.0,89.11,75.65,8.9,96.77,0,DS1
53.45,61.35,55.99,74.1,55.27,0,DS1
58.18,56.41,71.89,22.0,85.15,0,DS1
45.86,74.13,81.53,9.8,51.66,0,DS1
78.67,57.89,85.96,47.800000000000004,52.33,0,DS1
50.84,84.69,82.27,7.5,97.89,0,DS1
55.44,74.81,55.96,62.9,84.74,0,DS1
93.29,87.06,65.22,64.0,66.23,0,DS1
59.61,53.17,86.68,25.7,83.49,1,DS1
74.0,98.23,94.01,96.5,92.29,1,DS1
63.85,50.0,52.36,82.4,93.55,0,DS1
44.44,66.27,52.11,11.0,51.03,1,DS1
61.77,83.98,82.17,74.9,90.91,1,DS1
64.48,52.26,77.4,35.3,92.66,1,DS1
93.74,54.17,57.77,75.0,79.78,0,DS1
59.47,53.83,77.41,80.1,74.0,0,DS1
62.75,74.81,98.72,15.1,55.55,0,DS1
86.97,94.8,81.55,66.2,61.98,0,DS1
85.54,74.81,72.46,86.30000000000001,74.52,0,DS1
87.9,80.18,91.38,32.3,93.25,1,DS1
97.23,67.3,60.64,8.0,90.16,0,DS1
87.73,50.94,70.72,2.7,74.8,0,DS1
64.46,51.08,76.39,11.0,89.28,0,DS1
89.29,94.42,75.23,0.4,88.29,1,DS1
70.52,55.13,96.05,32.7,78.95,0,DS1
56.66,74.81,64.63,29.900000000000002,61.02,0,DS1
58.18,58.22,52.83,11.0,67.4,0,DS1
53.43,83.73,95.82,65.1,58.2,0,DS1
48.7,97.45,60.85,99.2,50.36,0,DS1
51.07,68.11,68.95,90.1,54.03,0,DS1
43.79,86.72,76.54,25.299999999999997,87.98,1,DS1
93.31,67.54,98.79,77.0,51.67,0,DS1
95.86,65.25,76.76,93.69999999999999,69.99,0,DS1
75.21,60.09,72.39,90.60000000000001,99.29,0,DS1
90.43,91.05,79.18,88.5,89.76,0,DS1
51.01,74.81,98.54,78.60000000000001,87.53,0,DS1
94.1,64.16,90.9,29.3,63.74,0,DS1
70.38,99.95,58.45,8.4,82.09,1,DS1
44.03,66.37,90.16,48.8,74.94,1,DS1
48.48,71.14,92.05,5.5,81.19,0,DS1
58.54,99.5,84.53,99.80000000000001,71.79,0,DS1
42.61,68.47,82.86,35.8,76.55,0,DS1
58.56,68.31,72.04,95.8,99.42,0,DS1
43.6,91.39,82.08,77.30000000000001,66.47,0,DS1
54.16,65.6,86.88,41.1,60.82,1,DS1
55.94,61.69,56.14,11.799999999999999,72.42,0,DS1
99.66,74.81,62.87,23.700000000000003,76.22,0,DS1
54.13,85.03,59.7,67.30000000000001,54.28,0,DS1
54.35,52.16,92.06,83.0,90.3,0,DS1
81.21,68.7,84.0,97.89999999999999,71.1,0,DS1
91.56,67.31,72.54,13.200000000000001,70.66,1,DS1
63.22,62.24,91.3,15.600000000000001,82.94,0,DS1
92.54,82.71,85.84,4.2,88.66,0,DS1
60.41,64.5,95.68,26.0,99.3,0,DS1
51.82,80.34,53.84,82.10000000000001,58.68,0,DS1
59.78,75.22,75.46,19.8,67.28,0,DS1
76.56,60.86,85.34,54.800000000000004,58.41,0,DS1
62.03,63.33,60.37,44.6,94.04,0,DS1
80.37,58.53,66.36,32.599999999999994,77.42,0,DS1
54.22,52.83,70.95,61.8,92.62,0,DS1
82.06,80.96,89.72,50.199999999999996,99.26,0,DS1
60.85,83.64,74.68,33.5,77.51,1,DS1
67.35,58.3,74.64,68.89999999999999,55.91,0,DS1
73.46,80.77,71.54,28.0,68.06,0,DS1
81.17,99.1,61.43,64.3,51.81,0,DS1
54.32,53.72,96.15,95.7,92.47,0,DS1
90.16,74.52,65.89,72.9,50.89,0,DS1
83.31,86.65,78.37,41.8,79.61,0,DS1
54.05,52.3,57.44,74.80000000000001,55.31,0,DS1
98.5,88.91,71.71,80.9,50.38,1,DS1
79.89,98.98,95.19,32.599999999999994,62.81,1,DS1
67.15,54.42,99.77,70.5,77.59,0,DS1
49.45,91.11,68.09,43.4,53.75,0,DS1
71.99,68.93,57.7,81.89999999999999,80.74,0,DS1
49.89,57.21,65.72,29.5,83.6,1,DS1
65.77,74.66,66.36,93.80000000000001,98.48,0,DS1
64.52,53.58,82.23,57.5,94.98,0,DS1
83.2,76.11,74.81,35.3,78.34,0,DS1
51.54,50.97,88.42,41.900000000000006,89.67,0,DS1
89.31,86.43,85.07,34.8,68.18,0,DS1
59.57,74.4,62.57,14.6,79.29,0,DS1
66.64,72.95,89.21,6.800000000000001,70.17,0,DS1
86.34,59.81,92.37,32.2,66.85,0,DS1
77.52,68.06,79.92,45.9,86.38,0,DS1
58.48,59.09,96.38,36.2,64.83,0,DS1
63.17,86.77,89.15,1.4000000000000001,69.03,0,DS1
58.35,59.95,79.77,57.9,68.36,1,DS1
75.69,80.84,95.31,14.5,93.52,0,DS1
59.96,63.98,80.02,21.099999999999998,58.52,0,DS1
83.54,82.85,76.06,12.1,69.07,0,DS1
74.79,77.02,67.81,52.0,94.39,0,DS1
48.74,71.17,94.14,9.5,50.77,0,DS1
58.62,83.65,56.14,25.6,97.39,0,DS1
53.29,70.79,73.68,45.199999999999996,94.95,0,DS1
63.42,91.07,76.87,16.8,70.89,1,DS1
70.96,74.81,77.74,44.6,82.65,0,DS1
70.41,77.03,82.59,34.300000000000004,99.55,0,DS1
85.27,93.85,75.29,86.1,77.75,0,DS1
51.35,91.44,62.84,79.5,54.84,0,DS1
96.79,76.59,92.85,99.3,92.68,0,DS1
60.57,53.42,82.88,52.9,56.71,1,DS1
58.01,78.3,92.91,57.5,62.86,0,DS1
81.11,67.76,63.8,94.7,93.68,0,DS1
88.33,77.01,81.85,40.0,62.8,1,DS1
62.71,82.36,85.71,55.599999999999994,87.25,0,DS1
84.81,82.24,69.17,37.9,72.38,0,DS1
93.02,83.68,90.61,54.6,87.99,0,DS1
86.01,83.96,50.13,8.100000000000001,61.62,0,DS1
42.05,55.46,79.75,78.4,70.98,0,DS1
89.64,59.59,80.68,98.5,65.91,1,DS1
86.47,81.53,76.69,6.6000000000000005,62.45,0,DS1
80.16,74.81,81.5,80.1,65.72,0,DS1
85.6,88.14,58.36,24.2,66.15,0,DS1
98.77,56.25,84.24,19.8,97.77,1,DS1
65.87,59.58,66.79,69.3,76.66,0,DS1
44.03,77.92,72.6,4.4,73.1,0,DS1
67.65,75.04,66.66,46.3,75.17,1,DS1
42.79,63.32,73.7,0.1,99.81,0,DS1
57.66,70.42,81.08,55.4,82.68,0,DS1
75.21,51.75,91.92,46.2,85.17,0,DS1
58.58,51.85,74.17,91.5,65.68,0,DS1
81.12,54.75,66.16,72.0,73.58,0,DS1
89.32,74.81,74.4,12.6,59.2,0,DS1
65.23,93.19,84.44,35.5,84.26,0,DS1
94.01,63.01,67.34,93.2,67.22,0,DS1
44.79,51.7,70.71,72.5,87.41,0,DS1
90.41,74.81,78.14,59.400000000000006,60.66,0,DS1
89.71,92.77,64.7,55.9,70.18,0,DS1
59.32,56.91,60.45,39.8,73.56,0,DS1
57.92,69.29,57.02,58.5,58.33,1,DS1
58.31,57.94,67.63,77.2,53.48,0,DS1
88.68,74.81,52.42,12.8,65.85,0,DS1
89.9,82.41,79.17,97.0,77.24,0,DS1
59.78,98.38,58.8,23.900000000000002,82.63,0,DS1
75.56,83.91,68.87,44.800000000000004,71.26,0,DS1
48.34,99.24,63.46,2.3000000000000003,75.01,0,DS1
68.13,71.72,81.52,55.0,77.16,1,DS1
99.93,94.89,92.52,38.199999999999996,75.6,0,DS1
49.53,60.25,81.67,25.0,54.52,0,DS1
96.85,74.81,77.13,98.6,70.25,0,DS1
89.46,85.13,83.45,42.800000000000004,60.22,0,DS1
98.33,68.57,51.5,41.4,76.69,0,DS1
50.77,74.81,56.14,46.3,87.9,0,DS1
52.81,83.56,54.75,11.6,78.97,0,DS1
41.01,66.67,54.91,39.300000000000004,61.09,1,DS1
83.48,78.63,63.02,33.6,60.39,0,DS1
78.65,64.97,76.6,46.5,51.85,0,DS1
50.68,89.19,55.73,85.7,71.32,0,DS1
87.47,65.62,96.76,19.3,71.64,0,DS1
57.95,76.75,92.71,60.8,61.82,0,DS1
48.1,74.81,98.58,3.8,88.21,0,DS1
65.35,89.59,52.13,31.7,69.32,0,DS1
45.46,81.02,92.57,47.300000000000004,83.47,0,DS1
55.79,59.61,90.19,7.4,82.0,0,DS1
62.28,60.77,95.11,54.400000000000006,80.24,0,DS1
91.11,74.81,76.4,31.0,95.4,0,DS1
87.55,78.83,89.39,99.3,50.79,1,DS1
66.57,77.42,52.56,63.099999999999994,53.4,0,DS1
83.47,63.69,53.79,24.4,86.11,0,DS1
74.12,84.7,55.93,10.3,67.68,0,DS1
60.45,94.45,95.74,4.1,99.33,0,DS1
83.55,52.18,53.06,9.1,60.82,0,DS1
81.01,70.86,55.01,68.0,59.17,0,DS1
77.15,79.68,96.52,85.5,79.41,1,DS1
77.08,74.81,55.37,15.700000000000001,63.97,1,DS1
80.98,50.98,93.49,40.199999999999996,67.02,0,DS1
63.07,60.53,89.46,35.4,96.05,0,DS1
92.14,53.09,52.01,64.5,51.31,0,DS1
49.74,78.45,51.09,18.3,76.56,0,DS1
93.03,82.27,76.72,95.3,66.74,0,DS1
60.54,57.99,99.86,72.9,67.3,0,DS1
47.5,66.65,93.94,95.5,62.39,0,DS1
76.0,66.49,65.5,27.7,56.74,0,DS1
62.56,90.99,69.32,58.8,51.72,0,DS1
88.93,59.73,69.4,73.2,99.38,0,DS1
65.85,77.42,86.71,71.10000000000001,83.02,0,DS1
80.11,89.15,67.06,2.1,88.86,0,DS1
58.5,91.48,57.39,99.80000000000001,53.25,0,DS1
52.57,83.33,87.36,92.8,50.74,0,DS1
63.28,64.98,72.9,12.0,80.01,0,DS1
76.41,91.15,53.84,54.400000000000006,86.19,0,DS1
79.42,74.81,89.5,31.5,69.74,0,DS1
74.69,85.22,79.27,87.89999999999999,69.39,1,DS1
99.28,53.37,74.47,69.80000000000001,69.22,0,DS1
81.47,52.16,83.67,22.400000000000002,57.64,0,DS1
95.89,84.77,75.27,3.4000000000000004,87.7,1,DS1
47.08,97.24,82.42,29.2,60.76,0,DS1
43.68,88.69,93.37,3.8,66.22,0,DS1
58.66,91.57,80.68,14.1,83.56,0,DS1
48.2,77.25,82.98,63.6,50.01,0,DS1
71.55,65.23,80.69,74.5,88.31,0,DS1
71.14,74.81,76.56,46.8,94.95,0,DS1
74.5,85.6,58.6,60.0,52.58,0,DS1
84.71,83.77,66.78,15.600000000000001,79.58,1,DS1
98.28,97.34,84.66,31.7,70.42,1,DS1
92.7,68.36,71.27,71.3,53.92,0,DS1
47.1,51.98,70.31,36.5,84.11,0,DS1
60.31,95.42,87.96,34.900000000000006,80.62,0,DS1
55.35,74.81,50.28,19.4,82.13,0,DS1
50.61,84.87,83.95,59.5,90.67,0,DS1
72.68,93.66,74.46,81.0,64.35,0,DS1
73.2,65.51,68.84,46.900000000000006,83.85,0,DS1
53.63,74.81,67.03,11.6,87.17,0,DS1
82.71,74.81,58.64,83.80000000000001,58.44,0,DS1
83.97,89.71,66.71,7.1,97.85,1,DS1
41.26,53.49,69.57,47.199999999999996,67.0,0,DS1
63.75,82.76,71.87,26.099999999999998,85.69,1,DS1
93.41,83.86,83.62,93.6,87.7,0,DS1
71.22,74.81,72.68,73.8,75.2,0,DS1
60.86,84.35,89.81,56.6,56.44,1,DS1
55.22,96.16,81.99,66.8,63.78,0,DS1
54.6,86.69,59.48,53.3,61.71,1,DS1
45.99,98.06,63.86,14.8,75.93,1,DS1
89.03,72.43,53.96,70.9,63.06,0,DS1
45.2,76.41,97.29,49.3,77.34,0,DS1
57.54,63.19,94.33,63.4,64.41,0,DS1
42.74,99.28,54.24,4.5,50.05,1,DS1
86.88,52.76,78.7,14.2,68.16,0,DS1
42.36,67.93,98.02,58.9,80.34,1,DS1
58.5,64.88,87.36,45.9,88.68,0,DS1
74.4,69.33,74.59,22.7,51.42,0,DS1
64.57,95.89,62.06,24.1,62.92,0,DS1
56.94,68.4,63.95,63.2,99.27,0,DS1
56.51,95.85,86.81,5.8999999999999995,63.09,0,DS1
87.87,71.17,89.03,43.4,88.86,0,DS1
98.44,92.74,76.43,52.300000000000004,75.47,0,DS1
60.88,76.09,56.05,30.8,56.11,0,DS1
42.35,74.81,96.69,82.10000000000001,82.17,0,DS1
42.19,72.47,92.24,5.699999999999999,98.32,1,DS1
85.55,74.81,57.03,86.6,94.34,0,DS1
73.14,74.81,52.84,72.30000000000001,84.51,0,DS1
87.02,64.48,76.79,44.6,75.61,0,DS1
81.85,59.32,64.21,92.4,65.97,1,DS1
94.45,66.8,64.16,70.19999999999999,67.85,0,DS1
93.15,81.22,54.36,93.10000000000001,67.31,0,DS1
87.3,69.33,97.67,47.300000000000004,96.1,0,DS1
68.51,85.62,91.51,45.300000000000004,60.57,0,DS1
58.49,99.35,55.69,53.099999999999994,68.9,0,DS1
70.42,74.81,93.83,6.5,71.6,1,DS1
70.12,73.13,84.15,90.8,70.45,0,DS1
76.62,58.21,66.27,66.8,50.21,0,DS1
51.17,74.81,93.56,61.8,63.55,0,DS1
79.34,86.34,79.9,92.6,74.93,0,DS1
67.4,60.87,92.43,99.39999999999999,88.02,0,DS1
77.21,59.1,73.46,16.299999999999997,78.47,0,DS1
54.38,68.82,75.03,74.9,69.24,0,DS1
66.06,90.93,64.55,58.0,83.26,0,DS1
52.61,74.81,69.38,46.1,83.29,1,DS1
92.52,97.88,78.39,97.8,62.4,0,DS1
69.28,74.81,97.35,85.0,55.19,1,DS1
53.5,57.56,80.01,69.7,90.16,0,DS1
42.47,52.13,57.37,38.3,76.49,1,DS1
80.54,69.95,50.35,66.6,58.83,1,DS1
52.88,76.1,92.55,53.2,63.1,0,DS1
99.37,74.81,68.22,24.900000000000002,88.32,0,DS1
72.02,56.71,65.75,45.0,82.66,0,DS1
57.34,56.24,90.04,21.200000000000003,97.26,0,DS1
79.46,52.34,97.27,50.0,73.25,0,DS1
56.51,92.54,87.4,72.0,52.61,1,DS1
89.22,97.39,58.69,3.7,85.02,0,DS1
58.49,55.78,69.57,76.5,62.75,0,DS1
99.29,60.66,87.97,2.0,66.19,0,DS1
76.31,74.81,95.35,51.7,59.83,0,DS1
90.66,93.88,99.93,57.300000000000004,65.45,1,DS1
44.37,97.94,75.58,76.10000000000001,91.47,0,DS1
60.9,63.09,91.13,76.10000000000001,78.84,0,DS1
84.25,65.18,52.33,41.7,55.46,0,DS1
79.3,68.13,64.29,6.6000000000000005,79.33,0,DS1
51.65,75.12,68.58,69.4,81.68,0,DS1
61.37,84.12,98.78,51.1,94.24,0,DS1
55.81,74.81,50.17,33.3,92.98,0,DS1
76.8,74.81,65.4,23.5,53.14,0,DS1
60.67,54.99,96.52,12.0,93.33,0,DS1
58.54,89.93,65.33,29.5,52.54,0,DS1
52.44,66.72,61.25,45.8,57.71,0,DS1
64.54,68.88,86.5,47.800000000000004,55.58,1,DS1
51.73,74.81,87.27,58.3,59.08,0,DS1
97.75,96.47,73.61,36.2,90.16,1,DS1
49.27,85.81,97.35,92.0,84.31,1,DS1
94.8,88.79,60.14,49.6,84.35,1,DS1
65.71,87.54,95.67,42.400000000000006,96.11,0,DS1
62.67,66.05,87.78,4.8,69.59,0,DS1
53.88,87.85,68.41,59.900000000000006,50.16,0,DS1
78.15,89.23,90.35,60.300000000000004,81.99,0,DS1
81.13,76.67,56.66,58.3,93.4,0,DS1
68.05,74.81,56.55,88.80000000000001,98.81,0,DS1
43.34,87.99,96.5,76.3,68.19,0,DS1
95.11,90.85,54.74,86.7,91.11,0,DS1
98.82,66.86,50.2,5.8999999999999995,92.46,0,DS1
65.86,90.08,69.45,31.8,57.22,0,DS1
76.82,90.71,55.19,31.9,81.57,0,DS1
67.02,61.71,93.15,65.7,58.66,0,DS1
59.31,85.85,96.13,44.900000000000006,72.33,0,DS1
44.64,59.33,74.12,77.69999999999999,93.96,0,DS1
67.36,54.65,71.27,38.4,89.47,0,DS1
89.1,78.73,76.95,22.200000000000003,78.52,0,DS1
41.02,95.43,61.31,29.1,90.44,1,DS1
74.93,51.77,64.9,18.2,57.64,0,DS1
92.85,91.33,55.05,19.8,59.75,1,DS1
53.05,75.32,72.32,21.7,60.44,0,DS1
51.0,74.81,80.58,1.6,88.8,0,DS1
86.34,92.17,96.51,71.6,94.55,1,DS1
55.31,93.76,86.95,40.0,78.14,0,DS1
51.52,88.44,86.15,2.3000000000000003,97.9,1,DS1
62.68,92.15,65.4,37.0,86.4,0,DS1
63.55,58.8,94.41,90.5,78.18,0,DS1
92.45,65.19,97.35,51.1,80.58,0,DS1
77.11,62.12,96.61,98.69999999999999,92.48,0,DS1
64.36,87.12,51.94,54.0,54.51,0,DS1
72.06,57.68,80.22,96.30000000000001,58.4,0,DS1
97.24,59.11,82.16,20.2,63.31,1,DS1
46.79,93.95,64.75,29.0,94.74,0,DS1
52.46,85.29,99.62,70.0,97.25,0,DS1
97.75,93.77,64.56,98.69999999999999,67.81,0,DS1
97.44,56.97,60.83,82.5,96.19,0,DS1
50.63,69.95,74.21,55.4,77.34,0,DS1
48.71,64.16,66.16,8.5,73.66,0,DS1
65.27,50.48,96.2,36.4,91.64,1,DS1
42.98,64.23,72.0,8.6,77.3,1,DS1
79.29,68.98,70.51,31.099999999999998,72.72,0,DS1
44.65,74.81,81.29,25.9,50.8,0,DS1
43.48,78.32,54.06,38.9,50.64,0,DS1
69.11,69.16,87.84,83.69999999999999,81.38,0,DS1
97.47,52.32,88.42,15.0,53.67,0,DS1
65.61,85.2,73.7,30.6,86.85,0,DS1
61.39,74.81,97.78,26.099999999999998,81.12,0,DS1
99.88,74.81,78.97,29.6,72.89,0,DS1
71.92,74.28,84.76,36.1,85.49,0,DS1
62.51,98.43,96.22,24.4,99.65,0,DS1
63.15,95.7,83.32,94.3,62.32,0,DS1
51.7,77.57,71.59,42.0,77.85,1,DS1
70.73,72.25,51.24,11.399999999999999,92.14,0,DS1
66.33,50.15,86.41,46.8,50.84,0,DS1
56.25,85.55,98.24,18.400000000000002,60.18,1,DS1
49.63,74.81,73.51,21.6,76.05,0,DS1
58.67,74.81,66.99,28.5,77.61,1,DS1
70.52,79.71,75.96,12.5,54.32,0,DS1
43.5,99.64,86.42,72.1,70.37,0,DS1
49.22,92.69,50.03,79.2,75.99,1,DS1
96.86,97.68,94.36,39.4,71.15,0,DS1
72.57,66.38,94.32,68.89999999999999,85.03,1,DS1
43.81,57.47,77.06,38.9,88.57,1,DS1
81.59,89.84,56.12,16.4,73.01,1,DS1
43.71,74.81,83.59,39.7,71.28,0,DS1
84.33,60.57,56.89,55.7,85.27,0,DS1
85.0,88.24,75.38,4.1,77.77,0,DS1
79.06,79.1,54.68,65.4,93.52,0,DS1
83.93,55.48,79.45,74.3,74.06,0,DS1
45.28,75.09,65.9,86.0,78.72,0,DS1
83.61,96.56,91.55,10.3,56.44,0,DS1
48.2,75.32,90.0,0.0,91.8,0,DS1
60.37,89.43,99.92,7.3,71.11,1,DS1
96.56,51.45,62.88,92.4,85.95,0,DS1
70.17,86.4,53.09,76.6,71.47,0,DS1
98.05,97.34,72.15,83.5,50.05,0,DS1
45.34,74.98,54.17,51.7,70.02,0,DS1
68.65,66.89,58.92,52.699999999999996,57.38,0,DS1
43.74,82.33,79.87,29.900000000000002,69.93,0,DS1
77.81,95.81,79.61,84.3,66.07,0,DS1
44.72,58.84,52.17,83.0,60.13,0,DS1
50.52,70.18,72.15,39.2,56.19,1,DS1
55.53,57.81,76.51,32.9,86.43,1,DS1
84.92,74.81,63.4,73.8,87.74,0,DS1
49.84,77.02,93.6,2.6,63.25,0,DS1
90.8,97.21,58.05,86.0,74.76,0,DS1
47.91,70.63,62.7,44.6,73.2,0,DS1
42.11,78.35,57.85,44.1,67.76,1,DS1
63.7,94.26,55.83,66.9,63.88,0,DS1
98.77,66.07,93.95,64.6,59.3,0,DS1
46.62,74.81,63.89,26.6,93.64,0,DS1
46.1,87.86,86.13,94.3,91.67,0,DS1
85.07,66.53,71.4,98.6,70.86,0,DS1
58.73,74.81,81.79,52.599999999999994,86.06,0,DS1
83.04,75.15,96.41,56.1,74.92,0,DS1
52.0,74.81,92.23,55.4,54.27,1,DS1
67.6,63.32,53.45,48.6,91.12,0,DS1
55.92,98.67,92.26,94.5,60.96,0,DS1
67.09,75.11,72.59,24.5,85.34,0,DS1
86.15,92.82,67.51,10.8,76.37,0,DS1
85.72,59.77,83.62,93.0,84.53,1,DS1
70.95,96.97,97.51,21.299999999999997,73.56,0,DS1
95.7,89.72,54.71,74.9,85.13,0,DS1
55.83,90.43,88.4,20.4,51.64,0,DS1
54.42,69.49,60.18,96.0,52.04,0,DS1
76.83,74.28,69.01,79.1,94.82,0,DS1
77.28,74.81,93.69,91.89999999999999,87.48,0,DS1
42.79,89.49,77.29,95.1,91.42,0,DS1
76.47,92.45,53.37,8.4,72.83,0,DS1
62.47,53.9,75.4,43.3,72.98,0,DS1
84.85,95.2,89.48,64.80000000000001,76.7,0,DS1
88.49,96.87,76.44,80.19999999999999,62.18,0,DS1
73.13,79.64,58.34,24.1,86.68,1,DS1
40.1,59.34,72.25,91.5,91.47,0,DS1
78.18,90.92,96.22,22.1,95.36,0,DS1
84.93,77.43,82.91,86.6,75.85,0,DS1
54.94,90.86,86.49,51.3,70.73,0,DS1
67.88,74.81,89.3,51.5,91.55,0,DS1
97.94,54.34,54.53,37.400000000000006,87.63,0,DS1
57.89,80.35,79.08,10.4,93.36,0,DS1
53.39,74.81,68.8,34.7,82.79,0,DS1
52.65,97.31,56.96,42.699999999999996,94.17,1,DS1
73.53,64.83,60.14,47.9,54.45,1,DS1
96.99,60.3,89.06,73.89999999999999,83.98,0,DS1
76.52,94.85,58.07,35.2,54.44,0,DS1
58.2,57.44,65.62,40.7,87.45,0,DS1
78.31,84.33,64.24,90.60000000000001,81.42,0,DS1
77.49,65.0,52.43,75.3,50.8,0,DS1
75.82,78.39,73.11,2.3000000000000003,79.96,0,DS1
49.57,80.81,88.3,81.19999999999999,57.31,0,DS1
78.07,70.87,51.11,99.0,57.12,1,DS1
65.81,74.81,55.63,94.0,57.52,0,DS1
41.12,56.59,86.01,83.6,74.19,0,DS1
72.39,69.57,79.68,62.9,55.78,0,DS1
99.36,71.52,85.76,27.799999999999997,56.28,1,DS1
60.98,81.55,61.51,65.4,62.81,0,DS1
97.93,70.36,90.19,69.6,50.04,0,DS1
45.77,54.85,73.99,28.2,63.79,1,DS1
83.95,97.37,80.52,25.5,80.92,0,DS1
46.86,70.8,54.61,39.7,80.08,0,DS1
56.41,67.13,60.25,64.1,98.48,0,DS1
74.25,72.34,88.67,29.3,55.98,0,DS1
75.57,60.83,61.2,55.599999999999994,93.28,0,DS1
86.51,55.01,54.63,89.9,69.56,0,DS1
76.92,57.43,79.86,29.5,69.35,0,DS1
75.62,58.33,77.4,96.6,67.44,0,DS1
94.74,59.88,80.39,47.300000000000004,56.24,0,DS1
67.13,71.0,80.92,10.1,73.93,1,DS1
53.52,81.19,75.01,5.5,89.37,1,DS1
49.71,81.44,74.69,33.9,93.77,0,DS1
64.0,50.0,96.21,25.9,98.14,0,DS1
82.77,96.05,76.69,84.39999999999999,89.26,1,DS1
42.55,91.14,80.87,73.8,81.15,0,DS1
47.74,98.2,63.35,88.5,74.88,0,DS1
46.37,68.0,93.55,58.9,93.74,0,DS1
75.12,83.24,51.22,43.5,86.98,0,DS1
54.57,58.4,77.86,27.1,58.06,0,DS1
49.98,90.85,69.19,58.3,84.13,0,DS1
75.57,58.07,80.2,61.8,71.55,0,DS1
85.68,66.3,68.01,39.300000000000004,79.79,0,DS1
59.93,74.54,85.88,93.69999999999999,94.92,1,DS1
74.69,79.73,51.02,64.0,82.63,0,DS1
45.89,77.98,70.29,83.69999999999999,96.94,1,DS1
96.11,55.1,91.56,62.0,93.32,0,DS1
60.21,71.08,62.51,31.7,56.45,1,DS1
99.85,96.15,52.64,73.7,50.58,0,DS1
98.72,74.81,74.83,23.0,69.22,1,DS1
86.73,79.54,98.83,59.699999999999996,93.27,1,DS1
41.2,78.62,53.21,40.199999999999996,61.51,1,DS1
72.61,55.58,53.5,15.0,84.57,0,DS1
45.21,60.01,79.76,41.3,73.8,0,DS1
93.71,62.63,62.5,31.0,87.3,0,DS1
87.38,74.41,70.51,11.200000000000001,58.25,0,DS1
98.34,86.57,91.53,82.4,61.95,0,DS1
76.5,73.04,59.94,49.900000000000006,62.13,0,DS1
71.33,56.3,85.96,34.6,77.42,0,DS1
71.14,71.97,75.22,50.5,64.48,0,DS1
63.19,58.13,95.25,75.5,90.59,1,DS1
68.12,87.56,98.65,1.7999999999999998,67.34,1,DS1
78.12,58.33,74.25,54.699999999999996,83.04,1,DS1
95.98,74.13,79.23,47.9,97.43,0,DS1
75.75,84.67,87.29,89.3,80.35,0,DS1
91.43,61.41,65.93,55.599999999999994,62.11,0,DS1
91.77,53.8,61.34,13.700000000000001,91.52,0,DS1
71.13,74.81,98.23,38.9,50.63,0,DS1
60.85,52.71,71.63,62.1,62.83,0,DS1
78.37,79.39,50.08,4.6000000000000005,69.37,0,DS1
66.75,87.67,91.89,88.5,59.8,0,DS1
44.89,66.47,79.98,6.800000000000001,80.2,0,DS1
62.67,74.42,58.43,3.1,77.9,0,DS1
99.64,96.44,51.51,0.2,70.32,0,DS1
42.91,73.56,64.57,68.4,64.72,0,DS1
81.8,99.83,96.39,45.599999999999994,71.7,0,DS1
90.47,57.85,96.67,10.3,64.56,1,DS1
78.92,85.45,65.55,85.60000000000001,61.06,0,DS1
74.18,82.63,91.8,20.299999999999997,67.56,0,DS1
82.45,93.62,72.09,32.599999999999994,80.12,0,DS1
65.76,74.81,82.72,17.8,82.42,1,DS1
45.48,64.01,66.72,92.69999999999999,64.87,0,DS1
97.74,56.61,75.8,75.8,97.37,0,DS1
65.94,96.65,64.69,72.4,63.1,0,DS1
79.92,71.33,53.06,4.4,85.61,0,DS1
71.88,95.5,56.97,52.300000000000004,54.07,0,DS1
43.28,64.72,64.53,57.5,83.24,1,DS1
97.16,56.32,98.81,38.3,73.0,0,DS1
87.55,64.83,98.28,32.2,78.46,1,DS1
48.95,79.86,91.38,85.19999999999999,59.2,0,DS1
98.9,92.26,61.63,2.3000000000000003,71.68,0,DS1
84.21,69.27,72.08,62.5,88.31,0,DS1
68.34,95.74,71.99,39.4,88.35,0,DS1
76.68,62.21,69.35,66.6,61.88,0,DS1
46.4,74.81,52.24,19.8,67.63,0,DS1
73.62,86.79,76.73,23.900000000000002,50.19,0,DS1
44.42,63.7,53.64,58.7,54.5,1,DS1
72.69,51.35,90.1,98.0,56.34,0,DS1
73.16,68.26,84.57,97.5,64.68,0,DS1
92.47,52.26,67.64,24.900000000000002,87.95,0,DS1
83.5,95.04,82.36,10.2,75.51,0,DS1
54.97,97.68,61.65,59.0,89.63,1,DS1
93.31,86.77,63.26,42.0,87.75,0,DS1
74.39,86.33,65.71,76.2,79.36,0,DS1
76.38,62.04,89.85,52.800000000000004,74.99,0,DS1
50.14,53.7,60.53,51.1,96.57,0,DS1
91.47,90.11,78.14,64.6,78.46,0,DS1
95.86,74.81,60.02,12.6,74.14,0,DS1
86.5,84.08,64.25,67.69999999999999,93.46,0,DS1
96.45,88.98,61.77,48.9,53.57,0,DS1
58.14,70.47,82.25,82.0,82.8,0,DS1
91.67,57.23,76.34,13.899999999999999,55.65,0,DS1
69.33,89.75,86.06,30.099999999999998,90.99,0,DS1
49.84,72.69,61.0,95.0,89.63,0,DS1
80.13,91.35,50.46,55.300000000000004,75.18,0,DS1
81.05,71.88,84.03,92.89999999999999,83.05,0,DS1
57.22,60.85,55.74,68.89999999999999,88.63,0,DS1
41.65,58.55,62.32,92.6,74.17,0,DS1
51.99,87.2,65.28,31.8,95.3,0,DS1
63.99,78.74,87.34,9.1,71.85,0,DS1
50.05,70.23,81.29,80.19999999999999,94.6,0,DS1
51.64,74.61,59.21,80.39999999999999,79.14,0,DS1
63.48,77.48,79.89,61.900000000000006,71.31,0,DS1
97.71,74.81,85.41,58.0,50.2,0,DS1
85.85,68.91,69.44,91.5,64.78,0,DS1
59.18,64.62,62.3,17.6,93.4,1,DS1
97.1,69.42,83.95,61.7,71.44,0,DS1
78.74,75.03,80.54,5.0,71.07,0,DS1
67.33,58.67,53.9,14.1,74.47,0,DS1
68.1,69.68,83.33,43.7,64.32,0,DS1
64.64,69.27,74.43,82.10000000000001,74.58,0,DS1
53.98,64.3,87.67,73.3,68.79,0,DS1
63.2,99.92,59.54,97.4,95.47,0,DS1
71.67,53.68,62.91,4.5,78.2,0,DS1
71.68,82.15,77.17,38.1,91.71,0,DS1
85.7,58.72,74.09,15.9,84.34,0,DS1
61.53,91.98,69.32,3.7,60.63,0,DS1
83.01,95.71,87.3,26.400000000000002,93.38,1,DS1
74.69,70.07,78.24,24.4,54.36,0,DS1
97.71,91.17,85.51,42.0,72.43,0,DS1
63.12,62.5,57.66,14.0,61.96,0,DS1
94.07,57.0,86.45,48.9,76.88,1,DS1
89.24,65.79,73.08,92.0,65.0,0,DS1
78.26,67.08,51.69,74.80000000000001,86.14,0,DS1
79.27,69.87,61.72,84.2,96.85,0,DS1
45.08,74.81,51.29,80.5,85.45,0,DS1
97.01,70.56,72.84,39.0,67.77,1,DS1
46.42,85.5,66.29,70.9,80.0,0,DS1
73.79,62.28,99.37,75.4,94.43,0,DS1
59.8,50.93,93.43,20.6,63.5,0,DS1
65.79,74.48,91.28,86.0,55.91,1,DS1
76.61,72.41,75.06,45.8,56.54,1,DS1
94.53,74.81,90.35,1.6,74.74,0,DS1
67.45,74.81,63.34,64.3,86.61,0,DS1
99.26,75.5,78.03,67.69999999999999,82.86,0,DS1
75.57,61.74,69.65,55.199999999999996,72.69,0,DS1
49.63,93.88,58.57,21.200000000000003,86.46,0,DS1
51.4,58.66,53.63,48.2,81.7,0,DS1
82.97,51.01,77.91,40.0,81.41,0,DS1
43.02,72.38,54.88,97.5,60.12,0,DS1
68.82,99.31,85.9,82.5,65.63,1,DS1
48.89,74.81,96.07,76.2,67.22,0,DS1
65.99,67.7,58.11,18.1,90.41,0,DS1
85.0,50.84,73.55,33.1,88.76,1,DS1
67.53,74.25,86.94,38.0,62.63,0,DS1
49.81,60.32,64.34,49.3,52.76,0,DS1
55.12,74.81,96.04,3.0,88.39,1,DS1
62.05,79.15,94.42,59.3,70.49,0,DS1
44.17,63.26,55.19,35.8,60.99,0,DS1
75.06,53.44,51.37,56.2,55.85,0,DS1
76.45,87.75,98.82,0.8999999999999999,50.64,0,DS1
43.73,79.27,97.82,32.1,71.39,0,DS1
64.14,92.11,71.11,76.9,66.99,0,DS1
64.84,62.99,52.53,50.099999999999994,84.82,0,DS1
60.03,82.64,80.94,78.89999999999999,98.83,0,DS1
73.46,74.81,64.67,69.9,60.34,0,DS1
60.76,64.59,96.84,85.5,62.15,0,DS1
64.98,82.83,89.73,0.7000000000000001,66.87,0,DS1
87.85,91.28,82.48,26.099999999999998,73.3,0,DS1
49.73,66.05,64.23,54.900000000000006,84.88,0,DS1
77.15,74.81,85.06,94.1,67.6,0,DS1
70.34,83.89,64.46,68.0,55.21,0,DS1
58.3,67.43,51.88,45.7,86.52,0,DS1
83.65,93.82,75.42,13.0,89.73,0,DS1
73.07,75.46,74.43,49.3,62.38,0,DS1
68.64,82.41,88.15,44.1,56.84,0,DS1
80.06,74.78,93.28,77.8,76.39,0,DS1
88.14,72.64,67.72,41.3,60.42,0,DS1
98.36,92.4,72.47,31.9,68.71,0,DS1
77.76,64.74,73.52,9.0,88.87,0,DS1
92.47,74.81,66.21,4.699999999999999,60.98,0,DS1
40.07,74.81,87.17,43.9,90.31,0,DS1
71.81,91.25,76.11,34.7,83.7,0,DS1
52.88,74.81,95.7,55.5,60.99,0,DS1
45.65,59.27,82.52,71.2,76.32,0,DS1
71.92,83.78,60.59,4.0,80.7,0,DS1
84.81,53.94,58.24,49.6,60.01,0,DS1
64.74,71.19,68.62,86.19999999999999,57.25,1,DS1
80.21,54.29,67.35,45.5,76.56,0,DS1
69.38,79.9,70.36,52.1,84.69,0,DS1
66.23,74.81,59.18,48.7,73.25,0,DS1
57.42,81.46,98.91,39.0,53.5,0,DS1
62.96,83.66,57.29,11.0,96.26,0,DS1
60.99,74.36,82.63,12.6,84.75,0,DS1
78.77,58.75,50.65,17.9,81.06,1,DS1
46.96,55.07,70.35,79.3,82.18,0,DS1
45.56,65.66,65.46,27.5,69.93,0,DS1
79.6,73.26,69.1,94.80000000000001,99.22,0,DS1
72.78,82.11,74.9,81.0,56.63,0,DS1
65.81,50.06,80.02,68.5,86.96,0,DS1
49.15,85.55,79.18,72.0,71.04,0,DS1
64.66,85.64,81.54,4.8,94.05,0,DS1
87.38,72.23,92.23,56.8,85.86,0,DS1
93.38,67.17,94.34,94.1,78.11,0,DS1
82.15,92.12,86.86,3.9000000000000004,96.88,1,DS1
43.59,89.23,53.95,29.1,95.62,1,DS1
80.22,99.16,98.06,5.2,52.62,0,DS1
54.46,68.6,97.37,57.0,59.63,0,DS1
58.92,95.34,85.59,11.6,83.8,0,DS1
51.75,54.37,75.87,47.9,96.09,0,DS1
86.55,70.57,62.53,72.0,71.52,0,DS1
78.92,73.27,87.82,16.4,51.92,0,DS1
76.71,72.04,93.89,75.5,82.16,0,DS1
80.08,81.25,83.26,6.0,59.73,0,DS1
54.21,58.51,81.45,15.0,77.62,1,DS1
66.68,93.32,59.65,28.0,69.23,0,DS1
78.0,77.59,67.89,79.6,77.9,1,DS1
78.2,95.21,86.16,85.0,96.62,0,DS1
87.51,50.13,50.84,22.0,74.29,0,DS1
57.23,74.81,82.06,9.6,51.73,0,DS1
86.22,70.62,88.33,84.80000000000001,79.05,0,DS1
66.41,75.25,66.74,64.9,66.29,0,DS1
80.21,87.19,53.81,15.8,88.91,1,DS1
67.34,61.36,90.96,55.8,73.5,0,DS1
96.92,60.24,57.09,87.2,87.07,1,DS1
50.76,85.15,68.54,7.0,95.44,0,DS1
80.5,76.07,85.36,8.4,68.11,0,DS1
74.59,61.68,90.85,27.400000000000002,99.47,0,DS1
50.36,74.81,93.12,65.19999999999999,57.49,0,DS1
43.96,72.98,76.52,17.8,82.2,1,DS1
87.95,84.57,73.79,81.6,51.74,1,DS1
49.45,50.13,92.42,75.0,60.65,0,DS1
51.19,79.34,78.15,56.1,81.69,0,DS1
98.71,80.28,78.93,11.6,52.31,0,DS1
83.04,87.28,71.7,98.80000000000001,55.09,0,DS1
55.03,94.46,68.64,49.0,64.55,0,DS1
75.46,74.81,74.03,45.199999999999996,78.78,0,DS1
72.05,74.81,68.24,99.60000000000001,50.8,0,DS1
90.67,55.12,67.18,86.4,74.12,0,DS1
83.76,66.84,99.68,45.599999999999994,81.29,0,DS1
89.9,53.42,66.81,41.900000000000006,70.13,0,DS1
52.69,90.14,62.82,9.6,53.38,1,DS1
78.41,90.35,67.7,92.69999999999999,80.54,0,DS1
42.41,70.86,79.54,84.39999999999999,80.29,0,DS1
44.14,62.98,95.55,31.0,75.3,0,DS1
82.81,74.81,89.39,75.3,84.66,0,DS1
41.47,74.81,92.11,76.3,60.39,0,DS1
74.79,74.81,92.95,22.799999999999997,83.93,0,DS1
90.42,63.31,96.03,61.4,58.07,1,DS1
62.8,81.09,61.75,25.5,69.63,0,DS1
42.69,62.93,72.92,79.0,53.38,0,DS1
82.83,61.26,69.26,15.4,90.96,0,DS1
95.78,51.06,69.09,66.9,76.91,1,DS1
83.03,78.86,82.61,32.599999999999994,98.55,0,DS1
74.71,57.5,70.09,3.5999999999999996,97.12,1,DS1
53.8,50.62,80.82,12.4,99.93,0,DS1
40.92,74.81,69.11,65.5,55.06,0,DS1
81.68,65.69,65.56,24.0,80.33,0,DS1
53.86,83.46,67.65,63.099999999999994,70.38,0,DS1
91.49,60.13,90.19,41.5,76.63,0,DS1
67.98,94.38,80.05,69.3,65.44,0,DS1
71.84,64.42,98.7,49.3,52.4,0,DS1
85.24,74.81,91.63,30.9,85.39,0,DS1
86.77,60.9,74.29,14.6,98.29,0,DS1
78.56,62.69,62.12,34.1,76.62,0,DS1
96.31,53.71,83.7,63.5,66.48,0,DS1
98.94,74.81,86.33,74.0,96.91,1,DS1
96.81,92.98,73.21,16.0,68.23,0,DS1
89.45,84.42,61.5,66.39999999999999,95.73,0,DS1
82.34,93.76,77.86,17.9,92.78,0,DS1
79.8,55.24,62.69,22.200000000000003,76.44,1,DS1
46.23,72.78,97.0,53.099999999999994,83.84,0,DS1
56.29,61.46,81.44,28.900000000000002,85.02,0,DS1
40.34,86.06,64.6,66.2,82.05,0,DS1
48.24,98.51,60.79,95.60000000000001,58.04,0,DS1
66.35,90.77,85.84,14.9,84.64,0,DS1
48.79,51.76,85.39,57.1,50.16,0,DS1
94.1,65.83,79.86,92.30000000000001,85.5,1,DS1
88.34,51.43,80.72,17.7,77.74,0,DS1
44.3,52.01,80.19,36.7,62.99,0,DS1
54.93,53.98,68.01,12.4,90.19,0,DS1
89.14,63.82,96.87,64.2,70.26,0,DS1
88.18,65.21,73.96,66.9,74.29,0,DS1
96.73,70.02,51.02,66.39999999999999,51.38,0,DS1
99.85,74.81,67.42,54.2,70.07,0,DS1
98.58,88.57,56.51,74.6,58.37,0,DS1
64.61,57.07,68.17,3.5999999999999996,63.81,1,DS1
55.02,57.89,80.41,95.8,62.61,1,DS1
85.5,81.33,51.13,22.200000000000003,52.3,0,DS1
57.96,78.59,93.51,12.2,73.02,0,DS1
88.38,57.7,80.52,94.1,76.13,0,DS1
72.04,74.81,64.77,83.0,78.55,0,DS1
87.64,74.81,65.56,76.5,73.11,0,DS1
56.55,68.35,73.28,10.5,93.48,0,DS1
70.48,71.02,62.4,80.8,51.88,0,DS1
73.84,66.14,50.22,60.9,80.69,0,DS1
96.59,77.87,51.33,73.2,93.31,0,DS1
56.0,69.43,67.89,97.8,52.05,0,DS1
96.2,62.97,56.21,19.4,74.82,0,DS1
88.29,95.22,51.12,50.4,79.45,0,DS1
83.85,65.42,92.96,75.3,59.55,0,DS1
87.21,84.92,63.71,43.4,62.63,1,DS1
76.33,67.36,75.16,5.5,89.28,0,DS1
54.64,71.76,58.97,11.100000000000001,78.37,1,DS1
51.37,61.8,52.34,60.199999999999996,65.79,1,DS1
91.98,87.62,87.24,28.5,88.24,0,DS1
83.51,86.86,56.25,13.799999999999999,87.34,0,DS1
52.79,51.11,51.29,34.0,67.27,0,DS1
76.91,53.01,79.36,20.099999999999998,74.43,0,DS1
66.85,96.12,50.67,2.4,83.23,0,DS1
49.52,94.44,71.81,15.2,67.16,0,DS1
71.91,75.3,64.44,88.3,81.45,0,DS1
56.89,74.67,65.97,1.2,62.55,0,DS1
45.77,90.62,50.19,77.4,64.6,0,DS1
68.02,56.92,98.22,75.3,65.53,0,DS1
75.41,82.68,75.85,56.4,96.8,0,DS1
42.81,73.8,78.63,20.8,91.68,0,DS1
64.13,87.17,83.31,87.8,78.26,0,DS1
55.46,51.51,89.88,47.5,78.19,1,DS1
41.84,79.64,80.4,17.3,52.81,0,DS1
47.54,77.84,88.11,42.9,82.48,0,DS1
48.34,92.04,72.44,19.5,66.41,0,DS1
50.97,83.84,68.56,37.599999999999994,80.61,0,DS1
88.2,94.01,91.16,49.699999999999996,92.01,1,DS1
66.37,94.36,93.27,36.0,52.27,0,DS1
48.83,70.41,56.89,65.7,80.35,0,DS1
46.02,56.87,77.13,93.6,78.21,0,DS1
57.88,81.51,84.18,34.8,60.34,0,DS1
87.88,93.69,54.18,35.6,82.32,1,DS1
61.87,53.75,96.48,73.8,77.74,0,DS1
49.59,77.9,76.01,53.099999999999994,88.37,1,DS1
64.25,55.75,82.27,42.9,55.53,0,DS1
73.32,51.35,58.91,81.4,72.18,1,DS1
41.78,83.98,63.22,89.1,99.9,0,DS1
77.66,84.09,56.05,59.1,84.46,0,DS1
63.71,80.03,63.2,18.5,84.21,0,DS1
40.58,92.96,74.62,46.6,65.89,0,DS1
80.43,54.04,91.68,50.4,54.69,1,DS1
82.74,55.26,76.69,43.2,97.47,0,DS1
77.73,93.23,62.22,26.200000000000003,55.27,0,DS1
60.52,75.16,52.23,47.199999999999996,99.64,0,DS1
71.78,63.65,81.1,44.699999999999996,56.29,1,DS1
63.23,86.91,71.01,20.9,58.55,0,DS1
82.04,94.72,99.22,90.3,65.42,0,DS1
75.01,84.48,88.99,88.5,75.62,0,DS1
44.91,89.6,90.42,76.0,89.52,0,DS1
78.59,64.12,50.61,40.099999999999994,98.55,0,DS1
81.23,64.44,88.89,37.0,67.94,0,DS1
62.24,74.81,59.73,71.6,51.02,0,DS1
92.55,80.74,79.29,60.8,80.83,0,DS1
90.58,61.71,72.37,60.099999999999994,85.54,1,DS1
50.51,76.21,78.58,12.4,69.87,0,DS1
94.26,84.29,56.67,61.8,59.17,0,DS1
66.45,60.93,72.84,90.19999999999999,65.3,1,DS1
83.42,82.75,51.85,8.6,82.79,0,DS1
88.85,52.11,52.05,33.9,74.71,0,DS1
70.31,65.18,82.89,50.9,87.17,0,DS1
63.95,83.7,97.58,68.60000000000001,60.91,0,DS1
94.93,57.47,88.87,9.0,92.1,0,DS1
53.85,61.11,73.46,87.30000000000001,57.79,0,DS1
55.42,93.95,52.79,4.1,66.5,1,DS1
61.7,83.72,52.25,85.8,79.56,0,DS1
91.57,74.95,57.89,2.8000000000000003,86.84,0,DS1
96.33,60.54,98.79,15.4,63.31,0,DS1
53.2,74.81,69.93,80.0,97.41,1,DS1
91.83,78.72,92.17,86.0,85.31,0,DS1
55.49,57.77,85.26,98.2,60.88,0,DS1
98.24,74.09,80.27,11.6,86.29,0,DS1
75.84,70.45,97.39,52.599999999999994,84.82,0,DS1
40.43,73.83,61.52,7.7,87.63,0,DS1
42.05,55.28,72.74,15.600000000000001,95.79,0,DS1
48.85,55.32,93.24,17.4,85.59,0,DS1
51.25,98.21,77.59,6.3,67.6,0,DS1
86.06,98.97,62.32,89.3,89.53,0,DS1
53.37,71.31,60.45,12.6,84.79,0,DS1
98.15,89.45,87.64,62.9,78.71,0,DS1
78.17,82.79,50.64,62.599999999999994,67.69,0,DS1
81.55,55.85,95.71,19.9,96.05,0,DS1
53.07,74.81,50.92,99.80000000000001,75.64,1,DS1
93.56,65.68,81.55,34.7,81.41,0,DS1
80.07,79.79,80.24,90.5,70.77,0,DS1
91.86,79.0,78.92,94.80000000000001,89.04,0,DS1
97.39,96.18,73.72,94.9,67.05,0,DS1
47.54,89.5,92.62,75.3,90.53,1,DS1
45.8,92.84,82.97,25.4,55.4,0,DS1
88.2,94.56,89.09,12.1,85.45,0,DS1
91.97,90.06,55.78,57.0,73.84,0,DS1
75.03,66.64,52.49,36.0,84.94,0,DS1
61.96,60.75,51.43,83.10000000000001,76.57,0,DS1
79.16,74.81,57.36,74.5,56.72,0,DS1
58.34,74.81,83.35,27.599999999999998,73.85,0,DS1
54.3,69.33,74.7,1.7000000000000002,98.23,0,DS1
69.29,92.42,87.61,23.700000000000003,87.74,0,DS1
52.97,98.03,59.59,56.7,65.01,0,DS1
69.02,78.47,68.35,7.9,97.21,0,DS1
97.4,72.83,94.42,65.8,88.95,0,DS1
90.39,92.14,96.79,67.2,68.22,0,DS1
96.5,51.21,96.09,16.9,80.18,1,DS1
88.38,74.81,90.92,59.6,71.33,0,DS1
61.29,74.81,84.41,60.7,54.83,0,DS1
88.72,86.6,95.68,47.800000000000004,90.3,0,DS1
95.37,70.81,85.71,95.3,59.55,1,DS1
96.82,94.44,97.7,10.8,72.9,0,DS1
80.99,67.57,51.24,40.7,85.13,0,DS1
52.68,81.69,96.08,88.3,96.61,0,DS1
42.38,81.72,77.79,38.6,53.14,0,DS1
48.83,59.22,55.59,42.5,69.66,0,DS1
97.93,64.24,60.75,66.8,80.73,1,DS1
67.73,95.8,92.61,66.6,88.97,0,DS1
91.3,59.17,75.31,2.3000000000000003,96.05,0,DS1
67.9,58.68,99.14,45.599999999999994,50.02,1,DS1
79.65,74.81,55.88,33.4,81.39,0,DS1
41.45,54.61,70.63,62.800000000000004,50.35,0,DS1
54.99,94.73,66.59,55.599999999999994,89.36,0,DS1
66.18,55.01,75.81,65.1,57.48,1,DS1
77.84,80.83,81.67,65.4,94.73,0,DS1
50.29,66.99,83.08,25.5,57.76,0,DS1
85.87,90.21,50.06,24.6,88.22,0,DS1
61.86,79.49,54.45,37.0,64.47,0,DS1
89.05,69.42,51.75,24.2,77.86,0,DS1
45.88,99.19,93.23,68.3,80.42,0,DS1
80.79,53.31,65.66,60.300000000000004,60.34,0,DS1
57.6,74.81,68.35,21.6,64.93,0,DS1
87.72,99.48,72.52,88.4,55.38,0,DS1
64.13,84.55,92.47,46.1,50.26,0,DS1
79.92,86.99,50.71,12.7,61.97,0,DS1
96.06,74.81,55.93,21.299999999999997,75.8,0,DS1
41.24,51.07,84.26,54.0,85.68,0,DS1
40.67,74.81,98.19,33.8,89.68,0,DS1
86.22,99.59,82.14,85.1,53.49,0,DS1
78.78,98.98,63.06,49.5,63.62,0,DS1
57.58,66.73,75.99,91.5,88.51,0,DS1
69.66,74.81,98.75,10.2,74.04,0,DS1
42.52,74.81,76.4,66.9,59.11,0,DS1
51.55,66.46,68.68,88.6,69.61,1,DS1
65.47,68.51,69.17,29.3,63.5,0,DS1
90.04,87.41,98.35,13.600000000000001,52.53,0,DS1
68.78,93.31,85.95,45.7,88.18,0,DS1
75.18,87.34,84.36,96.1,64.58,0,DS1
92.43,82.32,61.6,63.3,97.26,1,DS1
58.53,88.3,77.97,64.4,94.41,0,DS1
82.04,86.92,67.84,67.2,85.81,0,DS1
91.7,74.81,62.01,4.0,66.33,0,DS1
52.16,74.81,94.78,44.6,64.0,0,DS1
61.39,64.14,69.16,7.800000000000001,73.76,0,DS1
98.79,83.97,64.14,31.6,67.73,0,DS1
98.99,97.97,96.59,82.2,95.06,0,DS1
53.39,79.05,59.87,65.6,56.17,1,DS1
43.99,95.63,87.28,99.60000000000001,86.22,0,DS1
56.26,74.81,82.64,17.2,80.54,0,DS1
63.86,89.72,96.02,39.7,90.32,0,DS1
66.46,92.68,91.6,81.0,77.12,0,DS1
77.13,81.55,85.26,21.6,81.48,0,DS1
93.97,96.7,65.73,15.4,98.14,0,DS1
59.82,79.5,74.78,42.800000000000004,54.6,1,DS1
91.0,62.03,97.22,38.4,55.24,0,DS1
45.61,60.79,51.16,98.0,69.68,0,DS1
42.51,77.79,89.72,45.599999999999994,73.64,0,DS1
70.24,95.32,62.59,86.1,59.99,0,DS1
43.58,53.62,59.25,88.80000000000001,54.13,0,DS1
63.55,80.22,61.61,15.8,51.11,0,DS1
93.81,88.49,52.99,71.5,88.23,0,DS1
54.49,55.77,99.6,27.799999999999997,74.25,1,DS1
82.36,55.84,93.49,9.5,92.17,0,DS1
58.14,68.31,76.05,87.5,68.04,0,DS1
42.7,63.69,85.76,29.2,85.17,0,DS1
73.4,59.92,77.83,34.5,74.43,0,DS1
90.09,59.93,90.58,32.400000000000006,80.6,0,DS1
64.57,74.81,92.24,20.0,68.51,0,DS1
77.04,80.54,61.64,43.5,54.06,0,DS1
94.0,84.41,72.99,42.800000000000004,97.37,1,DS1
87.38,85.15,81.74,40.9,91.8,1,DS1
51.63,74.81,98.92,91.6,65.59,0,DS1
84.0,97.65,84.13,34.0,97.94,1,DS1
70.11,94.03,94.88,3.0,65.02,0,DS1
84.76,97.88,92.31,17.8,72.15,0,DS1
69.67,69.44,79.1,72.1,87.76,0,DS1
47.68,93.89,94.68,59.1,65.45,0,DS1
74.19,88.14,68.87,95.19999999999999,66.23,0,DS1
69.53,67.0,68.96,69.4,70.5,0,DS1
71.08,55.33,89.05,19.4,73.42,0,DS1
92.73,84.13,56.73,12.1,56.18,0,DS1
93.69,56.82,65.29,52.1,50.87,0,DS1
67.21,64.69,80.43,66.5,95.96,0,DS1
67.34,75.02,71.0,16.599999999999998,67.66,0,DS1
70.91,83.99,97.04,60.199999999999996,55.08,0,DS1
71.18,96.31,97.93,86.5,87.96,1,DS1
97.02,79.66,75.13,72.8,64.75,0,DS1
78.96,83.57,76.95,66.39999999999999,59.08,0,DS1
56.65,65.5,86.23,78.89999999999999,98.13,1,DS1
71.89,74.81,72.86,10.4,96.03,1,DS1
77.63,71.89,59.5,20.4,55.29,0,DS1
78.39,92.85,87.35,3.8,94.96,0,DS1
75.12,69.62,86.89,14.5,94.54,0,DS1
50.66,73.41,62.25,91.30000000000001,81.72,0,DS1
42.02,71.63,91.65,22.200000000000003,76.49,0,DS1
60.27,74.81,80.68,66.2,60.87,0,DS1
65.65,97.68,61.82,69.2,56.07,0,DS1
43.71,66.36,82.6,64.5,80.32,0,DS1
88.9,73.75,61.68,55.4,91.1,0,DS1
60.64,85.3,63.26,48.6,84.43,0,DS1
94.82,94.77,92.4,42.0,59.04,0,DS1
49.26,74.69,96.47,91.7,64.5,0,DS1
43.42,55.44,62.84,1.0,77.32,0,DS1
68.94,68.43,96.4,5.300000000000001,81.25,0,DS1
51.35,77.52,61.94,49.3,53.61,0,DS1
96.24,70.88,55.86,33.1,80.7,0,DS1
40.62,59.33,52.91,40.8,86.82,0,DS1
64.76,51.85,62.11,99.80000000000001,59.07,0,DS1
95.6,84.37,69.26,77.5,62.31,0,DS1
63.07,99.64,96.38,87.69999999999999,62.94,0,DS1
45.59,95.96,62.11,36.9,96.99,0,DS1
58.17,84.16,68.27,24.0,70.35,0,DS1
69.88,92.08,86.71,76.8,76.53,0,DS1
51.11,74.81,65.1,80.8,86.22,0,DS1
67.99,81.12,84.22,55.0,68.57,1,DS1
90.18,53.03,71.6,89.60000000000001,55.28,1,DS1
92.36,85.36,59.82,96.7,82.72,0,DS1
42.96,98.49,86.7,47.1,83.36,1,DS1
49.65,93.04,51.35,22.3,63.03,0,DS1
56.52,76.72,64.62,51.7,51.76,0,DS1
75.69,74.81,67.81,99.0,83.27,0,DS1
61.66,97.19,72.91,29.3,85.17,0,DS1
90.64,60.8,83.99,61.8,51.3,0,DS1
83.0,89.66,72.97,69.4,84.66,0,DS1
46.03,63.49,79.72,21.400000000000002,96.95,0,DS1
77.47,93.85,79.79,58.8,58.94,0,DS1
46.78,54.92,68.66,31.5,76.07,0,DS1
55.3,58.91,96.7,85.39999999999999,84.84,0,DS1
50.67,86.03,97.79,71.5,61.5,1,DS1
50.38,58.74,79.09,82.6,87.58,0,DS1
76.98,57.9,53.58,20.0,93.4,0,DS1
73.82,77.77,74.56,3.5,90.73,1,DS1
50.56,74.81,59.22,85.1,62.94,0,DS1
99.41,63.42,74.16,38.7,90.21,0,DS1
65.31,92.06,59.42,18.0,70.67,0,DS1
45.82,90.4,85.19,9.200000000000001,63.32,0,DS1
47.23,78.96,54.02,51.7,58.4,0,DS1
75.03,74.81,97.67,15.0,95.45,0,DS1
98.74,52.02,59.77,56.7,71.34,0,DS1
74.32,68.36,83.03,72.69999999999999,93.29,0,DS1
96.94,63.17,95.85,53.5,57.98,0,DS1
66.65,57.5,62.39,90.39999999999999,88.35,0,DS1
66.15,69.48,96.71,15.600000000000001,55.5,0,DS1
70.0,67.75,69.43,49.400000000000006,50.88,0,DS1
81.85,86.44,98.03,16.299999999999997,99.75,0,DS1
62.06,79.9,98.57,87.6,53.68,0,DS1
91.83,95.66,59.4,93.2,73.08,0,DS1
41.76,57.27,91.55,40.0,93.92,0,DS1
66.39,52.99,59.67,30.6,90.97,0,DS1
70.66,76.73,61.32,27.9,73.56,0,DS1
76.42,74.81,54.21,86.0,80.54,0,DS1
56.56,89.39,57.83,68.2,81.49,0,DS1
65.65,75.3,81.61,88.10000000000001,55.49,1,DS1
69.07,74.4,72.46,11.799999999999999,64.25,0,DS1
81.21,74.81,89.55,47.599999999999994,65.05,0,DS1
86.41,68.75,66.6,67.6,68.91,0,DS1
84.27,71.56,98.43,89.7,63.7,0,DS1
60.49,50.8,52.49,38.199999999999996,62.57,0,DS1
99.97,54.18,53.15,31.299999999999997,67.74,0,DS1
90.92,75.25,85.07,91.30000000000001,68.96,0,DS1
55.6,57.51,94.38,4.8,74.36,0,DS1
51.71,88.94,89.78,48.0,58.68,0,DS1
58.84,63.72,74.49,45.9,89.42,0,DS1
67.14,54.89,63.48,14.6,93.03,0,DS1
91.05,61.76,50.67,39.5,62.41,0,DS1
86.7,67.85,75.47,72.30000000000001,56.17,0,DS1
91.07,51.77,73.78,36.7,86.12,1,DS1
56.32,74.81,67.21,31.0,96.21,0,DS1
75.61,66.19,78.9,78.2,51.76,0,DS1
56.99,65.52,86.44,98.9,50.72,0,DS1
46.54,90.02,85.04,77.9,59.17,0,DS1
81.05,92.16,63.16,84.60000000000001,84.24,0,DS1
48.58,59.67,79.27,94.0,98.24,0,DS1
80.06,56.2,57.44,80.19999999999999,87.52,0,DS1
78.88,81.71,56.08,98.0,78.65,0,DS1
88.61,90.23,89.29,74.7,85.03,0,DS1
48.37,98.19,84.69,66.2,61.53,0,DS1
87.01,50.34,88.4,69.3,84.43,0,DS1
99.96,70.68,57.62,90.0,66.07,0,DS1
91.06,86.7,95.73,68.3,61.12,0,DS1
85.11,91.43,56.66,76.10000000000001,61.83,0,DS1
79.73,53.11,93.5,21.6,83.39,0,DS1
65.31,84.03,67.62,91.30000000000001,88.36,0,DS1
83.83,64.45,55.27,44.699999999999996,79.09,0,DS1
83.45,53.73,64.34,16.1,53.19,0,DS1
77.89,74.46,59.07,80.0,51.9,0,DS1
87.78,74.81,74.53,35.6,60.86,0,DS1
66.93,86.85,97.49,18.400000000000002,64.32,0,DS1
47.28,87.06,66.39,25.6,70.24,1,DS1
73.54,92.1,80.6,3.5,53.8,0,DS1
55.9,68.88,94.59,9.1,86.26,0,DS1
63.07,50.67,81.5,59.3,85.57,1,DS1
41.04,62.99,68.11,86.6,67.33,0,DS1
62.97,73.39,99.54,44.900000000000006,78.15,1,DS1
88.53,74.81,59.37,62.599999999999994,55.05,0,DS1
72.56,74.81,76.16,81.0,70.76,0,DS1
40.59,74.81,89.84,35.699999999999996,92.88,1,DS1
68.19,76.21,50.03,65.4,83.03,0,DS1
57.49,58.25,85.1,35.0,55.2,0,DS1
68.65,74.81,63.32,64.3,92.38,0,DS1
64.28,74.81,58.49,21.8,84.03,0,DS1
95.92,74.81,63.71,97.8,72.65,0,DS1
42.47,84.53,98.34,7.6,84.6,0,DS1
81.02,55.57,94.6,50.5,58.64,0,DS1
91.06,74.44,60.69,28.599999999999998,77.52,1,DS1
97.55,85.12,55.85,60.099999999999994,80.9,0,DS1
50.66,54.35,68.21,42.800000000000004,96.39,0,DS1
71.88,89.62,79.62,30.7,53.34,0,DS1
42.62,61.1,93.36,25.0,68.74,0,DS1
69.95,75.15,98.3,18.2,96.84,0,DS1
47.53,97.03,87.56,78.3,60.86,0,DS1
90.27,78.57,79.95,22.200000000000003,90.66,1,DS1
46.83,71.2,57.12,77.4,50.08,0,DS1
70.8,50.34,53.7,48.5,51.29,0,DS1
71.27,56.67,79.8,7.199999999999999,66.38,0,DS1
98.3,78.93,76.95,16.5,88.43,0,DS1
79.3,74.69,92.3,89.3,55.21,0,DS1
57.27,74.81,66.13,60.300000000000004,69.14,0,DS1
54.45,96.16,51.98,18.400000000000002,56.57,0,DS1
47.69,66.62,71.19,70.4,61.18,0,DS1
85.39,76.86,98.46,82.30000000000001,75.15,0,DS1
81.45,78.44,89.78,33.1,65.96,0,DS1
76.59,76.37,51.69,55.7,60.6,0,DS1
42.45,73.88,93.73,29.3,69.67,0,DS1
85.77,66.85,73.58,8.0,85.05,0,DS1
78.51,95.44,68.24,40.0,55.97,0,DS1
97.83,72.54,67.34,75.1,73.98,0,DS1
75.23,76.42,79.76,45.9,63.74,0,DS1
58.24,82.82,76.53,40.5,68.93,0,DS1
62.89,53.38,82.83,36.6,91.08,0,DS1
50.55,89.06,78.68,45.9,96.49,0,DS1
83.37,75.63,57.2,31.8,62.15,0,DS1
82.46,74.81,62.86,61.2,81.5,0,DS1
52.04,88.6,92.05,6.4,83.83,0,DS1
49.51,93.7,83.16,80.7,92.12,0,DS1
44.62,69.61,72.42,17.3,94.95,0,DS1
94.72,90.57,59.13,63.3,73.4,0,DS1
53.98,62.94,50.38,45.0,99.13,0,DS1
60.65,83.02,65.59,77.30000000000001,98.54,0,DS1
56.83,55.14,52.74,82.6,75.32,0,DS1
64.82,51.0,74.11,20.4,77.1,0,DS1
82.84,54.79,91.09,67.69999999999999,83.39,0,DS1
92.24,65.97,64.27,19.0,68.69,1,DS1
50.96,51.55,92.39,12.4,83.1,0,DS1
81.18,74.81,85.23,93.0,75.71,0,DS1
61.15,65.83,56.26,16.4,51.77,0,DS1
98.83,86.82,82.23,22.799999999999997,92.64,0,DS1
57.94,52.3,57.58,13.0,97.02,0,DS1
40.43,60.84,82.74,47.0,51.31,0,DS1
70.94,74.81,57.14,92.0,89.46,1,DS1
49.04,69.13,69.63,26.400000000000002,69.29,0,DS1
42.67,74.81,78.33,54.2,79.28,0,DS1
81.9,74.81,52.52,41.1,75.0,0,DS1
83.94,74.81,57.67,33.6,77.57,0,DS1
67.64,86.05,66.02,57.199999999999996,74.76,0,DS1
80.61,61.0,73.12,55.9,92.67,0,DS1
72.29,93.89,92.92,35.9,84.18,0,DS1
77.79,69.39,59.36,85.1,70.63,1,DS1
75.8,95.05,67.37,5.300000000000001,84.43,0,DS1
79.95,67.09,73.79,8.5,98.25,0,DS1
51.98,50.43,64.79,99.1,54.02,0,DS1
56.12,75.85,81.29,74.80000000000001,69.4,0,DS1
66.4,76.24,62.83,80.39999999999999,93.52,0,DS1
66.77,55.99,88.62,60.300000000000004,86.95,0,DS1
86.46,74.81,75.26,42.0,96.75,0,DS1
62.04,89.17,54.32,62.9,51.99,0,DS1
49.75,51.84,81.35,9.3,93.14,0,DS1
55.09,74.48,78.46,75.8,89.59,0,DS1
52.88,76.52,66.93,54.1,90.75,0,DS1
83.9,84.44,50.56,95.7,79.86,0,DS1
68.22,51.87,60.04,63.7,52.6,0,DS1
82.52,79.28,70.29,15.2,76.96,1,DS1
64.97,50.15,60.0,47.800000000000004,70.39,1,DS1
93.38,63.26,78.87,5.8,76.35,0,DS1
99.01,74.98,85.62,74.5,87.01,0,DS1
80.19,74.81,92.8,50.199999999999996,79.8,0,DS1
91.83,56.33,82.35,37.0,64.63,0,DS1
70.48,58.46,84.45,96.89999999999999,79.98,0,DS1
96.08,83.46,80.42,94.1,54.16,0,DS1
89.9,68.74,99.27,95.3,50.27,0,DS1
99.51,81.17,63.05,22.1,70.08,1,DS1
77.39,99.87,63.31,72.9,87.86,1,DS1
86.75,99.34,56.32,94.5,91.13,0,DS1
72.57,67.69,74.28,57.1,77.49,0,DS1
55.55,75.2,54.81,21.400000000000002,93.4,1,DS1
61.29,95.23,63.51,81.8,56.3,0,DS1
93.64,54.61,74.13,88.0,98.21,0,DS1
43.36,72.62,97.88,70.3,96.09,0,DS1
75.49,68.88,98.19,29.4,79.96,0,DS1
62.35,64.74,87.19,19.099999999999998,52.94,0,DS1
63.2,99.71,69.46,62.400000000000006,72.71,0,DS1
93.07,86.68,93.26,48.3,58.96,0,DS1
91.23,69.44,93.77,66.9,81.42,0,DS1
75.93,91.45,95.51,11.200000000000001,59.5,0,DS1
56.38,74.48,82.0,13.600000000000001,74.09,0,DS1
68.53,93.64,60.09,36.3,60.28,1,DS1
64.5,63.32,54.55,25.9,59.09,0,DS1
61.22,61.18,95.74,61.900000000000006,62.4,1,DS1
46.17,74.81,52.78,36.800000000000004,51.46,0,DS1
72.59,76.92,64.79,68.4,85.81,0,DS1
58.11,64.57,74.35,76.9,65.34,0,DS1
79.65,57.36,51.1,18.700000000000003,84.91,0,DS1
59.15,99.73,95.35,92.0,82.67,0,DS1
65.87,95.02,64.36,78.7,53.31,0,DS1
43.14,81.75,51.43,62.699999999999996,65.6,1,DS1
99.55,74.81,99.68,90.9,78.34,0,DS1
70.46,96.77,65.57,26.6,95.92,0,DS1
41.45,83.81,93.84,42.199999999999996,70.07,0,DS1
72.47,75.93,72.67,8.6,75.24,1,DS1
92.22,94.1,83.16,45.599999999999994,87.51,0,DS1
86.35,78.39,62.05,50.599999999999994,90.16,0,DS1
82.05,56.34,75.14,61.6,96.17,0,DS1
48.37,68.34,62.88,6.4,74.86,0,DS1
79.46,72.3,97.55,3.2,59.69,0,DS1
85.98,74.81,53.05,42.0,88.22,0,DS1
74.35,82.96,63.73,18.9,56.28,1,DS1
93.56,93.76,94.66,75.9,70.92,0,DS1
56.62,87.88,74.0,66.9,81.41,0,DS1
54.53,65.49,80.0,32.599999999999994,84.59,0,DS1
92.17,85.94,82.58,4.6000000000000005,86.65,0,DS1
77.52,59.76,53.55,18.2,59.68,0,DS1
40.09,70.41,50.89,69.2,99.08,0,DS1
61.19,90.3,96.89,99.0,58.92,0,DS1
91.47,80.6,63.58,32.599999999999994,54.8,0,DS1
41.64,91.27,69.02,80.19999999999999,83.2,0,DS1
40.19,62.74,84.1,86.7,95.5,0,DS1
56.88,74.81,61.82,4.8,77.97,0,DS1
94.84,60.12,86.65,91.6,79.77,1,DS1
94.09,74.81,72.91,46.6,76.92,0,DS1
71.13,71.68,92.83,96.4,52.14,1,DS1
73.19,77.82,63.93,53.9,84.07,0,DS1
59.92,74.81,60.19,23.5,67.91,0,DS1
54.62,68.06,91.58,97.5,96.78,0,DS1
88.91,83.35,66.32,24.3,59.34,0,DS1
46.38,77.93,70.59,88.2,65.11,0,DS1
69.24,77.45,89.69,17.3,75.24,0,DS1
78.06,75.54,81.78,67.5,73.87,0,DS1
46.22,97.19,72.09,41.1,70.02,0,DS1
71.18,96.73,62.49,97.2,65.72,0,DS1
74.65,68.01,88.21,18.5,57.36,0,DS1
84.55,67.59,59.02,40.9,91.05,0,DS1
54.09,77.74,96.41,64.0,72.44,0,DS1
57.6,54.78,57.52,97.8,78.65,0,DS1
74.17,65.15,90.25,30.4,77.33,1,DS1
98.99,61.54,71.21,39.7,78.77,0,DS1
53.05,61.17,59.3,46.2,85.24,0,DS1
99.15,81.93,70.12,25.299999999999997,81.47,0,DS1
82.86,69.22,61.08,81.7,63.7,0,DS1
89.56,58.56,56.8,9.200000000000001,77.69,1,DS1
45.38,74.81,61.96,70.5,62.23,0,DS1
58.03,93.71,93.37,53.4,79.44,0,DS1
43.46,74.81,55.3,24.2,71.6,0,DS1
62.29,69.54,98.63,49.3,51.97,0,DS1
98.88,52.85,50.25,83.0,86.7,0,DS1
46.32,55.34,82.91,44.5,63.73,0,DS1
73.74,63.8,92.83,12.2,96.01,0,DS1
40.36,61.0,96.7,4.1,64.03,1,DS1
82.76,93.7,57.2,77.8,99.83,0,DS1
51.83,99.32,84.91,33.0,73.15,0,DS1
47.78,90.83,55.37,93.10000000000001,51.32,0,DS1
60.22,74.81,67.63,61.7,53.81,0,DS1
86.26,79.43,86.6,43.6,54.1,0,DS1
46.4,88.5,67.3,56.4,52.81,1,DS1
53.79,97.35,65.67,45.7,63.39,0,DS1
40.51,80.07,55.8,90.60000000000001,66.23,0,DS1
98.1,57.73,53.32,45.8,55.56,0,DS1
75.53,58.19,55.76,10.4,71.91,0,DS1
83.19,79.19,93.77,59.699999999999996,68.27,0,DS1
79.08,66.67,50.56,62.300000000000004,81.82,0,DS1
48.66,95.51,84.64,76.5,59.79,0,DS1
75.7,80.58,88.43,93.3,95.7,0,DS1
47.88,83.82,78.39,44.3,75.8,0,DS1
64.07,50.29,86.54,35.2,81.19,0,DS1
74.14,74.81,82.61,49.1,51.98,0,DS1
73.53,71.56,72.78,90.0,77.95,0,DS1
47.14,85.29,69.14,98.0,68.41,0,DS1
42.07,69.13,97.07,97.10000000000001,96.21,0,DS1
87.89,98.83,98.6,23.0,94.28,0,DS1
83.56,83.51,82.56,49.699999999999996,81.88,0,DS1
44.91,83.0,59.86,25.9,88.39,0,DS1
47.64,95.97,72.39,36.800000000000004,82.23,0,DS1
93.56,99.76,74.83,3.2,50.85,1,DS1
86.15,59.89,87.9,16.1,85.16,1,DS1
99.77,90.53,83.39,39.7,58.85,0,DS1
55.24,58.12,75.74,36.5,84.13,0,DS1
69.27,72.85,84.02,27.9,50.53,0,DS1
54.19,55.01,51.2,23.0,65.55,0,DS1
77.37,81.17,88.83,74.9,75.85,1,DS1
46.92,73.43,60.58,29.5,66.66,0,DS1
47.63,81.43,82.82,70.7,84.7,0,DS1
44.31,83.9,55.7,36.9,76.14,1,DS1
81.62,80.97,55.72,80.19999999999999,97.98,0,DS1
69.64,74.81,51.78,16.7,67.89,0,DS1
77.06,91.85,95.51,15.8,86.09,1,DS1
92.76,77.58,80.23,68.0,91.79,0,DS1
84.42,74.49,68.1,91.5,62.68,0,DS1
67.7,99.35,89.39,14.299999999999999,87.71,0,DS1
99.06,64.18,81.3,7.4,69.67,1,DS1
67.38,76.4,81.0,93.5,56.44,0,DS1
46.75,84.12,74.35,11.7,50.18,0,DS1
99.56,56.26,50.4,25.0,87.19,0,DS1
41.37,67.71,62.92,92.89999999999999,59.31,0,DS1
72.99,90.08,55.45,80.3,52.56,0,DS1
58.55,61.84,83.12,34.300000000000004,74.86,0,DS1
70.21,74.66,62.43,95.5,67.33,1,DS1
73.52,81.53,72.51,56.8,84.59,0,DS1
54.41,83.56,67.67,7.199999999999999,55.37,0,DS1
73.41,86.42,57.16,70.3,56.63,0,DS1
85.36,93.3,97.92,53.7,70.21,0,DS1
55.99,69.64,96.67,57.300000000000004,76.02,1,DS1
63.01,85.33,54.23,99.39999999999999,91.21,0,DS1
56.09,86.61,91.37,15.3,79.28,0,DS1
89.23,74.81,74.42,65.7,95.13,0,DS1
83.5,98.41,88.69,45.9,60.89,0,DS1
92.27,93.26,57.56,27.200000000000003,79.81,0,DS1
50.2,74.81,56.61,69.4,82.76,0,DS1
44.41,83.75,94.54,66.8,86.29,0,DS1
47.16,85.89,94.89,85.60000000000001,99.43,0,DS1
49.66,74.81,73.3,87.89999999999999,73.4,1,DS1
71.98,93.19,93.51,56.2,68.47,0,DS1
98.25,84.51,83.37,32.599999999999994,92.61,0,DS1
61.43,82.91,59.25,53.0,58.84,1,DS1
97.51,61.04,66.45,35.9,51.85,0,DS1
42.29,70.39,56.8,27.7,72.18,0,DS1
95.61,71.7,88.7,55.199999999999996,62.36,0,DS1
50.87,86.68,99.26,65.8,69.83,1,DS1
94.75,80.92,77.32,59.1,99.3,1,DS1
43.37,54.29,82.79,95.39999999999999,67.42,0,DS1
96.89,65.38,87.3,29.900000000000002,85.4,0,DS1
52.05,73.65,61.21,37.2,62.52,0,DS1
58.16,86.84,66.8,66.8,65.17,0,DS1
69.46,87.18,70.62,60.0,62.16,0,DS1
62.84,74.53,79.73,0.2,78.61,0,DS1
80.05,55.85,92.52,31.200000000000003,61.31,0,DS1
98.49,64.65,62.71,25.4,85.92,0,DS1
76.39,62.73,73.54,84.0,84.01,0,DS1
83.29,89.05,87.58,86.6,71.06,1,DS1
45.28,59.0,54.37,28.4,51.28,0,DS1
77.67,73.25,75.64,10.2,51.13,1,DS1
67.23,83.54,57.22,20.5,76.64,0,DS1
93.15,98.24,76.96,17.7,91.96,0,DS1
63.29,99.96,88.39,23.700000000000003,79.94,0,DS1
80.77,97.65,61.85,23.5,71.78,0,DS1
53.69,85.91,92.47,48.0,94.11,0,DS1
55.56,87.32,66.74,32.0,59.85,1,DS1
62.57,87.96,59.54,56.0,67.97,0,DS1
58.24,93.13,73.27,34.4,78.27,0,DS1
55.23,97.59,93.8,81.5,64.58,0,DS1
42.98,72.29,53.45,95.1,99.89,0,DS1
90.2,70.83,66.38,40.4,72.62,0,DS1
43.86,73.02,82.66,4.9,52.59,0,DS1
93.24,82.99,67.88,24.0,58.8,0,DS1
47.53,88.77,53.54,10.2,76.62,0,DS1
43.92,93.53,66.6,34.5,77.5,0,DS1
73.78,72.81,91.05,64.5,99.21,0,DS1
70.15,68.17,98.4,51.900000000000006,80.0,0,DS1
69.47,99.17,51.99,24.3,83.33,0,DS1
74.47,61.59,78.46,76.7,60.69,0,DS1
57.22,74.81,55.27,13.100000000000001,55.34,1,DS1
79.78,85.77,84.02,22.799999999999997,80.1,0,DS1
70.14,74.81,50.39,67.6,93.24,0,DS1
60.08,69.97,50.74,19.7,79.37,0,DS1
89.59,64.62,88.84,67.9,72.14,0,DS1
83.66,58.44,53.72,97.69999999999999,78.91,0,DS1
63.62,78.99,65.26,83.10000000000001,73.44,1,DS1
90.86,68.68,97.9,16.0,57.09,0,DS1
95.22,74.81,99.26,52.0,87.06,0,DS1
72.21,59.79,58.07,42.199999999999996,76.65,0,DS1
52.9,88.39,78.05,99.2,69.97,0,DS1
94.95,65.74,77.96,96.4,77.98,1,DS1
51.37,67.14,72.62,12.7,62.06,0,DS1
42.91,62.61,96.24,90.9,71.4,0,DS1
59.65,71.72,87.7,19.3,81.12,0,DS1
83.62,73.18,88.23,31.9,61.31,0,DS1
95.4,76.48,63.48,35.3,87.45,0,DS1
78.24,98.38,71.72,28.700000000000003,76.05,0,DS1
97.11,95.23,74.37,85.3,93.09,0,DS1
45.54,80.47,64.95,33.0,92.36,0,DS1
43.65,51.95,54.74,81.7,74.73,0,DS1
76.25,74.81,56.32,99.39999999999999,59.77,0,DS1
97.97,54.48,59.03,84.1,86.83,0,DS1
70.16,85.52,60.18,34.6,70.93,0,DS1
43.09,69.5,62.11,71.10000000000001,79.73,0,DS1
53.27,91.88,62.77,53.4,55.36,0,DS1
54.69,74.81,72.79,78.7,81.58,0,DS1
60.27,70.86,75.48,15.3,68.68,0,DS1
42.62,73.03,65.44,63.8,66.71,0,DS1
94.29,79.51,95.36,77.4,99.0,0,DS1
70.93,74.81,77.66,76.10000000000001,71.62,0,DS1
80.26,96.37,89.37,96.4,83.9,1,DS1
44.03,71.65,96.21,5.8,81.39,0,DS1
43.25,58.34,58.16,34.6,55.22,0,DS1
75.19,88.14,71.39,47.699999999999996,87.4,0,DS1
93.24,60.96,71.66,31.0,66.16,0,DS1
71.71,57.18,67.72,31.0,89.95,0,DS1
92.67,78.14,50.45,17.6,80.38,0,DS1
88.66,83.57,90.8,81.30000000000001,65.85,0,DS1
44.55,74.81,55.58,90.8,67.81,0,DS1
52.12,82.83,99.77,8.2,86.58,0,DS1
79.46,55.78,88.65,15.5,77.5,0,DS1
66.61,73.8,79.0,22.799999999999997,83.42,0,DS1
57.44,67.85,57.73,50.9,57.92,1,DS1
65.12,98.67,75.77,79.1,89.35,0,DS1
66.71,52.48,63.06,7.1,66.02,1,DS1
94.63,64.91,62.62,63.7,80.99,0,DS1
46.21,97.09,91.48,14.9,55.73,0,DS1
56.78,99.17,69.03,97.10000000000001,66.07,0,DS1
72.25,74.81,72.54,89.9,82.44,0,DS1
81.9,53.8,92.15,95.0,63.71,0,DS1
77.84,78.07,54.39,10.600000000000001,94.02,0,DS1
96.5,70.01,79.73,48.8,83.06,0,DS1
87.74,90.32,78.91,16.5,93.51,0,DS1
73.42,52.75,71.26,60.0,69.77,0,DS1
52.88,59.86,91.49,23.3,51.7,1,DS1
67.05,74.46,97.14,77.1,78.81,0,DS1
81.6,57.88,73.27,64.4,66.96,0,DS1
90.28,84.64,72.81,57.199999999999996,72.41,0,DS1
97.58,91.04,75.1,82.5,84.06,0,DS1
76.33,85.23,86.16,50.0,85.03,0,DS1
71.62,72.01,83.4,27.0,51.38,0,DS1
41.06,93.92,61.14,62.1,88.47,0,DS1
44.33,74.81,53.19,95.7,74.68,1,DS1
49.37,63.02,97.46,60.099999999999994,77.83,0,DS1
43.29,74.48,63.05,63.0,64.9,0,DS1
64.05,53.07,81.93,93.5,71.04,0,DS1
60.21,54.78,91.42,51.5,85.52,0,DS1
78.24,69.87,65.01,99.60000000000001,88.84,0,DS1
72.14,97.19,81.77,16.0,69.36,0,DS1
75.76,95.42,55.4,53.7,84.56,1,DS1
68.32,73.3,98.5,21.299999999999997,62.9,0,DS1
56.66,74.81,52.91,45.300000000000004,91.6,0,DS1
97.17,58.91,71.91,17.1,80.49,0,DS1
45.18,68.88,76.84,22.3,88.76,0,DS1
96.33,74.81,89.52,21.099999999999998,73.86,1,DS1
58.67,54.15,56.06,32.0,61.46,0,DS1
70.76,83.69,72.04,13.5,71.46,0,DS1
46.53,79.07,64.99,80.9,69.07,0,DS1
44.26,64.56,65.6,22.1,66.64,0,DS1
65.77,88.95,88.94,41.7,60.61,0,DS1
84.5,88.8,50.27,1.6,87.96,0,DS1
56.16,74.55,87.45,10.5,54.32,0,DS1
73.74,54.83,90.52,89.60000000000001,94.38,0,DS1
56.72,95.92,95.07,83.69999999999999,58.75,0,DS1
63.32,83.43,81.34,84.1,98.99,0,DS1
94.39,62.35,66.67,41.1,99.42,0,DS1
91.35,80.52,71.36,14.2,69.92,0,DS1
70.96,70.25,98.49,10.8,99.39,1,DS1
54.29,81.77,94.06,60.599999999999994,93.45,0,DS1
51.59,73.69,73.18,82.8,54.12,0,DS1
97.25,74.27,97.15,90.0,97.37,0,DS1
52.16,86.79,91.15,28.900000000000002,52.13,0,DS1
88.49,74.81,95.05,32.1,59.1,0,DS1
62.14,54.0,84.15,10.1,79.23,0,DS1
99.14,53.27,92.88,77.4,54.04,1,DS1
62.09,65.25,94.59,27.599999999999998,58.09,1,DS1
61.09,71.51,54.6,48.099999999999994,97.67,0,DS1
78.25,63.76,98.26,92.89999999999999,99.73,0,DS1
97.69,74.81,66.68,75.19999999999999,89.91,1,DS1
98.57,59.76,71.99,5.300000000000001,75.76,1,DS1
82.43,74.81,89.6,0.8,95.02,0,DS1
85.28,88.66,83.24,78.7,55.59,0,DS1
73.8,56.22,94.65,55.300000000000004,97.14,0,DS1
85.35,82.54,70.03,72.0,67.58,0,DS1
91.59,98.07,68.66,15.700000000000001,93.07,1,DS1
69.17,59.64,51.58,87.2,83.42,1,DS1
77.19,95.47,73.14,77.30000000000001,98.01,0,DS1
72.24,80.3,86.2,89.1,93.23,0,DS1
73.75,79.55,65.06,34.1,94.39,0,DS1
93.4,52.6,73.14,27.599999999999998,81.59,0,DS1
61.34,87.42,60.97,15.2,91.66,0,DS1
52.49,73.91,88.64,93.0,87.86,1,DS1
67.38,86.06,53.03,17.7,58.08,0,DS1
52.49,90.46,85.27,11.899999999999999,82.43,0,DS1
69.9,76.19,68.95,19.3,57.41,0,DS1
94.21,63.18,52.08,77.1,93.47,0,DS1
77.05,57.08,92.67,89.0,53.3,0,DS1
91.33,58.03,74.39,81.1,99.35,1,DS1
49.97,93.35,79.97,56.3,70.03,0,DS1
94.05,74.81,86.6,99.39999999999999,58.53,0,DS1
76.11,69.23,82.75,6.8999999999999995,96.78,0,DS1
41.91,66.71,86.54,86.7,52.27,0,DS1
77.99,93.27,88.11,42.800000000000004,73.51,1,DS1
97.08,73.88,79.46,45.5,88.51,1,DS1
44.75,74.81,68.28,12.8,65.84,0,DS1
74.95,86.85,62.16,3.3000000000000003,76.44,0,DS1
94.93,92.55,95.15,31.7,85.02,0,DS1
40.58,54.93,98.5,17.5,97.6,0,DS1
77.85,62.66,67.88,48.3,55.14,0,DS1
68.49,56.77,55.62,14.7,57.86,0,DS1
60.82,73.18,61.13,13.799999999999999,75.44,0,DS1
77.65,74.81,83.53,87.69999999999999,70.92,0,DS1
43.16,58.45,58.65,92.10000000000001,70.54,0,DS1
85.18,56.51,89.01,96.4,64.85,0,DS1
40.27,80.73,96.15,68.1,78.03,0,DS1
58.42,61.52,98.18,77.1,94.16,0,DS1
70.24,73.97,50.47,83.6,58.05,0,DS1
62.62,52.56,97.91,65.9,60.76,0,DS1
58.45,84.03,87.01,33.0,83.54,0,DS1
89.85,77.07,54.2,15.600000000000001,52.81,0,DS1
96.09,82.37,70.76,23.700000000000003,83.69,0,DS1
92.42,63.77,85.0,84.0,65.72,0,DS1
71.35,63.93,97.83,69.6,67.89,0,DS1
93.05,90.07,58.21,45.599999999999994,70.28,1,DS1
95.25,74.81,56.39,2.9,67.48,0,DS1
64.55,78.99,73.62,26.6,92.06,1,DS1
57.01,81.41,98.4,72.9,97.3,0,DS1
45.9,54.7,98.57,51.2,77.4,0,DS1
68.75,74.81,61.4,43.6,79.09,0,DS1
96.78,88.5,65.97,31.400000000000002,53.52,1,DS1
73.65,79.52,95.4,60.7,85.66,0,DS1
80.05,95.93,86.74,96.6,79.2,1,DS1
46.77,58.43,98.62,90.1,52.52,0,DS1
48.61,84.33,94.66,3.0,59.92,0,DS1
67.87,98.15,60.75,48.099999999999994,60.1,0,DS1
97.08,65.5,87.99,32.9,58.55,0,DS1
61.65,50.76,52.43,51.1,82.93,0,DS1
92.65,86.74,90.89,60.599999999999994,96.42,1,DS1
47.22,50.35,80.08,20.0,88.15,0,DS1
77.02,93.63,97.81,78.2,73.87,1,DS1
76.04,52.82,98.0,47.5,70.2,0,DS1
91.59,82.64,52.54,99.2,69.32,1,DS1
40.2,68.86,58.03,2.5,80.06,0,DS1
51.4,60.17,74.21,19.0,67.96,0,DS1
53.18,74.81,93.97,69.0,61.31,0,DS1
97.0,87.31,90.72,69.5,80.14,0,DS1
49.22,67.02,98.22,58.2,69.54,0,DS1
42.22,64.21,80.9,97.2,50.71,0,DS1
72.07,86.8,62.83,41.5,51.11,0,DS1
71.71,91.83,51.26,41.7,63.71,0,DS1
90.64,85.79,61.15,91.0,75.62,0,DS1
96.93,82.0,83.76,53.8,67.71,1,DS1
72.31,61.4,96.31,35.4,51.2,0,DS1
95.8,92.64,66.05,71.9,61.16,0,DS1
83.51,87.48,93.79,62.0,54.82,0,DS1
55.87,75.86,69.74,30.6,97.43,0,DS1
95.71,75.58,65.41,29.8,65.64,0,DS1
80.05,78.46,75.44,39.6,50.74,1,DS1
64.85,91.41,72.11,7.199999999999999,83.03,0,DS1
80.81,87.11,95.69,94.3,61.62,0,DS1
64.08,92.81,73.41,18.3,78.34,0,DS1
46.85,75.36,63.87,19.4,57.54,0,DS1
83.14,81.23,92.13,64.7,99.2,0,DS1
89.45,92.73,99.94,72.4,98.51,0,DS1
83.73,61.62,82.41,73.7,82.8,0,DS1
53.75,72.2,62.52,37.5,85.36,0,DS1
97.4,81.03,61.94,87.30000000000001,71.29,0,DS1
41.52,74.81,52.89,54.400000000000006,98.11,0,DS1
59.96,50.79,53.86,43.9,71.19,0,DS1
55.61,60.63,95.75,81.0,61.97,1,DS1
42.89,74.81,54.82,24.4,55.77,0,DS1
64.34,66.33,74.22,86.0,60.41,1,DS1
77.39,64.09,84.91,53.9,78.61,0,DS1
92.95,79.51,92.52,90.0,62.25,0,DS1
99.38,94.28,58.56,20.2,82.71,0,DS1
88.49,81.85,71.89,93.6,69.11,1,DS1
68.12,62.08,62.57,68.8,94.34,0,DS1
83.42,93.19,62.79,61.8,77.92,1,DS1
90.62,81.6,65.19,42.199999999999996,81.13,0,DS1
67.92,60.95,79.36,95.60000000000001,77.83,0,DS1
87.1,68.08,50.83,44.400000000000006,94.28,0,DS1
68.96,89.5,70.44,49.900000000000006,53.17,0,DS1
63.19,86.95,59.34,78.1,53.37,0,DS1
71.57,78.83,98.36,28.5,85.09,0,DS1
80.55,57.24,79.14,29.1,88.4,0,DS1
83.61,90.16,93.4,77.5,71.68,1,DS1
61.4,65.38,59.78,12.9,67.62,0,DS1
74.28,88.58,90.5,82.30000000000001,63.9,1,DS1
94.59,82.38,70.74,62.5,61.72,0,DS1
98.58,63.21,58.88,53.9,95.6,0,DS1
53.63,60.62,88.06,22.9,64.76,0,DS1
51.57,56.55,88.1,78.60000000000001,82.4,1,DS1
80.6,62.1,99.79,80.5,89.35,0,DS1
64.88,57.89,89.05,48.3,51.1,0,DS1
41.45,80.85,57.26,38.9,51.69,1,DS1
60.81,79.94,66.13,24.6,66.66,1,DS1
88.4,74.81,72.59,75.4,84.8,1,DS1
87.85,82.09,56.33,63.9,63.04,0,DS1
69.68,90.74,89.4,20.7,50.07,0,DS1
68.35,95.68,76.33,79.4,64.41,0,DS1
74.77,61.52,97.22,88.2,54.51,0,DS1
53.16,74.81,79.47,5.8999999999999995,60.97,1,DS1
71.56,53.92,76.14,77.2,66.66,0,DS1
40.66,56.01,53.57,85.3,56.4,1,DS1
68.53,82.72,57.47,99.2,85.32,0,DS1
60.16,74.33,92.48,23.799999999999997,62.8,0,DS1
80.49,74.81,99.53,37.1,83.05,1,DS1
78.3,71.28,70.76,96.6,79.95,0,DS1
62.85,56.38,90.5,9.399999999999999,94.9,0,DS1
40.44,93.6,81.38,52.400000000000006,54.4,0,DS1
55.14,54.14,97.95,50.7,60.73,0,DS1
78.0,59.45,61.91,60.7,93.26,0,DS1
44.34,63.85,77.24,33.1,91.11,1,DS1
46.46,99.76,70.44,92.6,59.61,0,DS1
78.82,70.84,77.09,27.0,55.39,0,DS1
85.35,75.09,63.44,65.0,92.81,1,DS1
59.29,88.48,74.89,49.6,58.91,0,DS1
69.38,81.82,81.24,26.7,93.56,0,DS1
96.74,92.07,54.06,18.9,98.06,0,DS1
96.73,74.32,87.15,95.7,61.04,0,DS1
58.45,98.61,85.33,56.1,92.02,1,DS1
88.6,89.84,94.02,60.4,71.19,0,DS1
75.64,70.07,71.29,78.3,89.44,0,DS1
98.53,69.06,53.08,8.100000000000001,70.37,0,DS1
68.66,96.47,73.07,71.39999999999999,53.52,0,DS1
86.48,74.81,56.88,16.5,85.63,0,DS1
86.09,74.81,82.37,74.0,57.53,0,DS1
69.85,87.89,52.36,14.1,96.35,0,DS1
87.74,74.81,68.7,83.2,70.89,0,DS1
55.66,57.96,54.14,68.1,54.1,0,DS1
47.34,65.96,50.17,38.6,61.42,0,DS1
65.51,74.81,98.03,35.9,93.13,0,DS1
96.62,50.91,99.81,14.9,66.05,0,DS1
70.04,71.87,77.78,90.39999999999999,92.82,0,DS1
78.12,87.79,61.95,11.899999999999999,58.61,1,DS1
77.45,58.21,95.55,47.199999999999996,73.41,0,DS1
47.95,53.23,96.15,23.700000000000003,93.91,0,DS1
63.42,91.8,92.73,99.60000000000001,52.42,1,DS1
82.42,74.81,77.22,58.6,65.21,0,DS1
98.32,58.83,53.74,15.0,95.49,0,DS1
50.08,90.32,54.42,66.8,79.83,0,DS1
64.63,82.91,94.83,99.2,85.81,0,DS1
45.71,66.71,93.79,60.5,92.11,0,DS1
54.54,68.81,71.72,45.7,76.18,1,DS1
62.61,57.79,66.41,29.3,92.27,1,DS1
72.44,91.76,82.21,9.200000000000001,81.94,0,DS1
53.83,75.45,90.35,22.799999999999997,84.28,0,DS1
53.65,77.85,86.58,55.4,57.64,0,DS1
86.67,94.17,80.78,75.4,96.95,0,DS1
97.76,50.79,61.58,87.8,89.8,0,DS1
59.42,53.35,63.13,79.4,62.71,0,DS1
81.28,58.08,86.2,12.5,79.0,0,DS1
55.48,51.5,90.13,77.30000000000001,68.82,0,DS1
95.68,74.81,55.81,58.2,83.02,1,DS1
80.37,81.69,59.36,46.900000000000006,99.69,1,DS1
88.16,60.54,84.02,57.300000000000004,52.29,0,DS1
42.96,57.47,69.45,0.8,97.63,1,DS1
75.91,57.28,78.16,6.800000000000001,53.62,1,DS1
71.66,74.81,80.74,52.599999999999994,73.04,0,DS1
57.58,84.68,88.81,17.4,74.11,0,DS1
55.75,79.27,90.29,54.6,63.44,0,DS1
74.8,66.12,64.0,35.4,78.33,0,DS1
82.39,71.65,77.06,90.7,91.7,0,DS1
41.99,54.47,56.18,95.0,64.7,0,DS1
74.04,99.91,92.1,98.0,53.52,0,DS1
50.23,87.75,92.27,89.9,81.61,0,DS1
48.42,81.07,64.98,98.6,87.59,0,DS1
77.39,79.39,58.03,70.6,97.73,0,DS1
58.65,75.22,53.5,96.1,57.98,0,DS1
66.45,62.87,78.75,64.2,95.07,0,DS1
61.6,61.32,54.57,80.9,74.11,0,DS1
78.9,74.81,84.03,13.200000000000001,61.79,0,DS1
68.21,53.51,83.91,68.3,98.14,0,DS1
97.81,53.72,80.7,93.10000000000001,61.92,0,DS1
61.14,78.04,93.83,54.0,86.67,0,DS1
84.42,95.99,68.91,18.700000000000003,89.24,1,DS1
55.44,95.71,95.11,52.699999999999996,71.53,0,DS1
70.53,50.54,51.85,70.7,84.5,0,DS1
73.15,55.37,55.64,77.0,78.62,0,DS1
59.75,79.15,70.61,52.400000000000006,59.6,0,DS1
68.31,92.42,79.7,21.7,87.99,1,DS1
56.76,97.72,51.62,92.69999999999999,96.4,0,DS1
40.36,93.03,78.37,77.4,74.43,0,DS1
52.94,83.88,65.37,27.1,99.72,0,DS1
82.0,60.03,94.36,81.19999999999999,71.4,0,DS1
86.26,53.63,76.66,34.8,73.99,1,DS1
56.81,52.38,79.39,31.200000000000003,83.69,0,DS1
64.48,74.81,97.28,86.30000000000001,59.29,0,DS1
42.24,51.81,88.21,87.30000000000001,95.1,0,DS1
54.22,86.96,71.91,39.8,90.06,0,DS1
86.75,85.62,73.84,0.8999999999999999,93.62,0,DS1
76.36,74.81,82.4,18.700000000000003,80.48,0,DS1
52.35,95.33,60.01,90.9,94.19,1,DS1
55.45,74.81,54.43,89.9,84.0,0,DS1
89.01,95.22,65.56,45.300000000000004,75.58,0,DS1
52.55,95.08,88.92,30.4,96.59,0,DS1
60.05,59.85,62.87,30.299999999999997,71.99,0,DS1
79.86,69.03,56.54,89.7,75.03,1,DS1
73.67,56.73,60.95,32.5,58.48,0,DS1
67.65,88.75,83.95,51.2,97.38,0,DS1
93.98,75.21,80.7,73.1,61.05,0,DS1
53.18,74.81,84.42,20.9,60.07,0,DS1
84.49,74.81,66.1,25.4,55.06,0,DS1
49.54,74.81,95.04,35.8,72.67,0,DS1
76.94,99.46,72.59,65.4,63.68,1,DS1
92.24,83.27,75.69,81.7,87.04,0,DS1
67.47,53.44,97.44,54.699999999999996,65.38,1,DS1
83.46,79.42,98.96,13.3,86.04,0,DS1
89.22,58.99,83.08,44.6,59.8,0,DS1
48.16,51.53,97.24,12.8,61.5,0,DS1
82.35,66.75,77.08,8.8,90.31,1,DS1
95.19,74.81,65.36,59.0,68.55,0,DS1
74.58,74.81,65.75,95.60000000000001,55.59,0,DS1
51.17,68.68,77.95,83.80000000000001,98.07,1,DS1
47.62,86.65,80.25,77.4,58.87,0,DS1
55.58,50.81,71.98,72.69999999999999,57.51,0,DS1
46.21,50.74,94.19,89.7,67.92,0,DS1
70.8,51.47,71.33,75.3,54.78,0,DS1
44.18,60.97,63.67,62.699999999999996,57.78,0,DS1
53.4,68.7,50.4,36.5,92.32,0,DS1
66.39,80.39,98.53,10.1,58.58,0,DS1
68.43,99.3,91.22,46.1,55.57,0,DS1
73.92,67.72,80.78,92.5,94.0,0,DS1
82.34,52.78,91.53,58.3,72.19,0,DS1
42.83,59.75,90.51,18.5,57.86,0,DS1
44.84,94.89,96.59,64.9,79.08,0,DS1
43.65,74.81,69.3,46.5,52.08,0,DS1
65.39,89.51,77.74,93.10000000000001,71.37,1,DS1
42.51,56.21,54.93,16.1,79.52,1,DS1
84.76,74.81,98.27,71.2,97.86,0,DS1
53.38,55.61,99.26,68.2,66.32,0,DS1
96.35,92.86,89.45,98.4,88.25,1,DS1
69.18,60.5,72.71,56.5,56.63,0,DS1
66.78,82.16,74.83,87.2,71.68,1,DS1
86.83,75.81,71.77,2.5,61.16,0,DS1
82.79,77.22,64.67,12.3,74.62,0,DS1
76.44,59.77,76.39,34.6,70.86,0,DS1
96.11,81.76,52.67,61.900000000000006,98.99,0,DS1
65.34,52.16,99.59,44.900000000000006,95.87,0,DS1
88.51,99.67,71.2,20.299999999999997,79.11,0,DS1
62.81,51.34,96.37,58.9,58.83,0,DS1
90.3,52.51,86.21,56.7,77.85,0,DS1
55.57,66.23,64.5,52.400000000000006,89.6,0,DS1
57.36,91.58,61.1,9.1,51.9,0,DS1
80.67,62.86,99.78,92.69999999999999,71.7,0,DS1
52.76,73.6,88.61,59.2,52.13,0,DS1
53.75,74.81,62.48,26.400000000000002,62.2,0,DS1
58.32,74.81,53.37,68.7,54.61,0,DS1
80.74,80.4,84.85,31.8,98.03,0,DS1
93.36,74.81,65.15,50.599999999999994,58.44,0,DS1
80.47,84.71,61.07,34.1,57.51,0,DS1
89.67,89.27,86.75,88.0,98.6,0,DS1
72.61,92.52,83.96,99.39999999999999,75.8,0,DS1
44.14,56.69,74.07,16.1,87.9,0,DS1
46.03,72.78,97.13,2.4,66.37,0,DS1
73.26,97.35,83.98,21.9,76.64,0,DS1
59.67,88.6,94.67,59.0,50.34,1,DS1
53.23,55.85,59.53,17.4,70.44,1,DS1
67.98,75.13,64.83,81.1,77.75,0,DS1
79.99,96.12,55.23,40.9,75.72,0,DS1
63.1,72.0,65.23,61.1,70.29,0,DS1
88.15,91.87,98.59,45.599999999999994,89.4,0,DS1
84.31,74.79,98.14,90.3,75.08,1,DS1
84.09,55.34,88.02,3.5,81.81,0,DS1
99.11,57.39,76.05,72.9,59.23,0,DS1
57.71,52.33,89.04,65.19999999999999,93.08,0,DS1
78.68,59.77,77.67,65.0,68.14,0,DS1
91.33,94.68,50.18,41.4,74.11,1,DS1
74.77,82.51,75.08,1.6,67.61,0,DS1
87.37,86.94,79.95,68.89999999999999,94.6,0,DS1
64.87,81.08,63.29,82.89999999999999,95.04,0,DS1
75.43,69.33,60.16,8.5,61.21,1,DS1
43.34,60.84,63.69,44.2,87.64,0,DS1
99.15,96.28,81.18,16.299999999999997,55.14,0,DS1
88.0,75.74,57.3,61.1,51.49,0,DS1
92.13,74.05,86.02,78.60000000000001,91.83,0,DS1
81.66,99.81,71.13,66.7,56.56,0,DS1
51.16,69.2,67.67,31.8,57.74,0,DS1
41.86,92.71,90.36,14.0,80.33,0,DS1
91.88,93.12,75.3,79.4,90.84,0,DS1
63.78,61.63,68.92,32.400000000000006,59.48,0,DS1
55.83,54.74,93.91,2.2,55.71,0,DS1
73.7,74.81,68.41,57.1,53.87,1,DS1
65.25,71.29,92.95,24.700000000000003,51.24,0,DS1
79.1,50.11,75.21,84.1,55.82,0,DS1
69.03,74.95,60.4,14.299999999999999,97.13,0,DS1
81.83,80.97,80.64,43.5,54.76,0,DS1
91.21,88.8,64.27,25.299999999999997,79.88,0,DS1
51.73,97.15,57.36,69.0,96.05,0,DS1
59.77,74.81,54.33,54.900000000000006,81.39,0,DS1
66.21,97.01,62.08,79.1,51.64,1,DS1
97.72,51.61,86.83,45.9,79.82,0,DS1
61.92,85.59,91.9,0.5,95.15,0,DS1
62.87,74.81,93.09,21.5,66.13,0,DS1
79.21,59.38,63.51,99.9,65.68,0,DS1
65.15,90.02,83.05,40.5,62.44,0,DS1
97.07,70.86,61.52,62.0,75.28,0,DS1
93.67,95.83,81.14,90.5,61.9,1,DS1
70.8,52.12,94.36,2.1,86.19,0,DS1
78.69,90.11,52.04,66.0,82.24,0,DS1
43.48,74.81,99.26,28.799999999999997,70.04,0,DS1
81.74,58.83,91.35,27.9,86.13,0,DS1
82.43,73.87,88.08,22.5,54.92,0,DS1
61.55,69.78,84.57,82.30000000000001,87.48,0,DS1
53.18,74.31,88.51,37.3,80.15,0,DS1
94.9,97.0,99.73,6.7,81.5,0,DS1
65.6,82.87,88.51,9.7,53.23,1,DS1
79.22,64.52,67.58,14.9,80.91,0,DS1
42.0,58.65,80.7,89.9,74.71,0,DS1
64.84,71.0,66.85,42.699999999999996,74.29,0,DS1
89.04,72.58,98.5,91.6,66.09,0,DS1
63.25,74.81,95.01,81.7,50.38,0,DS1
76.19,74.81,78.38,83.80000000000001,71.13,0,DS1
52.59,88.38,89.06,28.700000000000003,70.05,1,DS1
64.99,54.92,95.48,27.1,71.14,0,DS1
95.66,78.02,62.18,56.0,80.6,0,DS1
73.99,81.18,78.97,41.8,65.0,0,DS1
94.12,60.34,74.09,50.9,63.47,0,DS1
94.12,91.3,88.58,5.300000000000001,74.89,0,DS1
96.65,80.77,68.95,97.2,79.62,0,DS1
93.72,82.29,85.45,5.8,78.37,0,DS1
40.2,74.89,70.15,17.9,94.08,1,DS1
96.04,95.48,55.55,67.8,88.46,0,DS1
48.25,84.7,55.36,15.600000000000001,52.61,0,DS1
42.4,69.09,55.95,10.700000000000001,78.17,0,DS1
43.32,61.93,51.63,15.4,70.89,1,DS1
60.93,53.55,76.65,6.2,68.05,0,DS1
77.25,58.27,83.6,25.099999999999998,97.89,0,DS1
64.14,99.63,56.34,27.1,72.84,0,DS1
41.53,70.34,80.59,49.900000000000006,85.97,1,DS1
68.59,94.93,79.89,43.9,98.35,0,DS1
66.53,74.81,57.35,47.400000000000006,57.55,1,DS1
85.41,71.27,70.2,61.6,52.73,0,DS1
56.78,98.03,87.76,23.1,65.68,0,DS1
53.05,54.56,50.84,13.5,52.22,0,DS1
55.36,74.81,57.35,87.89999999999999,55.84,0,DS1
58.22,95.96,99.79,63.4,99.59,1,DS1
75.95,97.48,86.68,6.1,98.01,1,DS1
68.29,92.3,73.21,96.1,84.56,0,DS1
60.21,74.81,81.49,69.3,87.65,0,DS1
62.46,82.61,92.31,15.2,57.02,0,DS1
62.26,61.02,92.12,96.89999999999999,79.76,0,DS1
98.34,86.53,66.24,36.5,57.72,0,DS1
53.98,98.92,74.56,98.5,68.92,1,DS1
89.08,76.3,81.9,10.3,67.27,1,DS1
82.49,74.81,53.59,16.0,80.7,0,DS1
40.33,78.67,97.29,65.7,53.98,0,DS1
99.59,84.53,71.64,2.2,55.17,1,DS1
85.39,60.41,68.54,1.9,80.5,0,DS1
80.95,85.96,95.36,79.2,81.81,0,DS1
64.32,79.37,55.91,16.8,66.99,1,DS1
73.31,80.62,51.96,91.89999999999999,57.34,0,DS1
55.2,65.3,84.25,42.599999999999994,94.3,0,DS1
42.13,57.76,69.25,87.4,52.65,0,DS1
90.16,81.17,88.22,41.8,85.87,0,DS1
93.79,79.31,53.43,53.0,57.0,0,DS1
49.75,66.9,69.19,31.7,81.87,0,DS1
87.22,64.79,61.77,65.8,83.18,0,DS1
84.47,67.36,86.98,31.8,90.21,0,DS1
50.7,74.49,61.36,22.3,69.75,0,DS1
65.31,98.74,72.9,8.100000000000001,51.09,0,DS1
65.37,88.18,90.94,5.8,90.55,0,DS1
85.6,92.59,95.77,30.6,72.2,0,DS1
90.26,75.28,86.13,73.60000000000001,92.35,0,DS1
45.69,76.31,71.46,20.6,88.8,0,DS1
73.78,60.22,78.6,29.900000000000002,74.92,0,DS1
85.7,74.81,84.48,90.5,99.97,1,DS1
87.17,71.08,93.75,63.9,73.1,0,DS1
48.88,87.12,94.43,92.0,84.83,0,DS1
71.53,74.81,96.55,91.1,83.49,0,DS1
91.45,55.43,90.54,6.3,75.9,1,DS1
59.11,58.65,57.34,95.5,79.27,0,DS1
65.51,90.58,87.38,5.1,89.93,1,DS1
88.26,74.81,90.73,92.6,78.58,0,DS1
45.36,63.22,93.89,54.699999999999996,72.51,0,DS1
91.57,96.47,96.24,53.3,83.1,1,DS1
58.67,82.88,75.46,71.3,51.78,0,DS1
40.09,55.72,82.75,87.89999999999999,55.46,0,DS1
54.05,57.18,50.48,61.7,56.27,0,DS1
45.37,63.62,78.64,42.5,71.29,1,DS1
45.54,79.7,73.66,11.200000000000001,93.59,0,DS1
81.57,74.81,98.12,78.89999999999999,82.16,0,DS1
52.84,63.72,95.09,12.8,98.63,0,DS1
96.08,93.53,89.88,72.6,52.0,0,DS1
70.99,55.46,52.85,52.800000000000004,86.1,1,DS1
67.61,60.38,70.1,38.6,65.71,0,DS1
66.06,98.52,84.8,61.3,51.16,0,DS1
81.56,56.74,51.48,77.2,91.3,0,DS1
67.14,94.41,61.79,94.1,58.13,0,DS1
47.72,85.2,94.38,26.5,60.7,0,DS1
92.81,53.65,56.49,94.7,67.02,0,DS1
65.7,74.19,52.57,96.1,89.42,0,DS1
44.44,75.95,79.03,81.4,81.23,0,DS1
71.76,96.61,97.32,88.10000000000001,63.24,0,DS1
78.84,74.81,91.73,69.2,58.42,0,DS1
56.53,72.34,98.74,3.9000000000000004,55.48,0,DS1
88.02,55.62,87.68,57.5,57.49,0,DS1
80.19,81.96,71.87,74.7,93.41,0,DS1
79.02,60.54,97.33,94.2,96.13,0,DS1
65.25,53.88,71.33,57.0,98.4,0,DS1
97.71,99.85,67.5,79.4,91.74,0,DS1
56.45,63.48,72.41,70.5,94.37,0,DS1
74.66,74.81,90.7,28.1,90.81,0,DS1
58.54,74.81,95.88,15.5,97.9,0,DS1
84.69,91.08,67.88,75.1,92.28,0,DS1
42.87,53.2,73.11,23.4,73.1,0,DS1
42.75,55.27,94.92,24.5,66.16,0,DS1
88.65,54.51,52.35,64.4,79.21,1,DS1
66.06,52.35,89.19,78.89999999999999,80.41,1,DS1
60.47,82.97,72.71,58.2,78.75,0,DS1
76.45,79.42,68.83,88.5,85.34,0,DS1
82.11,83.14,72.35,21.099999999999998,84.95,0,DS1
52.07,75.28,70.93,25.2,54.36,0,DS1
51.13,90.88,87.83,63.7,64.28,1,DS1
97.49,77.33,96.4,82.89999999999999,94.49,0,DS1
75.38,95.94,74.57,53.9,79.5,0,DS1
63.41,74.28,91.64,1.0,66.43,0,DS1
88.09,89.53,86.6,67.69999999999999,92.52,0,DS1
71.51,70.37,66.53,81.4,62.45,0,DS1
54.5,71.76,79.37,27.7,70.46,0,DS1
52.4,92.45,83.34,5.4,63.81,0,DS1
63.81,74.81,51.17,51.8,93.57,1,DS1
91.59,78.25,69.8,4.2,86.41,0,DS1
43.69,86.32,99.63,41.6,73.01,0,DS1
53.11,87.52,81.86,1.7999999999999998,96.62,0,DS1
93.59,79.57,66.71,22.5,96.37,0,DS1
47.3,72.4,62.5,38.9,85.58,0,DS1
77.78,63.04,60.47,11.200000000000001,94.6,0,DS1
52.81,95.47,70.08,11.399999999999999,85.97,0,DS1
76.35,68.49,59.66,82.69999999999999,81.41,0,DS1
62.99,89.95,56.76,4.1,71.04,0,DS1
46.1,74.81,68.2,68.89999999999999,63.67,1,DS1
74.95,61.61,80.35,81.4,53.01,0,DS1
80.98,67.28,57.32,13.100000000000001,90.04,0,DS1
80.82,74.81,52.22,19.5,56.11,1,DS1
78.22,65.97,51.73,64.1,70.52,0,DS1
70.01,52.07,63.37,31.6,61.73,0,DS1
71.17,58.69,59.51,47.599999999999994,72.73,0,DS1
78.14,62.96,76.96,83.6,65.75,0,DS1
81.42,58.8,72.79,13.799999999999999,91.48,1,DS1
79.29,60.19,66.24,62.0,98.91,0,DS1
75.22,88.45,91.68,94.2,97.08,1,DS1
49.35,70.6,75.25,5.699999999999999,81.12,0,DS1
52.64,74.81,54.58,6.0,98.96,0,DS1
55.61,98.33,64.79,55.5,70.04,0,DS1
95.18,72.34,98.67,96.0,76.12,1,DS1
85.56,96.38,98.85,22.0,62.84,0,DS1
73.17,64.95,62.73,33.1,94.9,0,DS1
55.12,70.03,58.36,9.9,58.99,0,DS1
46.65,69.81,74.78,36.2,80.52,0,DS1
93.93,77.3,74.07,4.4,89.97,0,DS1
93.56,79.21,70.51,38.9,79.77,0,DS1
46.64,62.41,76.47,55.5,53.94,0,DS1
87.83,89.68,61.61,97.5,80.57,0,DS1
66.8,74.83,55.75,81.8,88.35,0,DS1
59.44,50.35,78.52,82.2,59.39,0,DS1
84.35,79.57,96.63,22.799999999999997,86.85,0,DS1
76.86,89.9,56.89,8.7,93.93,0,DS1
86.8,62.52,85.24,60.300000000000004,99.32,0,DS1
44.46,51.89,71.89,52.1,70.5,0,DS1
59.12,90.36,64.7,51.7,51.26,0,DS1
59.16,98.81,92.66,10.9,70.95,0,DS1
59.79,53.83,72.82,49.400000000000006,83.01,1,DS1
70.15,96.9,79.17,15.0,94.57,1,DS1
56.98,67.96,72.15,42.199999999999996,96.91,0,DS1
66.66,97.07,54.06,6.2,95.48,0,DS1
62.07,82.44,79.75,85.7,82.9,0,DS1
84.12,94.51,70.94,1.3,84.13,0,DS1
76.21,89.29,54.34,93.9,50.12,0,DS1
79.22,51.4,79.79,86.30000000000001,68.19,0,DS1
52.64,53.27,50.49,75.3,95.34,1,DS1
59.53,76.29,60.43,98.3,84.48,0,DS1
41.27,56.48,89.05,5.4,73.4,0,DS1
46.5,73.05,51.9,64.2,55.21,0,DS1
55.9,97.73,82.33,84.9,62.32,0,DS1
43.93,74.81,97.49,12.7,77.75,1,DS1
76.16,74.45,58.56,58.5,94.88,0,DS1
99.89,69.21,70.86,39.4,54.79,0,DS1
46.05,81.49,78.77,43.6,57.69,0,DS1
89.27,59.69,72.52,91.30000000000001,82.75,0,DS1
47.13,74.81,81.02,53.9,64.71,0,DS1
80.19,92.94,70.2,9.3,58.49,0,DS1
78.59,90.57,57.43,93.69999999999999,58.92,0,DS1
94.16,89.46,54.45,18.5,74.63,0,DS1
46.84,88.55,87.22,89.3,79.19,0,DS1
58.93,72.97,61.93,97.10000000000001,95.22,0,DS1
45.45,86.44,92.37,87.8,76.49,0,DS1
64.44,69.36,87.15,67.69999999999999,84.56,0,DS1
94.7,55.04,52.47,74.4,59.03,1,DS1
86.89,74.81,60.06,70.0,85.67,0,DS1
83.37,57.93,64.6,46.1,82.43,0,DS1
71.98,69.54,79.72,27.400000000000002,60.81,0,DS1
93.01,64.87,90.49,28.5,83.47,1,DS1
66.97,79.96,53.02,73.1,60.57,0,DS1
48.98,68.08,62.48,62.599999999999994,79.68,0,DS1
90.26,85.28,68.81,58.5,83.44,0,DS1
56.78,75.61,59.17,65.3,84.67,0,DS1
43.22,95.97,77.26,77.5,95.46,0,DS1
47.56,74.81,73.9,74.80000000000001,97.39,0,DS1
76.54,84.39,65.82,10.5,90.51,0,DS1
76.42,74.81,75.84,36.3,93.94,0,DS1
55.61,74.81,67.79,26.400000000000002,50.97,0,DS1
83.63,68.58,67.16,53.8,68.13,0,DS1
86.42,65.27,63.27,6.1,51.99,0,DS1
95.23,74.81,77.02,76.2,61.24,0,DS1
75.1,63.26,72.21,10.700000000000001,69.09,0,DS1
86.77,75.09,59.82,27.1,93.38,0,DS1
85.19,74.81,50.65,78.3,75.59,0,DS1
55.47,74.81,57.55,5.2,82.44,0,DS1
58.61,57.89,52.14,66.0,68.14,1,DS1
68.71,63.61,71.58,92.4,80.15,0,DS1
41.14,55.05,61.25,61.8,90.78,0,DS1
57.84,96.33,71.02,71.3,65.06,0,DS1
68.43,93.63,66.47,79.2,96.61,0,DS1
46.48,65.42,76.9,22.200000000000003,60.67,0,DS1
47.58,62.35,86.19,58.099999999999994,95.97,0,DS1
67.79,95.27,73.97,30.9,51.41,0,DS1
83.86,50.09,53.1,24.900000000000002,77.14,0,DS1
90.02,80.03,50.88,19.2,99.26,0,DS1
72.78,95.8,60.66,58.5,80.49,0,DS1
68.48,74.81,71.25,79.5,77.74,0,DS1
63.06,50.15,52.25,87.6,84.12,1,DS1
51.58,60.94,66.39,42.9,64.47,0,DS1
48.79,96.12,94.35,37.3,52.7,0,DS1
87.51,50.85,54.5,68.7,62.55,0,DS1
67.9,69.74,97.43,78.0,58.81,0,DS1
87.42,89.49,92.83,25.299999999999997,96.18,0,DS1
82.24,74.81,91.59,29.700000000000003,92.61,1,DS1
51.63,73.88,93.18,53.3,65.89,0,DS1
70.62,61.62,54.0,44.400000000000006,91.8,0,DS1
66.64,79.99,57.56,70.6,60.59,0,DS1
65.43,63.19,56.72,50.4,59.98,1,DS1
72.55,62.76,55.56,11.200000000000001,88.38,0,DS1
98.92,90.38,66.39,16.599999999999998,66.35,0,DS1
88.77,57.71,91.51,90.19999999999999,53.24,0,DS1
94.22,50.28,62.6,22.7,86.0,0,DS1
41.78,66.84,62.21,5.0,99.48,0,DS1
48.42,74.55,83.79,73.1,78.3,0,DS1
45.09,85.25,54.85,68.4,63.18,1,DS1
55.79,89.06,68.01,60.0,68.65,0,DS1
66.51,83.18,64.77,50.199999999999996,82.43,1,DS1
78.52,81.33,92.37,97.0,85.07,0,DS1
70.05,83.29,75.73,12.0,94.32,0,DS1
94.19,63.58,82.32,51.0,95.44,1,DS1
96.39,74.81,56.45,56.4,93.06,1,DS1
49.81,80.82,96.45,2.2,82.42,0,DS1
91.17,53.28,66.12,41.2,72.49,1,DS1
68.9,74.81,85.34,78.3,83.97,0,DS1
67.2,70.32,97.73,47.1,83.33,1,DS1
87.1,76.67,75.43,87.5,60.9,1,DS1
45.59,74.32,75.38,64.5,75.38,1,DS1
92.95,85.91,55.86,76.6,60.41,0,DS1
80.25,73.67,69.51,80.39999999999999,94.96,0,DS1
92.52,74.81,92.62,69.0,66.16,0,DS1
99.67,69.02,56.76,74.9,90.27,1,DS1
71.08,76.27,95.88,69.5,68.86,0,DS1
45.6,50.16,83.37,55.0,88.19,1,DS1
49.99,65.52,71.05,56.7,61.05,0,DS1
59.42,74.81,77.32,19.0,88.19,0,DS1
46.21,66.68,57.52,82.69999999999999,58.98,0,DS1
88.92,62.66,60.87,31.200000000000003,74.54,0,DS1
57.81,77.18,64.32,53.6,55.68,1,DS1
98.55,74.81,69.24,25.0,76.39,0,DS1
82.16,76.58,95.78,69.6,91.04,0,DS1
50.41,65.18,68.38,97.5,87.78,0,DS1
68.56,69.16,76.19,80.19999999999999,52.54,0,DS1
68.01,89.57,58.1,61.900000000000006,74.61,0,DS1
69.55,74.81,86.8,56.8,92.61,1,DS1
72.14,72.31,78.01,49.0,82.51,1,DS1
41.87,78.88,72.0,20.5,52.96,0,DS1
81.18,88.34,97.36,34.8,66.28,0,DS1
69.23,87.29,94.53,40.599999999999994,77.83,0,DS1
87.46,59.27,82.98,94.5,58.63,0,DS1
88.92,74.81,96.09,42.599999999999994,84.1,0,DS1
53.83,67.41,78.24,58.6,81.74,0,DS1
42.91,59.38,91.35,92.2,60.12,0,DS1
82.19,50.61,70.47,51.8,77.52,0,DS1
98.67,58.7,54.34,25.099999999999998,90.59,0,DS1
66.8,90.41,99.71,38.1,68.74,0,DS1
55.58,77.3,58.28,37.599999999999994,62.35,0,DS1
49.4,67.08,62.58,71.5,85.06,0,DS1
57.25,80.42,58.16,29.6,53.54,0,DS1
59.68,74.81,66.87,73.0,91.63,0,DS1
65.43,67.72,64.46,88.9,97.17,0,DS1
79.32,73.3,80.06,33.6,98.24,1,DS1
56.39,53.21,99.82,13.5,71.63,0,DS1
43.06,79.85,52.63,63.9,81.16,0,DS1
62.4,67.82,88.92,36.1,92.87,0,DS1
91.34,71.68,56.4,53.4,61.17,0,DS1
69.9,71.13,50.99,63.4,51.39,0,DS1
97.89,81.62,81.93,40.8,69.23,0,DS1
70.22,78.62,93.67,92.5,94.22,0,DS1
56.55,71.11,58.81,40.0,75.25,0,DS1
51.6,50.85,67.08,30.7,76.51,0,DS1
81.67,81.05,58.44,88.6,84.57,0,DS1
72.18,93.98,95.33,13.600000000000001,78.73,0,DS1
76.24,88.48,63.52,12.4,52.72,0,DS1
85.31,99.08,72.24,93.6,78.04,0,DS1
83.55,56.95,94.74,20.9,82.4,0,DS1
42.6,61.13,77.64,14.8,82.08,0,DS1
88.15,76.96,96.64,53.5,86.42,0,DS1
71.96,61.79,96.32,4.699999999999999,76.0,0,DS1
63.5,51.73,73.08,62.0,95.0,0,DS1
72.25,70.11,79.12,45.300000000000004,73.21,0,DS1
76.75,64.38,61.52,64.0,75.91,0,DS1
48.97,63.19,99.53,28.4,89.02,1,DS1
65.04,97.66,63.92,90.5,91.66,1,DS1
60.14,61.92,89.17,27.1,82.42,0,DS1
61.02,56.47,65.65,63.8,56.32,0,DS1
45.48,56.27,65.65,94.5,66.6,0,DS1
49.59,90.32,55.19,40.099999999999994,51.01,0,DS1
49.71,85.74,77.99,16.1,64.77,0,DS1
62.39,56.47,62.24,6.800000000000001,78.51,0,DS1
93.67,74.81,57.42,96.30000000000001,90.26,0,DS1
52.36,87.37,61.33,76.39999999999999,79.28,0,DS1
64.97,63.73,62.55,91.89999999999999,51.99,0,DS1
58.7,99.08,75.2,69.9,62.96,0,DS1
87.24,77.03,69.3,34.2,78.9,0,DS1
43.01,59.6,53.77,12.3,85.45,0,DS1
51.79,92.94,76.8,92.89999999999999,93.32,0,DS1
52.64,65.97,89.39,49.0,98.38,0,DS1
99.58,64.44,78.71,39.7,94.59,1,DS1
74.25,66.37,98.73,57.800000000000004,73.37,1,DS1
48.34,88.41,54.96,10.700000000000001,87.35,0,DS1
56.33,58.66,91.06,30.9,62.03,0,DS1
50.07,69.09,75.28,63.8,53.19,1,DS1
47.48,51.54,76.08,10.0,52.75,0,DS1
87.83,91.33,75.95,13.5,62.07,0,DS1
69.75,67.04,66.27,51.1,51.88,0,DS1
77.87,62.41,66.23,62.300000000000004,92.51,1,DS1
59.88,78.99,81.59,18.700000000000003,74.5,0,DS1
73.22,85.25,52.24,3.3000000000000003,90.55,1,DS1
55.45,90.64,79.44,95.8,96.99,0,DS1
58.48,67.39,86.23,2.7,99.7,0,DS1
79.13,90.62,67.82,0.2,96.86,0,DS1
49.02,73.24,60.87,32.3,85.83,0,DS1
77.03,55.06,60.67,22.200000000000003,72.1,1,DS1
91.13,92.32,54.09,57.400000000000006,79.9,1,DS1
47.23,77.38,54.49,89.39999999999999,90.82,0,DS1
93.85,80.12,58.33,48.099999999999994,94.88,0,DS1
44.77,96.87,50.96,77.30000000000001,97.82,0,DS1
60.93,77.96,63.31,90.9,86.53,0,DS1
76.63,50.28,65.32,18.9,77.0,0,DS1
73.56,74.81,99.76,48.8,98.42,0,DS1
45.78,64.24,99.58,64.2,97.93,0,DS1
87.93,75.09,59.35,33.199999999999996,73.88,0,DS1
98.39,60.24,60.65,74.0,82.43,0,DS1
50.87,64.85,74.6,70.5,90.46,0,DS1
93.71,84.33,57.44,42.1,71.65,0,DS1
73.41,71.48,75.2,8.8,91.47,0,DS1
96.16,81.36,69.97,1.2,55.57,0,DS1
50.57,91.18,66.23,36.9,74.06,0,DS1
87.52,67.04,91.13,8.2,74.13,0,DS1
43.59,78.42,91.41,78.2,84.23,1,DS1
92.99,88.88,99.39,33.4,55.82,0,DS1
80.45,85.76,61.15,66.6,55.16,0,DS1
62.22,76.99,94.41,34.6,95.03,0,DS1
51.43,69.17,76.89,79.6,65.19,0,DS1
88.99,70.38,79.57,88.80000000000001,66.35,0,DS1
76.19,71.66,94.81,83.80000000000001,88.84,0,DS1
61.62,67.44,97.13,48.4,70.75,0,DS1
66.63,84.95,86.34,8.4,91.65,0,DS1
89.59,56.27,67.39,37.2,70.07,1,DS1
60.34,74.81,74.48,42.400000000000006,88.03,0,DS1
45.38,88.95,80.75,96.0,76.27,0,DS1
94.68,64.91,91.43,56.5,96.79,0,DS1
63.24,52.13,82.9,64.1,66.37,0,DS1
60.9,85.57,68.27,78.2,68.13,1,DS1
52.26,86.72,70.89,56.8,98.5,1,DS1
93.85,98.18,52.52,59.800000000000004,86.88,1,DS1
53.05,62.69,96.21,24.5,88.63,0,DS1
78.2,54.14,54.41,5.8999999999999995,64.8,0,DS1
92.85,95.76,79.0,72.1,76.6,0,DS1
42.09,62.93,93.58,84.9,65.68,0,DS1
89.73,86.08,71.04,41.2,62.99,1,DS1
64.64,53.03,90.01,54.900000000000006,76.76,0,DS1
79.48,88.03,90.19,30.7,99.39,0,DS1
62.34,56.35,52.99,45.0,60.73,0,DS1
81.73,84.78,70.61,20.9,62.13,0,DS1
55.26,76.62,84.55,76.0,62.16,1,DS1
41.32,74.81,71.12,49.2,89.59,0,DS1
96.87,51.85,77.26,54.699999999999996,75.52,0,DS1
40.98,64.6,79.72,3.7,69.24,0,DS1
89.45,53.48,57.56,62.199999999999996,92.19,0,DS1
50.15,93.96,70.6,20.299999999999997,64.87,0,DS1
63.53,79.7,51.42,38.3,69.61,0,DS1
89.35,76.75,57.48,41.3,53.68,0,DS1
52.36,56.57,75.61,44.900000000000006,55.95,0,DS1
91.94,74.45,78.68,22.7,56.84,1,DS1
69.87,69.94,57.31,85.0,67.35,0,DS1
61.97,65.79,87.78,42.800000000000004,76.2,0,DS1
79.75,88.61,68.65,61.2,50.04,0,DS1
60.48,53.06,96.03,61.4,59.5,0,DS1
60.84,82.33,69.38,60.7,58.78,0,DS1
84.01,91.15,57.49,55.9,62.67,0,DS1
58.59,95.37,87.9,82.30000000000001,58.3,1,DS1
52.05,87.3,78.39,81.30000000000001,59.76,0,DS1
88.46,64.12,69.33,41.7,99.19,0,DS1
88.32,80.03,67.8,63.6,79.74,0,DS1
69.86,57.07,57.54,10.3,88.13,0,DS1
71.6,55.85,67.04,9.1,90.97,1,DS1
81.76,81.93,51.47,48.0,83.38,1,DS1
70.56,92.56,75.12,90.0,85.2,0,DS1
65.02,53.36,94.84,65.0,81.61,1,DS1
99.69,55.3,89.77,66.9,82.47,0,DS1
48.86,78.28,51.43,15.8,96.42,0,DS1
75.56,60.91,94.06,45.300000000000004,59.29,1,DS1
93.15,80.59,72.62,40.099999999999994,63.74,0,DS1
81.23,60.73,59.54,78.3,54.66,1,DS1
92.86,55.82,87.62,13.799999999999999,91.87,1,DS1
60.18,77.28,66.14,53.9,72.44,1,DS1
56.32,93.11,62.67,91.1,95.36,0,DS1
91.08,84.26,58.07,89.2,70.58,0,DS1
63.65,90.94,74.33,85.19999999999999,72.13,0,DS1
82.58,63.32,54.67,37.5,72.42,0,DS1
48.86,94.3,89.28,94.1,80.62,0,DS1
85.35,68.85,73.53,80.5,88.31,0,DS1
72.94,92.62,72.35,85.1,67.56,1,DS1
56.12,73.56,50.09,93.2,81.51,0,DS1
69.67,63.39,90.89,93.69999999999999,60.2,0,DS1
81.82,74.81,74.64,24.0,77.7,0,DS1
40.71,78.38,71.99,12.8,77.33,1,DS1
78.25,53.95,88.07,69.1,94.44,1,DS1
72.5,96.5,53.14,56.3,94.79,0,DS1
53.22,63.57,68.33,32.7,74.36,0,DS1
85.18,66.78,78.79,68.4,51.23,0,DS1
58.21,61.67,73.03,6.2,92.23,0,DS1
56.61,50.15,59.08,4.699999999999999,50.03,1,DS1
68.27,74.81,64.96,35.4,73.91,0,DS1
80.57,79.53,65.01,19.4,50.99,0,DS1
95.73,74.81,99.6,71.9,67.63,0,DS1
48.48,52.05,66.31,94.80000000000001,81.84,0,DS1
63.79,96.43,60.26,66.2,68.56,0,DS1
44.02,74.81,91.13,65.5,96.34,1,DS1
85.51,95.65,71.06,0.7000000000000001,82.04,0,DS1
66.86,55.36,72.19,51.2,82.32,0,DS1
82.42,87.2,77.44,81.7,68.72,0,DS1
59.33,74.81,79.78,65.4,51.93,1,DS1
90.66,67.91,79.53,22.799999999999997,86.91,1,DS1
72.09,53.96,51.72,84.80000000000001,85.81,0,DS1
96.62,80.24,90.94,96.4,76.51,0,DS1
44.73,51.32,59.74,27.9,70.81,0,DS1
70.86,75.06,64.62,20.7,76.92,0,DS1
85.99,80.21,58.67,33.9,87.34,0,DS1
76.01,86.63,88.35,6.3,85.64,0,DS1
41.39,99.57,79.18,87.30000000000001,82.91,1,DS1
98.34,63.0,87.76,92.89999999999999,95.19,0,DS1
57.9,66.12,82.67,63.3,80.49,0,DS1
54.96,67.06,55.21,76.39999999999999,50.73,0,DS1
69.14,86.58,65.07,66.9,80.9,0,DS1
72.53,96.59,75.36,37.7,80.63,1,DS1
85.98,98.72,65.25,63.2,53.48,0,DS1
63.6,97.29,60.37,83.6,71.39,0,DS1
66.4,93.97,93.49,81.0,82.55,0,DS1
72.1,99.55,87.39,8.100000000000001,85.23,0,DS1
63.66,68.8,67.26,46.3,94.65,0,DS1
94.87,97.42,88.25,39.7,92.07,0,DS1
91.08,88.05,81.38,75.19999999999999,55.83,0,DS1
67.3,58.42,50.19,50.099999999999994,80.44,0,DS1
40.01,52.27,69.01,35.0,79.82,0,DS1
94.06,60.72,64.52,70.6,65.19,1,DS1
47.46,88.94,60.9,47.400000000000006,59.21,0,DS1
54.67,81.58,62.58,25.7,59.98,0,DS1
49.14,61.22,97.12,89.0,58.88,0,DS1
50.79,87.1,74.32,11.299999999999999,90.31,0,DS1
88.17,57.07,92.39,1.7999999999999998,57.42,0,DS1
74.77,91.09,60.71,14.399999999999999,63.22,0,DS1
97.37,74.81,58.72,16.4,60.89,1,DS1
53.89,98.63,94.44,53.8,85.64,1,DS1
69.14,57.51,74.79,62.5,57.92,0,DS1
98.65,95.33,94.76,44.900000000000006,51.2,1,DS1
89.59,67.06,53.15,20.4,68.71,0,DS1
83.72,70.8,95.82,13.200000000000001,65.25,0,DS1
51.34,73.42,70.77,49.2,69.89,0,DS1
86.16,81.35,57.77,56.5,87.69,0,DS1
60.85,99.74,84.17,30.4,50.62,0,DS1
71.83,74.81,89.85,22.0,51.89,0,DS1
76.55,96.34,52.37,8.100000000000001,62.78,0,DS1
76.56,62.75,99.36,2.6,94.46,0,DS1
83.59,69.92,84.85,10.600000000000001,58.45,1,DS1
79.7,75.22,66.07,74.2,99.85,0,DS1
44.1,66.15,57.56,34.4,90.28,0,DS1
67.44,98.84,69.63,2.7,72.81,0,DS1
79.84,86.28,61.03,50.8,87.39,1,DS1
57.76,73.94,74.71,53.6,75.94,0,DS1
58.78,87.57,89.09,42.9,78.3,0,DS1
47.47,73.37,83.01,11.100000000000001,79.04,0,DS1
65.12,50.86,71.8,75.5,82.44,0,DS1
99.21,77.16,55.95,68.89999999999999,53.04,0,DS1
57.12,81.26,97.86,39.5,80.82,0,DS1
71.89,99.06,63.52,38.1,85.85,0,DS1
84.59,52.04,63.89,15.600000000000001,65.54,0,DS1
40.81,75.6,82.28,75.4,98.93,0,DS1
94.03,54.91,88.53,60.0,57.22,1,DS1
63.19,57.45,99.21,8.6,95.52,0,DS1
92.15,80.52,98.46,37.8,83.82,1,DS1
42.34,61.58,95.69,90.39999999999999,83.22,0,DS1
48.74,74.81,71.77,45.199999999999996,93.8,0,DS1
59.35,75.71,58.33,32.5,91.59,0,DS1
60.73,60.91,79.22,64.4,67.27,0,DS1
90.87,74.69,50.86,20.299999999999997,85.27,0,DS1
40.67,50.04,59.81,52.400000000000006,52.53,1,DS1
78.47,93.14,50.13,67.0,73.2,0,DS1
47.88,50.63,59.03,85.5,96.89,0,DS1
89.39,74.81,73.74,69.3,63.7,0,DS1
86.71,80.58,69.67,38.4,52.5,0,DS1
70.0,98.68,68.46,76.8,79.15,0,DS1
52.76,92.8,91.55,89.80000000000001,67.75,0,DS1
78.07,62.6,83.75,47.800000000000004,68.98,0,DS1
49.38,59.83,96.82,0.5,79.12,0,DS1
51.4,81.31,72.27,88.10000000000001,81.08,0,DS1
77.6,91.13,63.61,16.5,71.87,0,DS1
99.47,68.1,56.13,12.6,75.38,0,DS1
93.46,71.62,83.6,30.8,99.66,0,DS1
75.59,55.77,92.09,38.0,97.86,1,DS1
72.31,74.81,59.19,79.9,85.37,0,DS1
99.9,78.42,93.94,38.9,58.07,0,DS1
72.84,55.13,76.31,4.9,68.0,0,DS1
65.21,60.1,57.2,63.6,94.15,0,DS1
94.57,61.73,82.14,67.1,71.18,0,DS1
54.05,72.2,76.0,81.4,97.77,1,DS1
45.85,52.28,51.41,39.900000000000006,74.42,0,DS1
78.05,74.81,69.96,8.6,93.09,0,DS1
45.75,96.43,89.24,55.300000000000004,51.77,0,DS1
62.39,51.22,77.77,12.1,71.71,0,DS1
65.41,81.55,64.1,1.7000000000000002,85.01,1,DS1
72.85,91.79,96.43,77.9,93.18,1,DS1
99.5,74.81,61.89,40.300000000000004,80.48,0,DS1
53.26,56.58,62.64,52.5,58.66,1,DS1
62.55,52.17,67.73,66.3,94.29,0,DS1
47.93,74.81,94.73,40.099999999999994,78.74,0,DS1
76.46,77.61,75.38,5.1,55.4,0,DS1
83.66,74.81,84.11,25.299999999999997,73.19,1,DS1
68.92,91.58,98.81,19.4,84.95,0,DS1
54.75,86.78,89.16,97.69999999999999,72.55,1,DS1
77.25,63.82,58.63,74.0,93.54,1,DS1
72.35,87.67,89.42,45.199999999999996,71.18,0,DS1
50.27,62.25,87.42,6.3,79.17,0,DS1
64.34,83.76,61.63,11.6,60.56,0,DS1
66.11,55.93,66.27,81.30000000000001,75.63,0,DS1
98.96,84.61,85.51,94.5,61.14,1,DS1
90.96,61.94,61.92,3.1,61.26,0,DS1
84.06,78.62,60.41,91.0,64.0,0,DS1
93.33,58.62,85.17,38.1,52.21,0,DS1
84.13,86.3,94.03,21.400000000000002,58.17,0,DS1
94.2,53.04,53.75,10.2,71.22,0,DS1
43.27,58.27,72.3,77.2,56.55,0,DS1
67.36,59.21,80.36,46.900000000000006,56.67,0,DS1
84.81,52.07,83.81,83.2,98.4,0,DS1
75.0,87.25,99.81,22.599999999999998,71.35,0,DS1
50.51,99.05,84.13,67.9,70.19,0,DS1
60.43,88.92,81.01,11.799999999999999,63.39,0,DS1
59.07,93.03,99.49,9.0,75.62,1,DS1
55.68,50.3,53.03,13.3,79.8,0,DS1
60.59,74.81,53.72,80.9,70.91,0,DS1
70.89,77.95,78.03,65.6,69.69,0,DS1
91.29,98.89,67.93,16.599999999999998,85.02,0,DS1
84.52,83.04,54.83,38.5,97.49,0,DS1
90.11,68.71,65.32,76.39999999999999,93.89,0,DS1
93.02,57.31,83.72,28.599999999999998,55.93,1,DS1
64.97,57.64,94.03,92.10000000000001,82.62,0,DS1
60.76,68.14,54.72,91.5,50.35,0,DS1
43.46,85.69,77.01,55.300000000000004,81.65,0,DS1
95.83,51.59,64.81,63.2,73.22,0,DS1
43.95,92.61,83.37,65.3,74.56,0,DS1
84.47,97.08,77.47,25.8,79.4,1,DS1
62.69,94.44,96.34,36.5,87.13,0,DS1
96.93,74.81,51.88,13.600000000000001,86.47,1,DS1
65.18,50.77,73.5,92.5,52.22,0,DS1
89.0,98.89,59.64,72.4,86.82,0,DS1
56.96,74.81,76.84,4.6000000000000005,91.49,0,DS1
57.95,93.46,92.68,54.900000000000006,53.41,0,DS1
75.73,59.34,95.57,34.300000000000004,66.15,0,DS1
99.88,72.33,69.91,81.5,89.6,0,DS1
71.05,52.21,90.59,34.4,74.66,1,DS1
96.18,52.0,64.03,64.4,84.74,0,DS1
87.17,97.16,50.32,16.599999999999998,75.12,0,DS1
87.75,90.53,92.76,55.9,98.91,0,DS1
66.16,76.49,55.97,29.4,96.81,0,DS1
63.19,76.27,50.88,16.5,64.06,0,DS1
51.52,87.44,67.69,61.900000000000006,69.29,1,DS1
97.84,67.08,68.97,63.9,71.57,0,DS1
97.56,88.09,53.86,98.3,55.21,1,DS1
84.82,74.25,90.71,66.9,70.2,0,DS1
57.78,81.9,70.28,51.6,88.74,0,DS1
54.71,98.24,74.5,91.30000000000001,92.34,1,DS1
99.32,73.57,63.23,82.8,94.31,0,DS1
43.99,74.81,75.58,54.900000000000006,50.73,0,DS1
90.61,95.29,88.34,51.1,89.44,0,DS1
61.33,95.13,95.31,94.2,75.13,0,DS1
65.13,99.62,98.53,61.7,60.31,0,DS1
89.92,77.54,71.34,71.39999999999999,74.94,0,DS1
45.44,67.21,99.5,8.7,92.21,0,DS1
61.25,74.81,64.75,71.8,71.71,1,DS1
97.12,51.7,50.35,26.5,99.52,0,DS1
81.94,86.34,88.38,11.6,80.83,1,DS1
85.3,61.67,58.92,85.0,74.49,0,DS1
85.45,80.33,52.62,69.1,64.74,0,DS1
43.63,95.83,96.2,40.8,50.55,0,DS1
52.19,97.51,89.59,43.099999999999994,80.53,0,DS1
69.48,50.22,55.13,19.7,78.87,0,DS1
62.09,65.85,88.85,1.0,75.84,1,DS1
64.65,91.87,92.2,34.900000000000006,76.89,0,DS1
86.89,76.82,95.27,14.8,92.18,1,DS1
40.88,90.38,77.18,42.199999999999996,65.84,0,DS1
79.63,92.67,85.17,83.4,77.51,0,DS1
40.01,72.13,88.11,11.5,84.0,0,DS1
43.78,74.81,84.43,9.200000000000001,60.49,1,DS1
64.5,72.77,82.34,90.19999999999999,96.24,0,DS1
90.46,82.64,77.38,74.5,86.86,0,DS1
48.7,68.36,73.96,5.300000000000001,52.66,0,DS1
73.28,88.75,99.81,8.0,93.26,0,DS1
80.71,95.2,66.88,68.5,96.49,1,DS1
53.77,64.12,54.41,37.0,89.68,1,DS1
70.74,98.25,88.25,72.4,71.31,0,DS1
94.68,81.14,60.69,40.4,99.72,1,DS1
70.73,93.91,76.63,96.8,56.22,0,DS1
49.44,55.2,54.79,69.4,76.83,0,DS1
77.67,62.57,80.96,4.699999999999999,58.52,0,DS1
75.53,66.05,97.2,33.1,71.97,0,DS1
41.62,65.14,86.14,56.4,96.37,1,DS1
45.44,58.59,60.73,14.2,89.71,0,DS1
49.41,93.41,98.56,0.3,89.1,0,DS1
48.18,70.93,65.35,7.9,67.69,0,DS1
55.57,98.16,71.83,52.400000000000006,96.71,0,DS1
67.25,79.17,74.91,63.2,68.41,1,DS1
62.3,56.92,99.54,9.3,52.0,0,DS1
93.44,74.81,53.44,66.5,81.89,1,DS1
76.73,99.68,84.84,61.7,68.13,1,DS1
92.57,78.26,68.1,94.0,57.69,0,DS1
71.62,50.09,53.92,84.1,96.73,0,DS1
45.39,96.65,96.75,94.3,81.86,0,DS1
67.8,74.81,79.49,96.6,97.03,0,DS1
89.32,84.43,87.68,44.1,79.15,1,DS1
51.65,75.75,62.02,48.8,53.19,0,DS1
45.47,66.27,88.08,28.2,51.5,0,DS1
59.77,64.13,91.42,50.8,95.03,0,DS1
63.33,96.44,71.54,15.1,51.94,0,DS1
58.38,95.6,78.6,67.1,80.76,0,DS1
48.11,75.66,98.59,2.5,64.9,0,DS1
55.05,62.92,92.34,23.599999999999998,84.38,0,DS1
80.94,55.12,72.24,20.8,64.24,0,DS1
63.16,57.83,83.23,93.80000000000001,51.86,0,DS1
77.95,76.11,89.21,14.5,86.54,0,DS1
72.18,65.39,51.22,89.1,65.55,0,DS1
72.94,52.1,79.42,12.4,77.54,0,DS1
54.91,72.76,99.23,65.1,88.69,0,DS1
71.29,87.31,97.36,32.0,85.14,0,DS1
41.42,94.58,91.62,31.6,67.43,0,DS1
65.9,79.26,55.31,99.80000000000001,87.39,0,DS1
74.36,86.16,99.7,22.599999999999998,96.28,0,DS1
50.92,74.81,80.48,20.299999999999997,80.5,0,DS1
55.39,74.81,61.15,58.9,85.18,0,DS1
53.17,86.48,83.71,74.1,93.3,1,DS1
44.23,86.38,92.83,98.3,92.18,0,DS1
60.87,71.23,55.62,70.1,67.58,0,DS1
98.74,77.18,95.82,56.2,99.59,0,DS1
61.23,74.81,96.01,40.9,51.43,0,DS1
67.63,81.6,50.67,59.5,99.34,0,DS1
79.19,82.13,95.02,60.099999999999994,62.3,0,DS1
78.91,89.23,97.34,21.8,72.02,0,DS1
96.99,55.76,51.88,67.1,94.18,0,DS1
91.45,76.14,64.71,20.4,62.22,0,DS1
87.64,97.97,68.66,49.0,61.24,0,DS1
97.1,74.81,67.44,26.0,82.16,1,DS1
53.85,64.75,87.95,31.299999999999997,85.27,0,DS1
77.02,80.06,67.91,61.4,50.37,1,DS1
93.23,61.06,97.83,6.4,72.52,0,DS1
77.45,77.8,99.75,1.2,74.46,0,DS1
98.65,57.78,65.84,13.100000000000001,63.59,0,DS1
46.02,78.99,75.44,16.9,77.31,0,DS1
66.36,80.12,77.89,19.8,57.73,0,DS1
98.64,70.92,78.97,77.4,66.18,0,DS1
62.77,69.14,68.71,44.699999999999996,85.66,1,DS1
84.37,62.27,58.3,47.0,93.69,0,DS1
41.82,66.55,52.73,64.4,79.47,0,DS1
81.69,74.92,55.32,72.9,53.74,0,DS1
96.08,74.81,95.06,0.4,83.94,0,DS1
62.96,89.14,64.02,85.7,94.88,0,DS1
41.28,85.45,53.84,98.80000000000001,75.22,0,DS1
41.67,63.47,81.18,12.2,74.68,0,DS1
93.52,54.87,53.77,65.1,99.57,0,DS1
83.35,50.01,53.5,0.2,81.81,0,DS1
46.4,79.84,81.08,4.9,90.3,0,DS1
43.28,60.57,79.57,28.5,82.32,0,DS1
88.29,50.63,52.07,84.60000000000001,61.05,1,DS1
88.59,67.95,73.02,65.3,64.2,0,DS1
47.23,98.1,71.79,44.6,83.29,0,DS1
58.09,74.81,77.33,43.9,72.8,1,DS1
86.8,74.81,86.89,46.6,70.22,0,DS1
71.52,57.24,64.14,31.099999999999998,51.12,0,DS1
97.4,53.66,71.64,87.8,94.22,0,DS1
68.86,50.58,89.64,56.8,94.22,0,DS1
80.62,97.78,96.13,48.4,73.05,0,DS1
70.59,65.01,94.57,46.5,85.04,0,DS1
96.58,72.98,73.88,93.6,58.89,1,DS1
63.92,69.73,76.04,72.4,75.19,1,DS1
53.79,86.52,76.46,14.5,71.94,1,DS1
59.6,65.5,93.44,43.7,82.83,0,DS1
91.17,76.77,92.0,28.799999999999997,73.48,0,DS1
69.88,99.78,65.58,98.69999999999999,74.92,0,DS1
61.26,72.2,58.14,41.5,64.79,0,DS1
72.66,77.56,68.95,6.800000000000001,52.42,0,DS1
47.99,75.13,64.42,41.1,95.85,0,DS1
40.32,90.16,97.54,32.1,50.61,1,DS1
56.84,74.81,63.3,60.0,64.07,0,DS1
76.3,74.81,59.06,22.599999999999998,72.38,0,DS1
82.7,87.7,94.97,3.5999999999999996,65.95,0,DS1
89.6,74.81,54.32,9.6,77.6,0,DS1
95.6,95.69,63.01,28.3,73.08,0,DS1
64.73,82.21,71.96,34.8,62.77,0,DS1
84.43,78.22,79.76,83.4,54.4,0,DS1
44.48,53.52,66.38,27.0,56.88,0,DS1
43.45,86.52,74.81,3.1,74.32,1,DS1
47.49,74.81,59.94,78.1,92.3,1,DS1
66.91,82.0,78.71,86.89999999999999,55.03,0,DS1
52.68,63.4,70.39,49.2,83.86,0,DS1
57.22,97.34,92.46,28.5,89.6,0,DS1
78.87,66.08,70.79,77.2,63.84,0,DS1
61.51,57.61,72.19,0.8999999999999999,83.41,0,DS1
73.44,99.36,79.61,92.4,84.33,0,DS1
64.74,87.31,56.16,86.6,85.39,0,DS1
50.14,70.74,57.84,54.5,94.54,0,DS1
44.44,96.8,89.51,27.799999999999997,69.93,0,DS1
54.17,54.56,63.67,3.3000000000000003,62.18,0,DS1
43.46,54.38,84.23,100.0,77.19,0,DS1
77.12,84.12,54.87,76.2,53.13,0,DS1
87.74,58.9,91.09,33.9,66.7,0,DS1
60.38,95.86,99.41,1.9,94.16,0,DS1
63.23,92.02,68.68,63.9,76.6,0,DS1
88.97,65.32,75.28,98.69999999999999,71.83,0,DS1
53.36,74.81,72.14,70.7,63.28,0,DS1
47.15,52.14,94.71,8.4,62.52,0,DS1
70.07,77.43,50.5,40.199999999999996,61.83,1,DS1
78.77,96.78,82.67,10.9,91.46,0,DS1
75.98,92.77,82.62,91.19999999999999,99.25,0,DS1
82.83,67.8,69.12,33.0,76.74,0,DS1
43.41,59.14,60.97,73.3,53.99,0,DS1
65.69,60.53,61.98,8.5,87.55,0,DS1
54.31,75.73,90.02,12.8,93.85,1,DS1
85.55,79.84,53.31,67.9,96.56,0,DS1
92.36,51.64,78.19,84.3,81.44,1,DS1
56.88,70.68,65.34,20.099999999999998,75.34,0,DS1
45.71,91.52,63.26,41.8,81.03,0,DS1
55.21,72.22,75.29,61.900000000000006,50.65,0,DS1
46.24,58.46,94.89,79.6,82.77,0,DS1
59.35,97.74,80.9,62.800000000000004,85.48,0,DS1
72.29,74.81,89.43,9.5,86.1,1,DS1
98.42,89.92,80.03,54.3,78.15,0,DS1
63.96,59.69,84.89,88.5,85.0,0,DS1
53.2,71.16,71.62,86.8,81.94,0,DS1
50.01,74.52,96.3,58.5,55.78,0,DS1
50.38,75.03,75.1,99.60000000000001,94.92,0,DS1
51.56,75.82,77.59,10.5,81.14,0,DS1
85.74,74.81,76.25,47.9,86.39,0,DS1
43.66,75.8,65.81,77.5,67.14,0,DS1
99.84,74.09,61.56,14.1,95.96,0,DS1
71.36,74.81,53.69,97.30000000000001,75.13,0,DS1
72.66,74.81,85.91,35.4,83.95,1,DS1
61.45,93.28,64.46,35.0,97.61,0,DS1
81.42,74.81,69.46,21.299999999999997,95.8,0,DS1
68.29,84.28,96.0,28.799999999999997,82.24,1,DS1
59.74,57.99,78.32,57.800000000000004,58.29,0,DS1
55.91,74.81,54.85,42.9,97.53,0,DS1
95.54,91.07,89.98,19.3,99.21,0,DS1
57.46,51.94,62.81,80.9,55.17,0,DS1
66.18,74.79,77.64,6.2,72.51,0,DS1
61.02,74.81,75.5,83.5,77.41,1,DS1
45.17,60.61,61.9,27.5,54.6,0,DS1
51.16,68.91,55.79,49.6,59.48,1,DS1
51.37,99.17,60.56,38.1,76.89,0,DS1
81.62,86.16,54.87,57.1,98.15,0,DS1
64.4,64.98,63.78,79.6,51.39,0,DS1
86.92,80.27,99.86,98.9,95.62,1,DS1
82.54,62.33,70.1,30.6,94.93,0,DS1
51.52,80.54,93.19,55.4,92.86,0,DS1
73.78,94.81,77.46,46.6,68.88,0,DS1
84.57,77.84,83.33,99.9,74.54,1,DS1
77.98,86.67,57.82,80.9,70.18,1,DS1
76.0,74.81,63.74,39.7,97.38,0,DS1
84.38,76.21,75.52,47.699999999999996,76.07,0,DS1
43.41,84.75,94.06,24.6,54.03,0,DS1
83.89,90.62,52.14,75.5,63.7,1,DS1
56.36,82.97,75.35,84.5,73.1,0,DS1
74.31,74.81,52.55,96.5,97.68,0,DS1
54.54,90.99,72.84,56.6,78.45,0,DS1
90.33,88.86,81.44,67.1,84.8,0,DS1
68.83,92.26,87.24,44.6,54.43,0,DS1
78.58,64.06,56.93,60.9,93.87,0,DS1
87.64,71.6,58.33,34.900000000000006,76.95,1,DS1
93.72,74.81,73.5,73.8,96.06,0,DS1
83.92,73.12,99.9,2.3000000000000003,72.27,0,DS1
48.93,74.81,67.8,2.8000000000000003,84.15,0,DS1
91.27,51.35,71.38,71.6,73.54,1,DS1
77.11,60.46,71.62,93.10000000000001,57.13,0,DS1
76.57,94.09,54.04,63.2,63.6,0,DS1
95.28,52.96,88.71,72.69999999999999,53.36,0,DS1
54.93,61.35,62.66,82.4,72.01,0,DS1
54.38,67.56,85.18,36.2,82.47,0,DS1
70.79,87.54,73.75,10.8,62.19,0,DS1
85.05,74.81,80.59,93.3,74.52,0,DS1
66.83,97.73,52.7,93.9,72.95,0,DS1
78.03,61.39,94.5,44.2,76.67,0,DS1
67.15,93.61,62.19,21.7,59.23,0,DS1
76.62,64.15,83.5,89.2,76.7,0,DS1
89.34,62.27,89.9,70.8,68.21,0,DS1
50.83,74.92,77.0,0.8,64.3,0,DS1
81.72,74.81,66.87,10.8,79.3,0,DS1
87.25,69.22,98.9,98.3,57.4,0,DS1
66.83,67.78,63.92,3.8,95.03,0,DS1
59.39,58.01,97.43,28.3,96.74,0,DS1
40.81,93.04,57.81,54.800000000000004,83.03,0,DS1
87.83,69.29,69.46,18.400000000000002,65.16,1,DS1
59.68,74.81,56.92,23.2,81.3,0,DS1
61.44,74.81,50.11,35.3,80.08,0,DS1
60.16,59.74,63.01,27.0,69.56,0,DS1
69.92,75.26,54.36,80.3,64.36,1,DS1
82.15,80.09,99.32,50.0,58.42,0,DS1
86.31,74.81,88.08,27.9,60.87,0,DS1
63.55,94.28,50.19,31.299999999999997,82.65,0,DS1
79.79,81.2,61.18,4.0,94.29,0,DS1
83.24,51.76,83.51,4.9,69.25,1,DS1
75.18,63.0,75.0,49.55,78.62,0,DS2
75.18,50.0,75.0,49.55,78.62,1,DS2
75.18,55.0,75.0,49.55,78.62,1,DS2
75.18,65.0,75.0,49.55,78.62,0,DS2
75.18,70.0,75.0,49.55,78.62,0,DS2
75.18,61.0,75.0,49.55,78.62,0,DS2
75.18,61.0,75.0,49.55,78.62,0,DS2
75.18,50.0,75.0,49.55,78.62,1,DS2
75.18,65.0,75.0,49.55,78.62,0,DS2
75.18,55.0,75.0,49.55,78.62,1,DS2
75.18,57.0,75.0,49.55,78.62,1,DS2
75.18,62.0,75.0,49.55,78.62,0,DS2
75.18,59.0,75.0,49.55,78.62,1,DS2
75.18,50.0,75.0,49.55,78.62,1,DS2
75.18,50.0,75.0,49.55,78.62,1,DS2
75.18,50.0,75.0,49.55,78.62,1,DS2
75.18,77.0,75.0,49.55,78.62,0,DS2
75.18,56.0,75.0,49.55,78.62,1,DS2
75.18,58.0,75.0,49.55,78.62,1,DS2
75.18,57.0,75.0,49.55,78.62,1,DS2
75.18,65.0,75.0,49.55,78.62,0,DS2
75.18,55.0,75.0,49.55,78.62,1,DS2
75.18,65.0,75.0,49.55,78.62,0,DS2
75.18,57.0,75.0,49.55,78.62,1,DS2
75.18,62.0,75.0,49.55,78.62,0,DS2
75.18,50.0,75.0,49.55,78.62,1,DS2
75.18,64.0,75.0,49.55,78.62,0,DS2
75.18,71.0,75.0,49.55,78.62,0,DS2
75.18,58.0,75.0,49.55,78.62,1,DS2
75.18,50.0,75.0,49.55,78.62,1,DS2
75.18,50.0,75.0,49.55,78.62,1,DS2
75.18,61.0,75.0,49.55,78.62,0,DS2
75.18,61.0,75.0,49.55,78.62,0,DS2
75.18,67.0,75.0,49.55,78.62,0,DS2
75.18,64.0,75.0,49.55,78.62,0,DS2
75.18,61.0,75.0,49.55,78.62,0,DS2
75.18,64.0,75.0,49.55,78.62,0,DS2
75.18,59.0,75.0,49.55,78.62,1,DS2
75.18,64.0,75.0,49.55,78.62,0,DS2
75.18,55.0,75.0,49.55,78.62,1,DS2
75.18,56.0,75.0,49.55,78.62,1,DS2
75.18,56.0,75.0,49.55,78.62,1,DS2
75.18,64.0,75.0,49.55,78.62,0,DS2
75.18,65.0,75.0,49.55,78.62,0,DS2
75.18,55.0,75.0,49.55,78.62,1,DS2
75.18,59.0,75.0,49.55,78.62,1,DS2
75.18,50.0,75.0,49.55,78.62,1,DS2
75.18,54.0,75.0,49.55,78.62,1,DS2
75.18,55.0,75.0,49.55,78.62,1,DS2
75.18,62.0,75.0,49.55,78.62,0,DS2
75.18,63.0,75.0,49.55,78.62,0,DS2
75.18,56.0,75.0,49.55,78.62,1,DS2
75.18,58.0,75.0,49.55,78.62,1,DS2
75.18,68.0,75.0,49.55,78.62,0,DS2
75.18,50.0,75.0,49.55,78.62,1,DS2
75.18,50.0,75.0,49.55,78.62,1,DS2
75.18,63.0,75.0,49.55,78.62,0,DS2
75.18,54.0,75.0,49.55,78.62,1,DS2
75.18,53.0,75.0,49.55,78.62,1,DS2
75.18,55.0,75.0,49.55,78.62,1,DS2
75.18,65.0,75.0,49.55,78.62,0,DS2
75.18,66.0,75.0,49.55,78.62,0,DS2
75.18,50.0,75.0,49.55,78.62,1,DS2
75.18,67.0,75.0,49.55,78.62,0,DS2
75.18,66.0,75.0,49.55,78.62,0,DS2
75.18,63.0,75.0,49.55,78.62,0,DS2
75.18,51.0,75.0,49.55,78.62,1,DS2
75.18,60.0,75.0,49.55,78.62,0,DS2
75.18,50.0,75.0,49.55,78.62,1,DS2
75.18,50.0,75.0,49.55,78.62,1,DS2
75.18,56.0,75.0,49.55,78.62,1,DS2
75.18,57.0,75.0,49.55,78.62,1,DS2
75.18,50.0,75.0,49.55,78.62,1,DS2
75.18,50.0,75.0,49.55,78.62,1,DS2
75.18,57.0,75.0,49.55,78.62,1,DS2
75.18,50.0,75.0,49.55,78.62,1,DS2
75.18,50.0,75.0,49.55,78.62,1,DS2
75.18,63.0,75.0,49.55,78.62,0,DS2
75.18,66.0,75.0,49.55,78.62,0,DS2
75.18,50.0,75.0,49.55,78.62,1,DS2
75.18,71.0,75.0,49.55,78.62,0,DS2
75.18,61.0,75.0,49.55,78.62,0,DS2
75.18,71.0,75.0,49.55,78.62,0,DS2
75.18,59.0,75.0,49.55,78.62,1,DS2
75.18,60.0,75.0,49.55,78.62,0,DS2
75.18,58.0,75.0,49.55,78.62,1,DS2
75.18,57.0,75.0,49.55,78.62,1,DS2
75.18,50.0,75.0,49.55,78.62,1,DS2
75.18,60.0,75.0,49.55,78.62,0,DS2
75.18,61.0,75.0,49.55,78.62,0,DS2
75.18,61.0,75.0,49.55,78.62,0,DS2
75.18,64.0,75.0,49.55,78.62,0,DS2
75.18,50.0,75.0,49.55,78.62,1,DS2
75.18,56.0,75.0,49.55,78.62,1,DS2
75.18,50.0,75.0,49.55,78.62,1,DS2
75.18,50.0,75.0,49.55,78.62,1,DS2
75.18,57.0,75.0,49.55,78.62,1,DS2
75.18,61.0,75.0,49.55,78.62,0,DS2
75.18,64.0,75.0,49.55,78.62,0,DS2
75.18,55.0,75.0,49.55,78.62,1,DS2
75.18,57.0,75.0,49.55,78.62,1,DS2
75.18,52.0,75.0,49.55,78.62,1,DS2
75.18,65.0,75.0,49.55,78.62,0,DS2
75.18,51.0,75.0,49.55,78.62,1,DS2
75.18,56.0,75.0,49.55,78.62,1,DS2
75.18,50.0,75.0,49.55,78.62,1,DS2
75.18,50.0,75.0,49.55,78.62,1,DS2
75.18,66.0,75.0,49.55,78.62,0,DS2
75.18,52.0,75.0,49.55,78.62,1,DS2
75.18,64.0,75.0,49.55,78.62,0,DS2
75.18,52.0,75.0,49.55,78.62,1,DS2
75.18,66.0,75.0,49.55,78.62,0,DS2
75.18,63.0,75.0,49.55,78.62,0,DS2
75.18,50.0,75.0,49.55,78.62,1,DS2
75.18,50.0,75.0,49.55,78.62,1,DS2
75.18,63.0,75.0,49.55,78.62,0,DS2
75.18,50.0,75.0,49.55,78.62,1,DS2
75.18,50.0,75.0,49.55,78.62,1,DS2
75.18,61.0,75.0,49.55,78.62,0,DS2
75.18,61.0,75.0,49.55,78.62,0,DS2
75.18,50.0,75.0,49.55,78.62,1,DS2
75.18,66.0,75.0,49.55,78.62,0,DS2
75.18,56.0,75.0,49.55,78.62,1,DS2
75.18,62.0,75.0,49.55,78.62,0,DS2
75.18,64.0,75.0,49.55,78.62,0,DS2
75.18,67.0,75.0,49.55,78.62,0,DS2
75.18,71.0,75.0,49.55,78.62,0,DS2
75.18,57.0,75.0,49.55,78.62,1,DS2
75.18,53.0,75.0,49.55,78.62,1,DS2
75.18,51.0,75.0,49.55,78.62,1,DS2
75.18,64.0,75.0,49.55,78.62,0,DS2
75.18,67.0,75.0,49.55,78.62,0,DS2
75.18,51.0,75.0,49.55,78.62,1,DS2
75.18,66.0,75.0,49.55,78.62,0,DS2
75.18,57.0,75.0,49.55,78.62,1,DS2
75.18,68.0,75.0,49.55,78.62,0,DS2
75.18,52.0,75.0,49.55,78.62,1,DS2
75.18,61.0,75.0,49.55,78.62,0,DS2
75.18,57.0,75.0,49.55,78.62,1,DS2
75.18,53.0,75.0,49.55,78.62,1,DS2
75.18,52.0,75.0,49.55,78.62,1,DS2
75.18,64.0,75.0,49.55,78.62,0,DS2
75.18,59.0,75.0,49.55,78.62,1,DS2
75.18,50.0,75.0,49.55,78.62,1,DS2
75.18,50.0,75.0,49.55,78.62,1,DS2
75.18,50.0,75.0,49.55,78.62,1,DS2
75.18,61.0,75.0,49.55,78.62,0,DS2
75.18,65.0,75.0,49.55,78.62,0,DS2
75.18,65.0,75.0,49.55,78.62,0,DS2
75.18,50.0,75.0,49.55,78.62,1,DS2
75.18,52.0,75.0,49.55,78.62,1,DS2
75.18,61.0,75.0,49.55,78.62,0,DS2
75.18,59.0,75.0,49.55,78.62,1,DS2
75.18,50.0,75.0,49.55,78.62,1,DS2
75.18,67.0,75.0,49.55,78.62,0,DS2
75.18,50.0,75.0,49.55,78.62,1,DS2
75.18,52.0,75.0,49.55,78.62,1,DS2
75.18,62.0,75.0,49.55,78.62,0,DS2
75.18,50.0,75.0,49.55,78.62,1,DS2
75.18,57.0,75.0,49.55,78.62,1,DS2
75.18,66.0,75.0,49.55,78.62,0,DS2
75.18,65.0,75.0,49.55,78.62,0,DS2
75.18,61.0,75.0,49.55,78.62,0,DS2
75.18,50.0,75.0,49.55,78.62,1,DS2
75.18,62.0,75.0,49.55,78.62,0,DS2
75.18,64.0,75.0,49.55,78.62,0,DS2
75.18,59.0,75.0,49.55,78.62,1,DS2
75.18,62.0,75.0,49.55,78.62,0,DS2
75.18,57.0,75.0,49.55,78.62,1,DS2
75.18,52.0,75.0,49.55,78.62,1,DS2
75.18,55.0,75.0,49.55,78.62,1,DS2
75.18,64.0,75.0,49.55,78.62,0,DS2
75.18,62.0,75.0,49.55,78.62,0,DS2
75.18,61.0,75.0,49.55,78.62,0,DS2
75.18,50.0,75.0,49.55,78.62,1,DS2
75.18,50.0,75.0,49.55,78.62,1,DS2
75.18,53.0,75.0,49.55,78.62,1,DS2
75.18,65.0,75.0,49.55,78.62,0,DS2
75.18,50.0,75.0,49.55,78.62,1,DS2
75.18,51.0,75.0,49.55,78.62,1,DS2
75.18,65.0,75.0,49.55,78.62,0,DS2
75.18,65.0,75.0,49.55,78.62,0,DS2
75.18,71.0,75.0,49.55,78.62,0,DS2
75.18,58.0,75.0,49.55,78.62,1,DS2
75.18,51.0,75.0,49.55,78.62,1,DS2
75.18,71.0,75.0,49.55,78.62,0,DS2
75.18,62.0,75.0,49.55,78.62,0,DS2
75.18,50.0,75.0,49.55,78.62,1,DS2
75.18,62.0,75.0,49.55,78.62,0,DS2
75.18,57.0,75.0,49.55,78.62,1,DS2
75.18,70.0,75.0,49.55,78.62,0,DS2
75.18,64.0,75.0,49.55,78.62,0,DS2
75.18,65.0,75.0,49.55,78.62,0,DS2
75.18,63.0,75.0,49.55,78.62,0,DS2
75.18,60.0,75.0,49.55,78.62,0,DS2
75.18,67.0,75.0,49.55,78.62,0,DS2
75.18,55.0,75.0,49.55,78.62,1,DS2
75.18,55.0,75.0,49.55,78.62,1,DS2
75.18,50.0,75.0,49.55,78.62,1,DS2
75.18,50.0,75.0,49.55,78.62,1,DS2
75.18,61.0,75.0,49.55,78.62,0,DS2
75.18,54.0,75.0,49.55,78.62,1,DS2
75.18,58.0,75.0,49.55,78.62,1,DS2
75.18,61.0,75.0,49.55,78.62,0,DS2
75.18,60.0,75.0,49.55,78.62,0,DS2
75.18,71.0,75.0,49.55,78.62,0,DS2
75.18,64.0,75.0,49.55,78.62,0,DS2
75.18,50.0,75.0,49.55,78.62,1,DS2
75.18,50.0,75.0,49.55,78.62,1,DS2
75.18,56.0,75.0,49.55,78.62,1,DS2
75.18,65.0,75.0,49.55,78.62,0,DS2
75.18,60.0,75.0,49.55,78.62,0,DS2
75.18,61.0,75.0,49.55,78.62,0,DS2
75.18,50.0,75.0,49.55,78.62,1,DS2
75.18,57.0,75.0,49.55,78.62,1,DS2
75.18,53.0,75.0,49.55,78.62,1,DS2
75.18,50.0,75.0,49.55,78.62,1,DS2
75.18,57.0,75.0,49.55,78.62,1,DS2
75.18,52.0,75.0,49.55,78.62,1,DS2
75.18,56.0,75.0,49.55,78.62,1,DS2
75.18,57.0,75.0,49.55,78.62,1,DS2
75.18,50.0,75.0,49.55,78.62,1,DS2
75.18,60.0,75.0,49.55,78.62,0,DS2
75.18,61.0,75.0,49.55,78.62,0,DS2
75.18,59.0,75.0,49.55,78.62,1,DS2
75.18,68.0,75.0,49.55,78.62,0,DS2
75.18,54.0,75.0,49.55,78.62,1,DS2
75.18,67.0,75.0,49.55,78.62,0,DS2
75.18,65.0,75.0,49.55,78.62,0,DS2
75.18,51.0,75.0,49.55,78.62,1,DS2
75.18,59.0,75.0,49.55,78.62,1,DS2
75.18,66.0,75.0,49.55,78.62,0,DS2
75.18,58.0,75.0,49.55,78.62,1,DS2
75.18,63.0,75.0,49.55,78.62,0,DS2
75.18,50.0,75.0,49.55,78.62,1,DS2
75.18,68.0,75.0,49.55,78.62,0,DS2
75.18,74.0,75.0,49.55,78.62,0,DS2
75.18,60.0,75.0,49.55,78.62,0,DS2
75.18,61.0,75.0,49.55,78.62,0,DS2
75.18,63.0,75.0,49.55,78.62,0,DS2
75.18,64.0,75.0,49.55,78.62,0,DS2
75.18,61.0,75.0,49.55,78.62,0,DS2
75.18,61.0,75.0,49.55,78.62,0,DS2
75.18,57.0,75.0,49.55,78.62,1,DS2
75.18,59.0,75.0,49.55,78.62,1,DS2
75.18,65.0,75.0,49.55,78.62,0,DS2
75.18,64.0,75.0,49.55,78.62,0,DS2
75.18,65.0,75.0,49.55,78.62,0,DS2
75.18,70.0,75.0,49.55,78.62,0,DS2
75.18,50.0,75.0,49.55,78.62,1,DS2
75.18,65.0,75.0,49.55,78.62,0,DS2
75.18,61.0,75.0,49.55,78.62,0,DS2
75.18,52.0,75.0,49.55,78.62,1,DS2
75.18,65.0,75.0,49.55,78.62,0,DS2
75.18,59.0,75.0,49.55,78.62,1,DS2
75.18,52.0,75.0,49.55,78.62,1,DS2
75.18,54.0,75.0,49.55,78.62,1,DS2
75.18,64.0,75.0,49.55,78.62,0,DS2
75.18,50.0,75.0,49.55,78.62,1,DS2
75.18,66.0,75.0,49.55,78.62,0,DS2
75.18,50.0,75.0,49.55,78.62,1,DS2
75.18,54.0,75.0,49.55,78.62,1,DS2
75.18,50.0,75.0,49.55,78.62,1,DS2
75.18,58.0,75.0,49.55,78.62,1,DS2
75.18,50.0,75.0,49.55,78.62,1,DS2
75.18,65.0,75.0,49.55,78.62,0,DS2
75.18,72.0,75.0,49.55,78.62,0,DS2
75.18,61.0,75.0,49.55,78.62,0,DS2
75.18,55.0,75.0,49.55,78.62,1,DS2
75.18,58.0,75.0,49.55,78.62,1,DS2
75.18,63.0,75.0,49.55,78.62,0,DS2
75.18,58.0,75.0,49.55,78.62,1,DS2
75.18,53.0,75.0,49.55,78.62,1,DS2
75.18,61.0,75.0,49.55,78.62,0,DS2
75.18,61.0,75.0,49.55,78.62,0,DS2
75.18,50.0,75.0,49.55,78.62,1,DS2
75.18,63.0,75.0,49.55,78.62,0,DS2
75.18,52.0,75.0,49.55,78.62,1,DS2
75.18,57.0,75.0,49.55,78.62,1,DS2
75.18,50.0,75.0,49.55,78.62,1,DS2
75.18,65.0,75.0,49.55,78.62,0,DS2
75.18,50.0,75.0,49.55,78.62,1,DS2
75.18,55.0,75.0,49.55,78.62,1,DS2
75.18,60.0,75.0,49.55,78.62,0,DS2
75.18,50.0,75.0,49.55,78.62,1,DS2
75.18,67.0,75.0,49.55,78.62,0,DS2
75.18,50.0,75.0,49.55,78.62,1,DS2
75.18,67.0,75.0,49.55,78.62,0,DS2
75.18,50.0,75.0,49.55,78.62,1,DS2
75.18,52.0,75.0,49.55,78.62,1,DS2
75.18,50.0,75.0,49.55,78.62,1,DS2
75.18,62.0,75.0,49.55,78.62,0,DS2
75.18,71.0,75.0,49.55,78.62,0,DS2
75.18,60.0,75.0,49.55,78.62,0,DS2
75.18,69.0,75.0,49.55,78.62,0,DS2
75.18,53.0,75.0,49.55,78.62,1,DS2
75.18,50.0,75.0,49.55,78.62,1,DS2
75.18,50.0,75.0,49.55,78.62,1,DS2
75.18,63.0,75.0,49.55,78.62,0,DS2
75.18,56.0,75.0,49.55,78.62,1,DS2
75.18,60.0,75.0,49.55,78.62,0,DS2
75.18,50.0,75.0,49.55,78.62,1,DS2
75.18,60.0,75.0,49.55,78.62,0,DS2
75.18,50.0,75.0,49.55,78.62,1,DS2
75.18,59.0,75.0,49.55,78.62,1,DS2
75.18,50.0,75.0,49.55,78.62,1,DS2
75.18,64.0,75.0,49.55,78.62,0,DS2
75.18,50.0,75.0,49.55,78.62,1,DS2
75.18,65.0,75.0,49.55,78.62,0,DS2
75.18,65.0,75.0,49.55,78.62,0,DS2
75.18,60.0,75.0,49.55,78.62,0,DS2
75.18,61.0,75.0,49.55,78.62,0,DS2
75.18,63.0,75.0,49.55,78.62,0,DS2
75.18,60.0,75.0,49.55,78.62,0,DS2
75.18,60.0,75.0,49.55,78.62,0,DS2
75.18,64.0,75.0,49.55,78.62,0,DS2
75.18,54.0,75.0,49.55,78.62,1,DS2
75.18,77.0,75.0,49.55,78.62,0,DS2
75.18,64.0,75.0,49.55,78.62,0,DS2
75.18,60.0,75.0,49.55,78.62,0,DS2
75.18,72.0,75.0,49.55,78.62,0,DS2
75.18,67.0,75.0,49.55,78.62,0,DS2
75.18,67.0,75.0,49.55,78.62,0,DS2
75.18,68.0,75.0,49.55,78.62,0,DS2
75.18,68.0,75.0,49.55,78.62,0,DS2
75.18,54.0,75.0,49.55,78.62,1,DS2
75.18,66.0,75.0,49.55,78.62,0,DS2
75.18,50.0,75.0,49.55,78.62,1,DS2
75.18,59.0,75.0,49.55,78.62,1,DS2
75.18,65.0,75.0,49.55,78.62,0,DS2
75.18,61.0,75.0,49.55,78.62,0,DS2
75.18,56.0,75.0,49.55,78.62,1,DS2
75.18,50.0,75.0,49.55,78.62,1,DS2
75.18,50.0,75.0,49.55,78.62,1,DS2
75.18,63.0,75.0,49.55,78.62,0,DS2
75.18,50.0,75.0,49.55,78.62,1,DS2
75.18,63.0,75.0,49.55,78.62,0,DS2
75.18,67.0,75.0,49.55,78.62,0,DS2
75.18,54.0,75.0,49.55,78.62,1,DS2
75.18,50.0,75.0,49.55,78.62,1,DS2
75.18,67.0,75.0,49.55,78.62,0,DS2
75.18,67.0,75.0,49.55,78.62,0,DS2
75.18,50.0,75.0,49.55,78.62,1,DS2
75.18,56.0,75.0,49.55,78.62,1,DS2
75.18,64.0,75.0,49.55,78.62,0,DS2
75.18,65.0,75.0,49.55,78.62,0,DS2
75.18,64.0,75.0,49.55,78.62,0,DS2
75.18,50.0,75.0,49.55,78.62,1,DS2
75.18,65.0,75.0,49.55,78.62,0,DS2
75.18,60.0,75.0,49.55,78.62,0,DS2
75.18,60.0,75.0,49.55,78.62,0,DS2
75.18,64.0,75.0,49.55,78.62,0,DS2
75.18,50.0,75.0,49.55,78.62,1,DS2
75.18,58.0,75.0,49.55,78.62,1,DS2
75.18,60.0,75.0,49.55,78.62,0,DS2
75.18,71.0,75.0,49.55,78.62,0,DS2
75.18,59.0,75.0,49.55,78.62,1,DS2
75.18,62.0,75.0,49.55,78.62,0,DS2
75.18,60.0,75.0,49.55,78.62,0,DS2
75.18,64.0,75.0,49.55,78.62,0,DS2
75.18,50.0,75.0,49.55,78.62,1,DS2
75.18,69.0,75.0,49.55,78.62,0,DS2
75.18,50.0,75.0,49.55,78.62,1,DS2
75.18,68.0,75.0,49.55,78.62,0,DS2
75.18,69.0,75.0,49.55,78.62,0,DS2
75.18,62.0,75.0,49.55,78.62,0,DS2
75.18,50.0,75.0,49.55,78.62,1,DS2
75.18,76.0,75.0,49.55,78.62,0,DS2
75.18,67.0,75.0,49.55,78.62,0,DS2
75.18,50.0,75.0,49.55,78.62,1,DS2
75.18,61.0,75.0,49.55,78.62,0,DS2
75.18,64.0,75.0,49.55,78.62,0,DS2
75.18,53.0,75.0,49.55,78.62,1,DS2
75.18,71.0,75.0,49.55,78.62,0,DS2
75.18,63.0,75.0,49.55,78.62,0,DS2
75.18,57.0,75.0,49.55,78.62,1,DS2
75.18,53.0,75.0,49.55,78.62,1,DS2
75.18,50.0,75.0,49.55,78.62,1,DS2
75.18,63.0,75.0,49.55,78.62,0,DS2
75.18,54.0,75.0,49.55,78.62,1,DS2
75.18,58.0,75.0,49.55,78.62,1,DS2
75.18,50.0,75.0,49.55,78.62,1,DS2
75.18,50.0,75.0,49.55,78.62,1,DS2
75.18,63.0,75.0,49.55,78.62,0,DS2
75.18,51.0,75.0,49.55,78.62,1,DS2
75.18,62.0,75.0,49.55,78.62,0,DS2
75.18,52.0,75.0,49.55,78.62,1,DS2
75.18,62.0,75.0,49.55,78.62,0,DS2
75.18,55.0,75.0,49.55,78.62,1,DS2
75.18,56.0,75.0,49.55,78.62,1,DS2
75.18,64.0,75.0,49.55,78.62,0,DS2
75.18,62.0,75.0,49.55,78.62,0,DS2
75.18,50.0,75.0,49.55,78.62,1,DS2
75.18,53.0,75.0,49.55,78.62,1,DS2
75.18,60.0,75.0,49.55,78.62,0,DS2
75.18,62.0,75.0,49.55,78.62,0,DS2
75.18,50.0,75.0,49.55,78.62,1,DS2
75.18,65.0,75.0,49.55,78.62,0,DS2
75.18,65.0,75.0,49.55,78.62,0,DS2
75.18,55.0,75.0,49.55,78.62,1,DS2
75.18,50.0,75.0,49.55,78.62,1,DS2
75.18,50.0,75.0,49.55,78.62,1,DS2
75.18,50.0,75.0,49.55,78.62,1,DS2
75.18,53.0,75.0,49.55,78.62,1,DS2
75.18,65.0,75.0,49.55,78.62,0,DS2
75.18,50.0,75.0,49.55,78.62,1,DS2
75.18,64.0,75.0,49.55,78.62,0,DS2
75.18,72.0,75.0,49.55,78.62,0,DS2
75.18,69.0,75.0,49.55,78.62,0,DS2
75.18,73.0,75.0,49.55,78.62,0,DS2
75.18,50.0,75.0,49.55,78.62,1,DS2
75.18,59.0,75.0,49.55,78.62,1,DS2
75.18,69.0,75.0,49.55,78.62,0,DS2
75.18,50.0,75.0,49.55,78.62,1,DS2
75.18,50.0,75.0,49.55,78.62,1,DS2
75.18,51.0,75.0,49.55,78.62,1,DS2
75.18,50.0,75.0,49.55,78.62,1,DS2
75.18,50.0,75.0,49.55,78.62,1,DS2
75.18,59.0,75.0,49.55,78.62,1,DS2
75.18,62.0,75.0,49.55,78.62,0,DS2
75.18,61.0,75.0,49.55,78.62,0,DS2
75.18,69.0,75.0,49.55,78.62,0,DS2
75.18,50.0,75.0,49.55,78.62,1,DS2
75.18,57.0,75.0,49.55,78.62,1,DS2
75.18,67.0,75.0,49.55,78.62,0,DS2
75.18,65.0,75.0,49.55,78.62,0,DS2
75.18,57.0,75.0,49.55,78.62,1,DS2
75.18,50.0,75.0,49.55,78.62,1,DS2
75.18,61.0,75.0,49.55,78.62,0,DS2
75.18,67.0,75.0,49.55,78.62,0,DS2
75.18,66.0,75.0,49.55,78.62,0,DS2
75.18,50.0,75.0,49.55,78.62,1,DS2
75.18,71.0,75.0,49.55,78.62,0,DS2
75.18,57.0,75.0,49.55,78.62,1,DS2
75.18,60.0,75.0,49.55,78.62,0,DS2
75.18,55.0,75.0,49.55,78.62,1,DS2
75.18,61.0,75.0,49.55,78.62,0,DS2
75.18,50.0,75.0,49.55,78.62,1,DS2
75.18,53.0,75.0,49.55,78.62,1,DS2
75.18,73.0,75.0,49.55,78.62,0,DS2
75.18,60.0,75.0,49.55,78.62,0,DS2
75.18,65.0,75.0,49.55,78.62,0,DS2
75.18,68.0,75.0,49.55,78.62,0,DS2
75.18,61.0,75.0,49.55,78.62,0,DS2
75.18,52.0,75.0,49.55,78.62,1,DS2
75.18,61.0,75.0,49.55,78.62,0,DS2
75.18,59.0,75.0,49.55,78.62,1,DS2
75.18,60.0,75.0,49.55,78.62,0,DS2
75.18,60.0,75.0,49.55,78.62,0,DS2
75.18,64.0,75.0,49.55,78.62,0,DS2
75.18,64.0,75.0,49.55,78.62,0,DS2
75.18,61.0,75.0,49.55,78.62,0,DS2
75.18,60.0,75.0,49.55,78.62,0,DS2
75.18,50.0,75.0,49.55,78.62,1,DS2
75.18,66.0,75.0,49.55,78.62,0,DS2
75.18,74.0,75.0,49.55,78.62,0,DS2
75.18,55.0,75.0,49.55,78.62,1,DS2
75.18,62.0,75.0,49.55,78.62,0,DS2
75.18,50.0,75.0,49.55,78.62,1,DS2
75.18,50.0,75.0,49.55,78.62,1,DS2
75.18,59.0,75.0,49.55,78.62,1,DS2
75.18,57.0,75.0,49.55,78.62,1,DS2
75.18,50.0,75.0,49.55,78.62,1,DS2
75.18,52.0,75.0,49.55,78.62,1,DS2
75.18,61.0,75.0,49.55,78.62,0,DS2
75.18,51.0,75.0,49.55,78.62,1,DS2
75.18,53.0,75.0,49.55,78.62,1,DS2
75.18,67.0,75.0,49.55,78.62,0,DS2
75.18,64.0,75.0,49.55,78.62,0,DS2
75.18,72.0,75.0,49.55,78.62,0,DS2
75.18,52.0,75.0,49.55,78.62,1,DS2
75.18,54.0,75.0,49.55,78.62,1,DS2
75.18,50.0,75.0,49.55,78.62,1,DS2
75.18,60.0,75.0,49.55,78.62,0,DS2
75.18,50.0,75.0,49.55,78.62,1,DS2
75.18,60.0,75.0,49.55,78.62,0,DS2
75.18,72.0,75.0,49.55,78.62,0,DS2
75.18,55.0,75.0,49.55,78.62,1,DS2
75.18,50.0,75.0,49.55,78.62,1,DS2
75.18,64.0,75.0,49.55,78.62,0,DS2
75.18,69.0,75.0,49.55,78.62,0,DS2
75.18,58.0,75.0,49.55,78.62,1,DS2
75.18,71.0,75.0,49.55,78.62,0,DS2
75.18,61.0,75.0,49.55,78.62,0,DS2
75.18,53.0,75.0,49.55,78.62,1,DS2
75.18,50.0,75.0,49.55,78.62,1,DS2
75.18,50.0,75.0,49.55,78.62,1,DS2
75.18,54.0,75.0,49.55,78.62,1,DS2
75.18,50.0,75.0,49.55,78.62,1,DS2
75.18,60.0,75.0,49.55,78.62,0,DS2
75.18,61.0,75.0,49.55,78.62,0,DS2
75.18,64.0,75.0,49.55,78.62,0,DS2
75.18,72.0,75.0,49.55,78.62,0,DS2
75.18,50.0,75.0,49.55,78.62,1,DS2
75.18,70.0,75.0,49.55,78.62,0,DS2
75.18,50.0,75.0,49.55,78.62,1,DS2
75.18,50.0,75.0,49.55,78.62,1,DS2
75.18,61.0,75.0,49.55,78.62,0,DS2
75.18,50.0,75.0,49.55,78.62,1,DS2
75.18,61.0,75.0,49.55,78.62,0,DS2
75.18,51.0,75.0,49.55,78.62,1,DS2
75.18,62.0,75.0,49.55,78.62,0,DS2
75.18,64.0,75.0,49.55,78.62,0,DS2
75.18,50.0,75.0,49.55,78.62,1,DS2
75.18,67.0,75.0,49.55,78.62,0,DS2
75.18,59.0,75.0,49.55,78.62,1,DS2
75.18,64.0,75.0,49.55,78.62,0,DS2
75.18,50.0,75.0,49.55,78.62,1,DS2
75.18,50.0,75.0,49.55,78.62,1,DS2
75.18,68.0,75.0,49.55,78.62,0,DS2
75.18,60.0,75.0,49.55,78.62,0,DS2
75.18,52.0,75.0,49.55,78.62,1,DS2
75.18,57.0,75.0,49.55,78.62,1,DS2
75.18,66.0,75.0,49.55,78.62,0,DS2
75.18,58.0,75.0,49.55,78.62,1,DS2
75.18,67.0,75.0,49.55,78.62,0,DS2
75.18,65.0,75.0,49.55,78.62,0,DS2
75.18,60.0,75.0,49.55,78.62,0,DS2
75.18,50.0,75.0,49.55,78.62,1,DS2
75.18,68.0,75.0,49.55,78.62,0,DS2
75.18,61.0,75.0,49.55,78.62,0,DS2
75.18,66.0,75.0,49.55,78.62,0,DS2
75.18,63.0,75.0,49.55,78.62,0,DS2
75.18,50.0,75.0,49.55,78.62,1,DS2
75.18,50.0,75.0,49.55,78.62,1,DS2
75.18,77.0,75.0,49.55,78.62,0,DS2
75.18,61.0,75.0,49.55,78.62,0,DS2
75.18,56.0,75.0,49.55,78.62,1,DS2
75.18,50.0,75.0,49.55,78.62,1,DS2
75.18,64.0,75.0,49.55,78.62,0,DS2
75.18,50.0,75.0,49.55,78.62,1,DS2
75.18,63.0,75.0,49.55,78.62,0,DS2
75.18,65.0,75.0,49.55,78.62,0,DS2
75.18,50.0,75.0,49.55,78.62,1,DS2
75.18,54.0,75.0,49.55,78.62,1,DS2
75.18,53.0,75.0,49.55,78.62,1,DS2
75.18,62.0,75.0,49.55,78.62,0,DS2
75.18,63.0,75.0,49.55,78.62,0,DS2
75.18,56.0,75.0,49.55,78.62,1,DS2
75.18,50.0,75.0,49.55,78.62,1,DS2
75.18,52.0,75.0,49.55,78.62,1,DS2
75.18,66.0,75.0,49.55,78.62,0,DS2
75.18,55.0,75.0,49.55,78.62,1,DS2
75.18,50.0,75.0,49.55,78.62,1,DS2
75.18,54.0,75.0,49.55,78.62,1,DS2
75.18,64.0,75.0,49.55,78.62,0,DS2
75.18,70.0,75.0,49.55,78.62,0,DS2
75.18,55.0,75.0,49.55,78.62,1,DS2
75.18,53.0,75.0,49.55,78.62,1,DS2
75.18,53.0,75.0,49.55,78.62,1,DS2
75.18,52.0,75.0,49.55,78.62,1,DS2
75.18,60.0,75.0,49.55,78.62,0,DS2
75.18,64.0,75.0,49.55,78.62,0,DS2
75.18,61.0,75.0,49.55,78.62,0,DS2
75.18,67.0,75.0,49.55,78.62,0,DS2
75.18,50.0,75.0,49.55,78.62,1,DS2
75.18,65.0,75.0,49.55,78.62,0,DS2
75.18,65.0,75.0,49.55,78.62,0,DS2
75.18,66.0,75.0,49.55,78.62,0,DS2
75.18,61.0,75.0,49.55,78.62,0,DS2
75.18,62.0,75.0,49.55,78.62,0,DS2
75.18,68.0,75.0,49.55,78.62,0,DS2
75.18,54.0,75.0,49.55,78.62,1,DS2
75.18,64.0,75.0,49.55,78.62,0,DS2
75.18,50.0,75.0,49.55,78.62,1,DS2
75.18,50.0,75.0,49.55,78.62,1,DS2
75.18,57.0,75.0,49.55,78.62,1,DS2
75.18,61.0,75.0,49.55,78.62,0,DS2
75.18,64.0,75.0,49.55,78.62,0,DS2
75.18,64.0,75.0,49.55,78.62,0,DS2
75.18,66.0,75.0,49.55,78.62,0,DS2
75.18,69.0,75.0,49.55,78.62,0,DS2
75.18,50.0,75.0,49.55,78.62,1,DS2
75.18,50.0,75.0,49.55,78.62,1,DS2
75.18,63.0,75.0,49.55,78.62,0,DS2
75.18,50.0,75.0,49.55,78.62,1,DS2
75.18,50.0,75.0,49.55,78.62,1,DS2
75.18,50.0,75.0,49.55,78.62,1,DS2
75.18,50.0,75.0,49.55,78.62,1,DS2
75.18,58.0,75.0,49.55,78.62,1,DS2
75.18,56.0,75.0,49.55,78.62,1,DS2
75.18,50.0,75.0,49.55,78.62,1,DS2
75.18,52.0,75.0,49.55,78.62,1,DS2
75.18,64.0,75.0,49.55,78.62,0,DS2
75.18,55.0,75.0,49.55,78.62,1,DS2
75.18,64.0,75.0,49.55,78.62,0,DS2
75.18,63.0,75.0,49.55,78.62,0,DS2
75.18,65.0,75.0,49.55,78.62,0,DS2
75.18,58.0,75.0,49.55,78.62,1,DS2
75.18,67.0,75.0,49.55,78.62,0,DS2
75.18,50.0,75.0,49.55,78.62,1,DS2
75.18,67.0,75.0,49.55,78.62,0,DS2
75.18,51.0,75.0,49.55,78.62,1,DS2
75.18,50.0,75.0,49.55,78.62,1,DS2
75.18,57.0,75.0,49.55,78.62,1,DS2
75.18,57.0,75.0,49.55,78.62,1,DS2
75.18,54.0,75.0,49.55,78.62,1,DS2
75.18,67.0,75.0,49.55,78.62,0,DS2
75.18,57.0,75.0,49.55,78.62,1,DS2
75.18,63.0,75.0,49.55,78.62,0,DS2
75.18,50.0,75.0,49.55,78.62,1,DS2
75.18,50.0,75.0,49.55,78.62,1,DS2
75.18,64.0,75.0,49.55,78.62,0,DS2
75.18,64.0,75.0,49.55,78.62,0,DS2
75.18,63.0,75.0,49.55,78.62,0,DS2
75.18,70.0,75.0,49.55,78.62,0,DS2
75.18,50.0,75.0,49.55,78.62,1,DS2
75.18,61.0,75.0,49.55,78.62,0,DS2
75.18,64.0,75.0,49.55,78.62,0,DS2
75.18,50.0,75.0,49.55,78.62,1,DS2
75.18,67.0,75.0,49.55,78.62,0,DS2
75.18,58.0,75.0,49.55,78.62,1,DS2
75.18,67.0,75.0,49.55,78.62,0,DS2
75.18,63.0,75.0,49.55,78.62,0,DS2
75.18,66.0,75.0,49.55,78.62,0,DS2
75.18,65.0,75.0,49.55,78.62,0,DS2
75.18,61.0,75.0,49.55,78.62,0,DS2
75.18,73.0,75.0,49.55,78.62,0,DS2
75.18,63.0,75.0,49.55,78.62,0,DS2
75.18,62.0,75.0,49.55,78.62,0,DS2
75.18,52.0,75.0,49.55,78.62,1,DS2
75.18,53.0,75.0,49.55,78.62,1,DS2
75.18,59.0,75.0,49.55,78.62,1,DS2
75.18,56.0,75.0,49.55,78.62,1,DS2
75.18,65.0,75.0,49.55,78.62,0,DS2
75.18,51.0,75.0,49.55,78.62,1,DS2
75.18,51.0,75.0,49.55,78.62,1,DS2
75.18,62.0,75.0,49.55,78.62,0,DS2
75.18,69.0,75.0,49.55,78.62,0,DS2
75.18,59.0,75.0,49.55,78.62,1,DS2
75.18,57.0,75.0,49.55,78.62,1,DS2
75.18,64.0,75.0,49.55,78.62,0,DS2
75.18,50.0,75.0,49.55,78.62,1,DS2
75.18,59.0,75.0,49.55,78.62,1,DS2
75.18,62.0,75.0,49.55,78.62,0,DS2
75.18,50.0,75.0,49.55,78.62,1,DS2
75.18,50.0,75.0,49.55,78.62,1,DS2
75.18,67.0,75.0,49.55,78.62,0,DS2
75.18,61.0,75.0,49.55,78.62,0,DS2
75.18,54.0,75.0,49.55,78.62,1,DS2
75.18,71.0,75.0,49.55,78.62,0,DS2
75.18,67.0,75.0,49.55,78.62,0,DS2
75.18,61.0,75.0,49.55,78.62,0,DS2
75.18,69.0,75.0,49.55,78.62,0,DS2
75.18,50.0,75.0,49.55,78.62,1,DS2
75.18,66.0,75.0,49.55,78.62,0,DS2
75.18,67.0,75.0,49.55,78.62,0,DS2
75.18,67.0,75.0,49.55,78.62,0,DS2
75.18,64.0,75.0,49.55,78.62,0,DS2
75.18,53.0,75.0,49.55,78.62,1,DS2
75.18,72.0,75.0,49.55,78.62,0,DS2
75.18,64.0,75.0,49.55,78.62,0,DS2
75.18,62.0,75.0,49.55,78.62,0,DS2
75.18,58.0,75.0,49.55,78.62,1,DS2
75.18,66.0,75.0,49.55,78.62,0,DS2
75.18,61.0,75.0,49.55,78.62,0,DS2
75.18,50.0,75.0,49.55,78.62,1,DS2
75.18,56.0,75.0,49.55,78.62,1,DS2
75.18,61.0,75.0,49.55,78.62,0,DS2
75.18,52.0,75.0,49.55,78.62,1,DS2
75.18,63.0,75.0,49.55,78.62,0,DS2
75.18,67.0,75.0,49.55,78.62,0,DS2
75.18,67.0,75.0,49.55,78.62,0,DS2
75.18,62.0,75.0,49.55,78.62,0,DS2
75.18,57.0,75.0,49.55,78.62,1,DS2
75.18,56.0,75.0,49.55,78.62,1,DS2
75.18,50.0,75.0,49.55,78.62,1,DS2
75.18,60.0,75.0,49.55,78.62,0,DS2
75.18,53.0,75.0,49.55,78.62,1,DS2
75.18,68.0,75.0,49.55,78.62,0,DS2
75.18,50.0,75.0,49.55,78.62,1,DS2
75.18,50.0,75.0,49.55,78.62,1,DS2
75.18,50.0,75.0,49.55,78.62,1,DS2
75.18,65.0,75.0,49.55,78.62,0,DS2
75.18,55.0,75.0,49.55,78.62,1,DS2
75.18,59.0,75.0,49.55,78.62,1,DS2
75.18,54.0,75.0,49.55,78.62,1,DS2
75.18,65.0,75.0,49.55,78.62,0,DS2
75.18,66.0,75.0,49.55,78.62,0,DS2
75.18,58.0,75.0,49.55,78.62,1,DS2
75.18,61.0,75.0,49.55,78.62,0,DS2
75.18,64.0,75.0,49.55,78.62,0,DS2
75.18,56.0,75.0,49.55,78.62,1,DS2
75.18,50.0,75.0,49.55,78.62,1,DS2
75.18,57.0,75.0,49.55,78.62,1,DS2
75.18,67.0,75.0,49.55,78.62,0,DS2
75.18,50.0,75.0,49.55,78.62,1,DS2
75.18,67.0,75.0,49.55,78.62,0,DS2
75.18,64.0,75.0,49.55,78.62,0,DS2
75.18,50.0,75.0,49.55,78.62,1,DS2
75.18,53.0,75.0,49.55,78.62,1,DS2
75.18,57.0,75.0,49.55,78.62,1,DS2
75.18,65.0,75.0,49.55,78.62,0,DS2
75.18,59.0,75.0,49.55,78.62,1,DS2
75.18,54.0,75.0,49.55,78.62,1,DS2
75.18,72.0,75.0,49.55,78.62,0,DS2
75.18,54.0,75.0,49.55,78.62,1,DS2
75.18,67.0,75.0,49.55,78.62,0,DS2
75.18,55.0,75.0,49.55,78.62,1,DS2
75.18,50.0,75.0,49.55,78.62,1,DS2
75.18,64.0,75.0,49.55,78.62,0,DS2
75.18,50.0,75.0,49.55,78.62,1,DS2
75.18,60.0,75.0,49.55,78.62,0,DS2
75.18,50.0,75.0,49.55,78.62,1,DS2
75.18,62.0,75.0,49.55,78.62,0,DS2
75.18,57.0,75.0,49.55,78.62,1,DS2
75.18,65.0,75.0,49.55,78.62,0,DS2
75.18,55.0,75.0,49.55,78.62,1,DS2
75.18,73.92,73.0,49.55,78.62,0,DS3
75.18,73.92,59.0,49.55,78.62,0,DS3
75.18,73.92,91.0,49.55,78.62,0,DS3
75.18,73.92,98.0,49.55,78.62,0,DS3
75.18,73.92,65.0,49.55,78.62,0,DS3
75.18,73.92,89.0,49.55,78.62,0,DS3
75.18,73.92,68.0,49.55,78.62,0,DS3
75.18,73.92,50.0,49.55,78.62,0,DS3
75.18,73.92,80.0,49.55,78.62,0,DS3
75.18,73.92,71.0,49.55,78.62,0,DS3
75.18,73.92,88.0,49.55,78.62,0,DS3
75.18,73.92,87.0,49.55,78.62,0,DS3
75.18,73.92,97.0,49.55,78.62,0,DS3
75.18,73.92,72.0,49.55,78.62,0,DS3
75.18,73.92,74.0,49.55,78.62,0,DS3
75.18,73.92,70.0,49.55,78.62,0,DS3
75.18,73.92,65.0,49.55,78.62,0,DS3
75.18,73.92,82.0,49.55,78.62,0,DS3
75.18,73.92,91.0,49.55,78.62,0,DS3
75.18,73.92,58.0,49.55,78.62,0,DS3
75.18,73.92,99.0,49.55,78.62,0,DS3
75.18,73.92,84.0,49.55,78.62,0,DS3
75.18,73.92,89.0,49.55,78.62,0,DS3
75.18,73.92,100.0,49.55,78.62,0,DS3
75.18,73.92,75.0,49.55,78.62,0,DS3
75.18,73.92,54.0,49.55,78.62,0,DS3
75.18,73.92,90.0,49.55,78.62,0,DS3
75.18,73.92,94.0,49.55,78.62,0,DS3
75.18,73.92,58.0,49.55,78.62,0,DS3
75.18,73.92,51.0,49.55,78.62,0,DS3
75.18,73.92,57.0,49.55,78.62,0,DS3
75.18,73.92,66.0,49.55,78.62,0,DS3
75.18,73.92,96.0,49.55,78.62,0,DS3
75.18,73.92,50.0,49.55,78.62,0,DS3
75.18,73.92,90.0,49.55,78.62,0,DS3
75.18,73.92,93.0,49.55,78.62,0,DS3
75.18,73.92,91.0,49.55,78.62,0,DS3
75.18,73.92,54.0,49.55,78.62,0,DS3
75.18,73.92,84.0,49.55,78.62,0,DS3
75.18,73.92,98.0,49.55,78.62,0,DS3
75.18,73.92,56.0,49.55,78.62,0,DS3
75.18,73.92,52.0,49.55,78.62,0,DS3
75.18,73.92,94.0,49.55,78.62,0,DS3
75.18,73.92,82.0,49.55,78.62,0,DS3
75.18,73.92,82.0,49.55,78.62,0,DS3
75.18,73.92,98.0,49.55,78.62,0,DS3
75.18,73.92,88.0,49.55,78.62,0,DS3
75.18,73.92,70.0,49.55,78.62,0,DS3
75.18,73.92,72.0,49.55,78.62,0,DS3
75.18,73.92,57.0,49.55,78.62,0,DS3
75.18,73.92,65.0,49.55,78.62,0,DS3
75.18,73.92,72.0,49.55,78.62,0,DS3
75.18,73.92,63.0,49.55,78.62,0,DS3
75.18,73.92,96.0,49.55,78.62,0,DS3
75.18,73.92,51.0,49.55,78.62,0,DS3
75.18,73.92,79.0,49.55,78.62,0,DS3
75.18,73.92,89.0,49.55,78.62,0,DS3
75.18,73.92,87.0,49.55,78.62,0,DS3
75.18,73.92,82.0,49.55,78.62,0,DS3
75.18,73.92,71.0,49.55,78.62,0,DS3
75.18,73.92,96.0,49.55,78.62,0,DS3
75.18,73.92,66.0,49.55,78.62,0,DS3
75.18,73.92,88.0,49.55,78.62,0,DS3
75.18,73.92,96.0,49.55,78.62,0,DS3
75.18,73.92,56.0,49.55,78.62,0,DS3
75.18,73.92,97.0,49.55,78.62,0,DS3
75.18,73.92,89.0,49.55,78.62,0,DS3
75.18,73.92,81.0,49.55,78.62,0,DS3
75.18,73.92,69.0,49.55,78.62,0,DS3
75.18,73.92,95.0,49.55,78.62,0,DS3
75.18,73.92,52.0,49.55,78.62,0,DS3
75.18,73.92,72.0,49.55,78.62,0,DS3
75.18,73.92,88.0,49.55,78.62,0,DS3
75.18,73.92,91.0,49.55,78.62,0,DS3
75.18,73.92,60.0,49.55,78.62,0,DS3
75.18,73.92,52.0,49.55,78.62,0,DS3
75.18,73.92,90.0,49.55,78.62,0,DS3
75.18,73.92,71.0,49.55,78.62,0,DS3
75.18,73.92,57.0,49.55,78.62,0,DS3
75.18,73.92,54.0,49.55,78.62,0,DS3
75.18,73.92,82.0,49.55,78.62,0,DS3
75.18,73.92,79.0,49.55,78.62,0,DS3
75.18,73.92,93.0,49.55,78.62,0,DS3
75.18,73.92,52.0,49.55,78.62,0,DS3
75.18,73.92,93.0,49.55,78.62,0,DS3
75.18,73.92,94.0,49.55,78.62,0,DS3
75.18,73.92,72.0,49.55,78.62,0,DS3
75.18,73.92,54.0,49.55,78.62,0,DS3
75.18,73.92,97.0,49.55,78.62,0,DS3
75.18,73.92,54.0,49.55,78.62,0,DS3
75.18,73.92,80.0,49.55,78.62,0,DS3
75.18,73.92,75.0,49.55,78.62,0,DS3
75.18,73.92,92.0,49.55,78.62,0,DS3
75.18,73.92,75.0,49.55,78.62,0,DS3
75.18,73.92,73.0,49.55,78.62,0,DS3
75.18,73.92,94.0,49.55,78.62,0,DS3
75.18,73.92,98.0,49.55,78.62,0,DS3
75.18,73.92,77.0,49.55,78.62,0,DS3
75.18,73.92,73.0,49.55,78.62,0,DS3
75.18,73.92,92.0,49.55,78.62,0,DS3
75.18,73.92,92.0,49.55,78.62,0,DS3
75.18,73.92,66.0,49.55,78.62,0,DS3
75.18,73.92,79.0,49.55,78.62,0,DS3
75.18,73.92,58.0,49.55,78.62,0,DS3
75.18,73.92,82.0,49.55,78.62,0,DS3
75.18,73.92,92.0,49.55,78.62,0,DS3
75.18,73.92,59.0,49.55,78.62,0,DS3
75.18,73.92,66.0,49.55,78.62,0,DS3
75.18,73.92,72.0,49.55,78.62,0,DS3
75.18,73.92,92.0,49.55,78.62,0,DS3
75.18,73.92,87.0,49.55,78.62,0,DS3
75.18,73.92,66.0,49.55,78.62,0,DS3
75.18,73.92,62.0,49.55,78.62,0,DS3
75.18,73.92,85.0,49.55,78.62,0,DS3
75.18,73.92,74.0,49.55,78.62,0,DS3
75.18,73.92,80.0,49.55,78.62,0,DS3
75.18,73.92,82.0,49.55,78.62,0,DS3
75.18,73.92,78.0,49.55,78.62,0,DS3
75.18,73.92,81.0,49.55,78.62,0,DS3
75.18,73.92,94.0,49.55,78.62,0,DS3
75.18,73.92,93.0,49.55,78.62,0,DS3
75.18,73.92,57.0,49.55,78.62,0,DS3
75.18,73.92,79.0,49.55,78.62,0,DS3
75.18,73.92,72.0,49.55,78.62,0,DS3
75.18,73.92,64.0,49.55,78.62,0,DS3
75.18,73.92,82.0,49.55,78.62,0,DS3
75.18,73.92,76.0,49.55,78.62,0,DS3
75.18,73.92,89.0,49.55,78.62,0,DS3
75.18,73.92,55.0,49.55,78.62,0,DS3
75.18,73.92,65.0,49.55,78.62,0,DS3
75.18,73.92,51.0,49.55,78.62,0,DS3
75.18,73.92,87.0,49.55,78.62,0,DS3
75.18,73.92,96.0,49.55,78.62,0,DS3
75.18,73.92,79.0,49.55,78.62,0,DS3
75.18,73.92,81.0,49.55,78.62,0,DS3
75.18,73.92,52.0,49.55,78.62,0,DS3
75.18,73.92,75.0,49.55,78.62,0,DS3
75.18,73.92,76.0,49.55,78.62,0,DS3
75.18,73.92,52.0,49.55,78.62,0,DS3
75.18,73.92,89.0,49.55,78.62,0,DS3
75.18,73.92,64.0,49.55,78.62,0,DS3
75.18,73.92,86.0,49.55,78.62,0,DS3
75.18,73.92,70.0,49.55,78.62,0,DS3
75.18,73.92,100.0,49.55,78.62,0,DS3
75.18,73.92,61.0,49.55,78.62,0,DS3
75.18,73.92,53.0,49.55,78.62,0,DS3
75.18,73.92,99.0,49.55,78.62,0,DS3
75.18,73.92,62.0,49.55,78.62,0,DS3
75.18,73.92,82.0,49.55,78.62,0,DS3
75.18,73.92,69.0,49.55,78.62,0,DS3
75.18,73.92,82.0,49.55,78.62,0,DS3
75.18,73.92,80.0,49.55,78.62,0,DS3
75.18,73.92,85.0,49.55,78.62,0,DS3
75.18,73.92,51.0,49.55,78.62,0,DS3
75.18,73.92,92.0,49.55,78.62,0,DS3
75.18,73.92,74.0,49.55,78.62,0,DS3
75.18,73.92,76.0,49.55,78.62,0,DS3
75.18,73.92,71.0,49.55,78.62,0,DS3
75.18,73.92,99.0,49.55,78.62,0,DS3
75.18,73.92,90.0,49.55,78.62,0,DS3
75.18,73.92,66.0,49.55,78.62,0,DS3
75.18,73.92,89.0,49.55,78.62,0,DS3
75.18,73.92,72.0,49.55,78.62,0,DS3
75.18,73.92,94.0,49.55,78.62,0,DS3
75.18,73.92,52.0,49.55,78.62,0,DS3
75.18,73.92,68.0,49.55,78.62,0,DS3
75.18,73.92,71.0,49.55,78.62,0,DS3
75.18,73.92,87.0,49.55,78.62,0,DS3
75.18,73.92,59.0,49.55,78.62,0,DS3
75.18,73.92,64.0,49.55,78.62,0,DS3
75.18,73.92,86.0,49.55,78.62,0,DS3
75.18,73.92,54.0,49.55,78.62,0,DS3
75.18,73.92,60.0,49.55,78.62,0,DS3
75.18,73.92,88.0,49.55,78.62,0,DS3
75.18,73.92,94.0,49.55,78.62,0,DS3
75.18,73.92,86.0,49.55,78.62,0,DS3
75.18,73.92,76.0,49.55,78.62,0,DS3
75.18,73.92,55.0,49.55,78.62,0,DS3
75.18,73.92,91.0,49.55,78.62,0,DS3
75.18,73.92,56.0,49.55,78.62,0,DS3
75.18,73.92,69.0,49.55,78.62,0,DS3
75.18,73.92,53.0,49.55,78.62,0,DS3
75.18,73.92,85.0,49.55,78.62,0,DS3
75.18,73.92,75.0,49.55,78.62,0,DS3
75.18,73.92,95.0,49.55,78.62,0,DS3
75.18,73.92,57.0,49.55,78.62,0,DS3
75.18,73.92,91.0,49.55,78.62,0,DS3
75.18,73.92,76.0,49.55,78.62,0,DS3
75.18,73.92,68.0,49.55,78.62,0,DS3
75.18,73.92,82.0,49.55,78.62,0,DS3
75.18,73.92,90.0,49.55,78.62,0,DS3
75.18,73.92,72.0,49.55,78.62,0,DS3
75.18,73.92,62.0,49.55,78.62,0,DS3
75.18,73.92,96.0,49.55,78.62,0,DS3
75.18,73.92,66.0,49.55,78.62,0,DS3
75.18,73.92,100.0,49.55,78.62,0,DS3
75.18,73.92,88.0,49.55,78.62,0,DS3
75.18,73.92,84.0,49.55,78.62,0,DS3
75.18,73.92,51.0,49.55,78.62,0,DS3
75.18,73.92,72.0,49.55,78.62,0,DS3
75.18,73.92,75.0,49.55,78.62,0,DS3
75.18,73.92,69.0,49.55,78.62,0,DS3
75.18,73.92,57.0,49.55,78.62,0,DS3
75.18,73.92,68.0,49.55,78.62,0,DS3
75.18,73.92,54.0,49.55,78.62,0,DS3
75.18,73.92,65.0,49.55,78.62,0,DS3
75.18,73.92,54.0,49.55,78.62,0,DS3
75.18,73.92,88.0,49.55,78.62,0,DS3
75.18,73.92,84.0,49.55,78.62,0,DS3
75.18,73.92,97.0,49.55,78.62,0,DS3
75.18,73.92,69.0,49.55,78.62,0,DS3
75.18,73.92,89.0,49.55,78.62,0,DS3
75.18,73.92,79.0,49.55,78.62,0,DS3
75.18,73.92,82.0,49.55,78.62,0,DS3
75.18,73.92,77.0,49.55,78.62,0,DS3
75.18,73.92,89.0,49.55,78.62,0,DS3
75.18,73.92,52.0,49.55,78.62,0,DS3
75.18,73.92,54.0,49.55,78.62,0,DS3
75.18,73.92,55.0,49.55,78.62,0,DS3
75.18,73.92,64.0,49.55,78.62,0,DS3
75.18,73.92,80.0,49.55,78.62,0,DS3
75.18,73.92,82.0,49.55,78.62,0,DS3
75.18,73.92,86.0,49.55,78.62,0,DS3
75.18,73.92,64.0,49.55,78.62,0,DS3
75.18,73.92,83.0,49.55,78.62,0,DS3
75.18,73.92,56.0,49.55,78.62,0,DS3
75.18,73.92,50.0,49.55,78.62,0,DS3
75.18,73.92,85.0,49.55,78.62,0,DS3
75.18,73.92,86.0,49.55,78.62,0,DS3
75.18,73.92,81.0,49.55,78.62,0,DS3
75.18,73.92,63.0,49.55,78.62,0,DS3
75.18,73.92,96.0,49.55,78.62,0,DS3
75.18,73.92,94.0,49.55,78.62,0,DS3
75.18,73.92,76.0,49.55,78.62,0,DS3
75.18,73.92,99.0,49.55,78.62,0,DS3
75.18,73.92,65.0,49.55,78.62,0,DS3
75.18,73.92,75.0,49.55,78.62,0,DS3
75.18,73.92,96.0,49.55,78.62,0,DS3
75.18,73.92,73.0,49.55,78.62,0,DS3
75.18,73.92,74.0,49.55,78.62,0,DS3
75.18,73.92,54.0,49.55,78.62,0,DS3
75.18,73.92,61.0,49.55,78.62,0,DS3
75.18,73.92,58.0,49.55,78.62,0,DS3
75.18,73.92,78.0,49.55,78.62,0,DS3
75.18,73.92,66.0,49.55,78.62,0,DS3
75.18,73.92,54.0,49.55,78.62,0,DS3
75.18,73.92,75.0,49.55,78.62,0,DS3
75.18,73.92,83.0,49.55,78.62,0,DS3
75.18,73.92,87.0,49.55,78.62,0,DS3
75.18,73.92,92.0,49.55,78.62,0,DS3
75.18,73.92,74.0,49.55,78.62,0,DS3
75.18,73.92,70.0,49.55,78.62,0,DS3
75.18,73.92,84.0,49.55,78.62,0,DS3
75.18,73.92,51.0,49.55,78.62,0,DS3
75.18,73.92,82.0,49.55,78.62,0,DS3
75.18,73.92,70.0,49.55,78.62,0,DS3
75.18,73.92,73.0,49.55,78.62,0,DS3
75.18,73.92,65.0,49.55,78.62,0,DS3
75.18,73.92,56.0,49.55,78.62,0,DS3
75.18,73.92,70.0,49.55,78.62,0,DS3
75.18,73.92,65.0,49.55,78.62,0,DS3
75.18,73.92,98.0,49.55,78.62,0,DS3
75.18,73.92,97.0,49.55,78.62,0,DS3
75.18,73.92,82.0,49.55,78.62,0,DS3
75.18,73.92,95.0,49.55,78.62,0,DS3
75.18,73.92,88.0,49.55,78.62,0,DS3
75.18,73.92,67.0,49.55,78.62,0,DS3
75.18,73.92,80.0,49.55,78.62,0,DS3
75.18,73.92,61.0,49.55,78.62,0,DS3
75.18,73.92,84.0,49.55,78.62,0,DS3
75.18,73.92,52.0,49.55,78.62,0,DS3
75.18,73.92,92.0,49.55,78.62,0,DS3
75.18,73.92,79.0,49.55,78.62,0,DS3
75.18,73.92,53.0,49.55,78.62,0,DS3
75.18,73.92,94.0,49.55,78.62,0,DS3
75.18,73.92,94.0,49.55,78.62,0,DS3
75.18,73.92,93.0,49.55,78.62,0,DS3
75.18,73.92,89.0,49.55,78.62,0,DS3
75.18,73.92,84.0,49.55,78.62,0,DS3
75.18,73.92,70.0,49.55,78.62,0,DS3
75.18,73.92,57.0,49.55,78.62,0,DS3
75.18,73.92,64.0,49.55,78.62,0,DS3
75.18,73.92,67.0,49.55,78.62,0,DS3
75.18,73.92,68.0,49.55,78.62,0,DS3
75.18,73.92,78.0,49.55,78.62,0,DS3
75.18,73.92,60.0,49.55,78.62,0,DS3
75.18,73.92,59.0,49.55,78.62,0,DS3
75.18,73.92,86.0,49.55,78.62,0,DS3
75.18,73.92,50.0,49.55,78.62,0,DS3
75.18,73.92,57.0,49.55,78.62,0,DS3
75.18,73.92,72.0,49.55,78.62,0,DS3
75.18,73.92,57.0,49.55,78.62,0,DS3
75.18,73.92,98.0,49.55,78.62,0,DS3
75.18,73.92,84.0,49.55,78.62,0,DS3
75.18,73.92,72.0,49.55,78.62,0,DS3
75.18,73.92,56.0,49.55,78.62,0,DS3
75.18,73.92,69.0,49.55,78.62,0,DS3
75.18,73.92,83.0,49.55,78.62,0,DS3
75.18,73.92,98.0,49.55,78.62,0,DS3
75.18,73.92,74.0,49.55,78.62,0,DS3
75.18,73.92,85.0,49.55,78.62,0,DS3
75.18,73.92,60.0,49.55,78.62,0,DS3
75.18,73.92,81.0,49.55,78.62,0,DS3
75.18,73.92,62.0,49.55,78.62,0,DS3
75.18,73.92,60.0,49.55,78.62,0,DS3
75.18,73.92,75.0,49.55,78.62,0,DS3
75.18,73.92,61.0,49.55,78.62,0,DS3
75.18,73.92,86.0,49.55,78.62,0,DS3
75.18,73.92,97.0,49.55,78.62,0,DS3
75.18,73.92,70.0,49.55,78.62,0,DS3
75.18,73.92,66.0,49.55,78.62,0,DS3
75.18,73.92,59.0,49.55,78.62,0,DS3
75.18,73.92,70.0,49.55,78.62,0,DS3
75.18,73.92,78.0,49.55,78.62,0,DS3
75.18,73.92,69.0,49.55,78.62,0,DS3
75.18,73.92,81.0,49.55,78.62,0,DS3
75.18,73.92,83.0,49.55,78.62,0,DS3
75.18,73.92,55.0,49.55,78.62,0,DS3
75.18,73.92,85.0,49.55,78.62,0,DS3
75.18,73.92,95.0,49.55,78.62,0,DS3
75.18,73.92,51.0,49.55,78.62,0,DS3
75.18,73.92,78.0,49.55,78.62,0,DS3
75.18,73.92,80.0,49.55,78.62,0,DS3
75.18,73.92,85.0,49.55,78.62,0,DS3
75.18,73.92,69.0,49.55,78.62,0,DS3
75.18,73.92,91.0,49.55,78.62,0,DS3
75.18,73.92,77.0,49.55,78.62,0,DS3
75.18,73.92,70.0,49.55,78.62,0,DS3
75.18,73.92,86.0,49.55,78.62,0,DS3
75.18,73.92,96.0,49.55,78.62,0,DS3
75.18,73.92,91.0,49.55,78.62,0,DS3
75.18,73.92,97.0,49.55,78.62,0,DS3
75.18,73.92,63.0,49.55,78.62,0,DS3
75.18,73.92,56.0,49.55,78.62,0,DS3
75.18,73.92,77.0,49.55,78.62,0,DS3
75.18,73.92,52.0,49.55,78.62,0,DS3
75.18,73.92,84.0,49.55,78.62,0,DS3
75.18,73.92,62.0,49.55,78.62,0,DS3
75.18,73.92,73.0,49.55,78.62,0,DS3
75.18,73.92,83.0,49.55,78.62,0,DS3
75.18,73.92,74.0,49.55,78.62,0,DS3
75.18,73.92,62.0,49.55,78.62,0,DS3
75.18,73.92,94.0,49.55,78.62,0,DS3
75.18,73.92,88.0,49.55,78.62,0,DS3
75.18,73.92,80.0,49.55,78.62,0,DS3
75.18,73.92,85.0,49.55,78.62,0,DS3
75.18,73.92,71.0,49.55,78.62,0,DS3
75.18,73.92,69.0,49.55,78.62,0,DS3
75.18,73.92,58.0,49.55,78.62,0,DS3
75.18,73.92,90.0,49.55,78.62,0,DS3
75.18,73.92,69.0,49.55,78.62,0,DS3
75.18,73.92,85.0,49.55,78.62,0,DS3
75.18,73.92,65.0,49.55,78.62,0,DS3
75.18,73.92,90.0,49.55,78.62,0,DS3
75.18,73.92,55.0,49.55,78.62,0,DS3
75.18,73.92,81.0,49.55,78.62,0,DS3
75.18,73.92,90.0,49.55,78.62,0,DS3
75.18,73.92,83.0,49.55,78.62,0,DS3
75.18,73.92,85.0,49.55,78.62,0,DS3
75.18,73.92,76.0,49.55,78.62,0,DS3
75.18,73.92,78.0,49.55,78.62,0,DS3
75.18,73.92,53.0,49.55,78.62,0,DS3
75.18,73.92,63.0,49.55,78.62,0,DS3
75.18,73.92,86.0,49.55,78.62,0,DS3
75.18,73.92,97.0,49.55,78.62,0,DS3
75.18,73.92,77.0,49.55,78.62,0,DS3
75.18,73.92,86.0,49.55,78.62,0,DS3
75.18,73.92,84.0,49.55,78.62,0,DS3
75.18,73.92,100.0,49.55,78.62,0,DS3
75.18,73.92,90.0,49.55,78.62,0,DS3
75.18,73.92,81.0,49.55,78.62,0,DS3
75.18,73.92,56.0,49.55,78.62,0,DS3
75.18,73.92,68.0,49.55,78.62,0,DS3
75.18,73.92,63.0,49.55,78.62,0,DS3
75.18,73.92,93.0,49.55,78.62,0,DS3
75.18,73.92,72.0,49.55,78.62,0,DS3
75.18,73.92,77.0,49.55,78.62,0,DS3
75.18,73.92,98.0,49.55,78.62,0,DS3
75.18,73.92,92.0,49.55,78.62,0,DS3
75.18,73.92,89.0,49.55,78.62,0,DS3
75.18,73.92,57.0,49.55,78.62,0,DS3
75.18,73.92,51.0,49.55,78.62,0,DS3
75.18,73.92,56.0,49.55,78.62,0,DS3
75.18,73.92,87.0,49.55,78.62,0,DS3
75.18,73.92,71.0,49.55,78.62,0,DS3
75.18,73.92,56.0,49.55,78.62,0,DS3
75.18,73.92,87.0,49.55,78.62,0,DS3
75.18,73.92,60.0,49.55,78.62,0,DS3
75.18,73.92,79.0,49.55,78.62,0,DS3
75.18,73.92,87.0,49.55,78.62,0,DS3
75.18,73.92,80.0,49.55,78.62,0,DS3
75.18,73.92,100.0,49.55,78.62,0,DS3
75.18,73.92,72.0,49.55,78.62,0,DS3
75.18,73.92,66.0,49.55,78.62,0,DS3
75.18,73.92,60.0,49.55,78.62,0,DS3
75.18,73.92,75.0,49.55,78.62,0,DS3
75.18,73.92,93.0,49.55,78.62,0,DS3
75.18,73.92,97.0,49.55,78.62,0,DS3
75.18,73.92,99.0,49.55,78.62,0,DS3
75.18,73.92,77.0,49.55,78.62,0,DS3
75.18,73.92,80.0,49.55,78.62,0,DS3
75.18,73.92,79.0,49.55,78.62,0,DS3
75.18,73.92,73.0,49.55,78.62,0,DS3
75.18,73.92,58.0,49.55,78.62,0,DS3
75.18,73.92,53.0,49.55,78.62,0,DS3
75.18,73.92,72.0,49.55,78.62,0,DS3
75.18,73.92,59.0,49.55,78.62,0,DS3
75.18,73.92,94.0,49.55,78.62,0,DS3
75.18,73.92,88.0,49.55,78.62,0,DS3
75.18,73.92,81.0,49.55,78.62,0,DS3
75.18,73.92,52.0,49.55,78.62,0,DS3
75.18,73.92,81.0,49.55,78.62,0,DS3
75.18,73.92,81.0,49.55,78.62,0,DS3
75.18,73.92,72.0,49.55,78.62,0,DS3
75.18,73.92,83.0,49.55,78.62,0,DS3
75.18,73.92,93.0,49.55,78.62,0,DS3
75.18,73.92,88.0,49.55,78.62,0,DS3
75.18,73.92,74.0,49.55,78.62,0,DS3
75.18,73.92,63.0,49.55,78.62,0,DS3
75.18,73.92,74.0,49.55,78.62,0,DS3
75.18,73.92,97.0,49.55,78.62,0,DS3
75.18,73.92,91.0,49.55,78.62,0,DS3
75.18,73.92,51.0,49.55,78.62,0,DS3
75.18,73.92,89.0,49.55,78.62,0,DS3
75.18,73.92,59.0,49.55,78.62,0,DS3
75.18,73.92,79.0,49.55,78.62,0,DS3
75.18,73.92,90.0,49.55,78.62,0,DS3
75.18,73.92,78.0,49.55,78.62,0,DS3
75.18,73.92,70.0,49.55,78.62,0,DS3
75.18,73.92,66.0,49.55,78.62,0,DS3
75.18,73.92,65.0,49.55,78.62,0,DS3
75.18,73.92,92.0,49.55,78.62,0,DS3
75.18,73.92,91.0,49.55,78.62,0,DS3
75.18,73.92,91.0,49.55,78.62,0,DS3
75.18,73.92,64.0,49.55,78.62,0,DS3
75.18,73.92,90.0,49.55,78.62,0,DS3
75.18,73.92,52.0,49.55,78.62,0,DS3
75.18,73.92,60.0,49.55,78.62,0,DS3
75.18,73.92,76.0,49.55,78.62,0,DS3
75.18,73.92,70.0,49.55,78.62,0,DS3
75.18,73.92,56.0,49.55,78.62,0,DS3
75.18,73.92,52.0,49.55,78.62,0,DS3
75.18,73.92,81.0,49.55,78.62,0,DS3
75.18,73.92,66.0,49.55,78.62,0,DS3
75.18,73.92,51.0,49.55,78.62,0,DS3
75.18,73.92,72.0,49.55,78.62,0,DS3
75.18,73.92,65.0,49.55,78.62,0,DS3
75.18,73.92,79.0,49.55,78.62,0,DS3
75.18,73.92,96.0,49.55,78.62,0,DS3
75.18,73.92,65.0,49.55,78.62,0,DS3
75.18,73.92,100.0,49.55,78.62,0,DS3
75.18,73.92,54.0,49.55,78.62,0,DS3
75.18,73.92,54.0,49.55,78.62,0,DS3
75.18,73.92,86.0,49.55,78.62,0,DS3
75.18,73.92,87.0,49.55,78.62,0,DS3
75.18,73.92,71.0,49.55,78.62,0,DS3
75.18,73.92,64.0,49.55,78.62,0,DS3
75.18,73.92,90.0,49.55,78.62,0,DS3
75.18,73.92,98.0,49.55,78.62,0,DS3
75.18,73.92,99.0,49.55,78.62,0,DS3
75.18,73.92,82.0,49.55,78.62,0,DS3
75.18,73.92,87.0,49.55,78.62,0,DS3
75.18,73.92,91.0,49.55,78.62,0,DS3
75.18,73.92,90.0,49.55,78.62,0,DS3
75.18,73.92,100.0,49.55,78.62,0,DS3
75.18,73.92,91.0,49.55,78.62,0,DS3
75.18,73.92,83.0,49.55,78.62,0,DS3
75.18,73.92,69.0,49.55,78.62,0,DS3
75.18,73.92,80.0,49.55,78.62,0,DS3
75.18,73.92,94.0,49.55,78.62,0,DS3
75.18,73.92,65.0,49.55,78.62,0,DS3
75.18,73.92,52.0,49.55,78.62,0,DS3
75.18,73.92,66.0,49.55,78.62,0,DS3
75.18,73.92,98.0,49.55,78.62,0,DS3
75.18,73.92,90.0,49.55,78.62,0,DS3
75.18,73.92,59.0,49.55,78.62,0,DS3
75.18,73.92,51.0,49.55,78.62,0,DS3
75.18,73.92,83.0,49.55,78.62,0,DS3
75.18,73.92,79.0,49.55,78.62,0,DS3
75.18,73.92,54.0,49.55,78.62,0,DS3
75.18,73.92,98.0,49.55,78.62,0,DS3
75.18,73.92,81.0,49.55,78.62,0,DS3
75.18,73.92,83.0,49.55,78.62,0,DS3
75.18,73.92,93.0,49.55,78.62,0,DS3
75.18,73.92,67.0,49.55,78.62,0,DS3
75.18,73.92,78.0,49.55,78.62,0,DS3
75.18,73.92,79.0,49.55,78.62,0,DS3
75.18,73.92,98.0,49.55,78.62,0,DS3
75.18,73.92,57.0,49.55,78.62,0,DS3
75.18,73.92,88.0,49.55,78.62,0,DS3
75.18,73.92,79.0,49.55,78.62,0,DS3
75.18,73.92,92.0,49.55,78.62,0,DS3
75.18,73.92,92.0,49.55,78.62,0,DS3
75.18,73.92,51.0,49.55,78.62,0,DS3
75.18,73.92,63.0,49.55,78.62,0,DS3
75.18,73.92,59.0,49.55,78.62,0,DS3
75.18,73.92,73.0,49.55,78.62,0,DS3
75.18,73.92,95.0,49.55,78.62,0,DS3
75.18,73.92,50.0,49.55,78.62,0,DS3
75.18,73.92,74.0,49.55,78.62,0,DS3
75.18,73.92,94.0,49.55,78.62,0,DS3
75.18,73.92,96.0,49.55,78.62,0,DS3
75.18,73.92,83.0,49.55,78.62,0,DS3
75.18,73.92,91.0,49.55,78.62,0,DS3
75.18,73.92,66.0,49.55,78.62,0,DS3
75.18,73.92,64.0,49.55,78.62,0,DS3
75.18,73.92,52.0,49.55,78.62,0,DS3
75.18,73.92,75.0,49.55,78.62,0,DS3
75.18,73.92,73.0,49.55,78.62,0,DS3
75.18,73.92,69.0,49.55,78.62,0,DS3
75.18,73.92,56.0,49.55,78.62,0,DS3
75.18,73.92,62.0,49.55,78.62,0,DS3
75.18,73.92,60.0,49.55,78.62,0,DS3
75.18,73.92,97.0,49.55,78.62,0,DS3
75.18,73.92,98.0,49.55,78.62,0,DS3
75.18,73.92,50.0,49.55,78.62,0,DS3
75.18,73.92,59.0,49.55,78.62,0,DS3
75.18,73.92,94.0,49.55,78.62,0,DS3
75.18,73.92,52.0,49.55,78.62,0,DS3
75.18,73.92,97.0,49.55,78.62,0,DS3
75.18,73.92,69.0,49.55,78.62,0,DS3
75.18,73.92,77.0,49.55,78.62,0,DS3
75.18,73.92,88.0,49.55,78.62,0,DS3
75.18,73.92,62.0,49.55,78.62,0,DS3
75.18,73.92,55.0,49.55,78.62,0,DS3
75.18,73.92,90.0,49.55,78.62,0,DS3
75.18,73.92,99.0,49.55,78.62,0,DS3
75.18,73.92,83.0,49.55,78.62,0,DS3
75.18,73.92,91.0,49.55,78.62,0,DS3
75.18,73.92,97.0,49.55,78.62,0,DS3
75.18,73.92,61.0,49.55,78.62,0,DS3
75.18,73.92,68.0,49.55,78.62,0,DS3
75.18,73.92,61.0,49.55,78.62,0,DS3
75.18,73.92,53.0,49.55,78.62,0,DS3
75.18,73.92,87.0,49.55,78.62,0,DS3
75.18,73.92,57.0,49.55,78.62,0,DS3
75.18,73.92,55.0,49.55,78.62,0,DS3
75.18,73.92,68.0,49.55,78.62,0,DS3
75.18,73.92,53.0,49.55,78.62,0,DS3
75.18,73.92,59.0,49.55,78.62,0,DS3
75.18,73.92,53.0,49.55,78.62,0,DS3
75.18,73.92,94.0,49.55,78.62,0,DS3
75.18,73.92,89.0,49.55,78.62,0,DS3
75.18,73.92,93.0,49.55,78.62,0,DS3
75.18,73.92,93.0,49.55,78.62,0,DS3
75.18,73.92,97.0,49.55,78.62,0,DS3
75.18,73.92,59.0,49.55,78.62,0,DS3
75.18,73.92,95.0,49.55,78.62,0,DS3
75.18,73.92,76.0,49.55,78.62,0,DS3
75.18,73.92,58.0,49.55,78.62,0,DS3
75.18,73.92,83.0,49.55,78.62,0,DS3
75.18,73.92,66.0,49.55,78.62,0,DS3
75.18,73.92,52.0,49.55,78.62,0,DS3
75.18,73.92,54.0,49.55,78.62,0,DS3
75.18,73.92,71.0,49.55,78.62,0,DS3
75.18,73.92,91.0,49.55,78.62,0,DS3
75.18,73.92,66.0,49.55,78.62,0,DS3
75.18,73.92,88.0,49.55,78.62,0,DS3
75.18,73.92,53.0,49.55,78.62,0,DS3
75.18,73.92,70.0,49.55,78.62,0,DS3
75.18,73.92,56.0,49.55,78.62,0,DS3
75.18,73.92,93.0,49.55,78.62,0,DS3
75.18,73.92,98.0,49.55,78.62,0,DS3
75.18,73.92,66.0,49.55,78.62,0,DS3
75.18,73.92,99.0,49.55,78.62,0,DS3
75.18,73.92,88.0,49.55,78.62,0,DS3
75.18,73.92,50.0,49.55,78.62,0,DS3
75.18,73.92,74.0,49.55,78.62,0,DS3
75.18,73.92,92.0,49.55,78.62,0,DS3
75.18,73.92,77.0,49.55,78.62,0,DS3
75.18,73.92,77.0,49.55,78.62,0,DS3
75.18,73.92,72.0,49.55,78.62,0,DS3
75.18,73.92,70.0,49.55,78.62,0,DS3
75.18,73.92,51.0,49.55,78.62,0,DS3
75.18,73.92,81.0,49.55,78.62,0,DS3
75.18,73.92,88.0,49.55,78.62,0,DS3
75.18,73.92,90.0,49.55,78.62,0,DS3
75.18,73.92,81.0,49.55,78.62,0,DS3
75.18,73.92,67.0,49.55,78.62,0,DS3
75.18,73.92,51.0,49.55,78.62,0,DS3
75.18,73.92,95.0,49.55,78.62,0,DS3
75.18,73.92,71.0,49.55,78.62,0,DS3
75.18,73.92,80.0,49.55,78.62,0,DS3
75.18,73.92,60.0,49.55,78.62,0,DS3
75.18,73.92,57.0,49.55,78.62,0,DS3
75.18,73.92,54.0,49.55,78.62,0,DS3
75.18,73.92,90.0,49.55,78.62,0,DS3
75.18,73.92,82.0,49.55,78.62,0,DS3
75.18,73.92,81.0,49.55,78.62,0,DS3
75.18,73.92,96.0,49.55,78.62,0,DS3
75.18,73.92,58.0,49.55,78.62,0,DS3
75.18,73.92,59.0,49.55,78.62,0,DS3
75.18,73.92,59.0,49.55,78.62,0,DS3
75.18,73.92,71.0,49.55,78.62,0,DS3
75.18,73.92,94.0,49.55,78.62,0,DS3
75.18,73.92,94.0,49.55,78.62,0,DS3
75.18,73.92,80.0,49.55,78.62,0,DS3
75.18,73.92,83.0,49.55,78.62,0,DS3
75.18,73.92,95.0,49.55,78.62,0,DS3
75.18,73.92,81.0,49.55,78.62,0,DS3
75.18,73.92,61.0,49.55,78.62,0,DS3
75.18,73.92,85.0,49.55,78.62,0,DS3
75.18,73.92,88.0,49.55,78.62,0,DS3
75.18,73.92,82.0,49.55,78.62,0,DS3
75.18,73.92,64.0,49.55,78.62,0,DS3
75.18,73.92,70.0,49.55,78.62,0,DS3
75.18,73.92,74.0,49.55,78.62,0,DS3
75.18,73.92,57.0,49.55,78.62,0,DS3
75.18,73.92,73.0,49.55,78.62,0,DS3
75.18,73.92,58.0,49.55,78.62,0,DS3
75.18,73.92,75.0,49.55,78.62,0,DS3
75.18,73.92,53.0,49.55,78.62,0,DS3
75.18,73.92,97.0,49.55,78.62,0,DS3
75.18,73.92,62.0,49.55,78.62,0,DS3
75.18,73.92,73.0,49.55,78.62,0,DS3
75.18,73.92,52.0,49.55,78.62,0,DS3
75.18,73.92,60.0,49.55,78.62,0,DS3
75.18,73.92,85.0,49.55,78.62,0,DS3
75.18,73.92,56.0,49.55,78.62,0,DS3
75.18,73.92,81.0,49.55,78.62,0,DS3
75.18,73.92,50.0,49.55,78.62,0,DS3
75.18,73.92,73.0,49.55,78.62,0,DS3
75.18,73.92,86.0,49.55,78.62,0,DS3
75.18,73.92,96.0,49.55,78.62,0,DS3
75.18,73.92,75.0,49.55,78.62,0,DS3
75.18,73.92,92.0,49.55,78.62,0,DS3
75.18,73.92,90.0,49.55,78.62,0,DS3
75.18,73.92,65.0,49.55,78.62,0,DS3
75.18,73.92,94.0,49.55,78.62,0,DS3
75.18,73.92,82.0,49.55,78.62,0,DS3
75.18,73.92,55.0,49.55,78.62,0,DS3
75.18,73.92,97.0,49.55,78.62,0,DS3
75.18,73.92,59.0,49.55,78.62,0,DS3
75.18,73.92,74.0,49.55,78.62,0,DS3
75.18,73.92,73.0,49.55,78.62,0,DS3
75.18,73.92,81.0,49.55,78.62,0,DS3
75.18,73.92,83.0,49.55,78.62,0,DS3
75.18,73.92,62.0,49.55,78.62,0,DS3
75.18,73.92,68.0,49.55,78.62,0,DS3
75.18,73.92,57.0,49.55,78.62,0,DS3
75.18,73.92,56.0,49.55,78.62,0,DS3
75.18,73.92,91.0,49.55,78.62,0,DS3
75.18,73.92,88.0,49.55,78.62,0,DS3
75.18,73.92,72.0,49.55,78.62,0,DS3
75.18,73.92,55.0,49.55,78.62,0,DS3
75.18,73.92,72.0,49.55,78.62,0,DS3
75.18,73.92,65.0,49.55,78.62,0,DS3
75.18,73.92,89.0,49.55,78.62,0,DS3
75.18,73.92,55.0,49.55,78.62,0,DS3
75.18,73.92,73.0,49.55,78.62,0,DS3
75.18,73.92,80.0,49.55,78.62,0,DS3
75.18,73.92,99.0,49.55,78.62,0,DS3
75.18,73.92,54.0,49.55,78.62,0,DS3
75.18,73.92,56.0,49.55,78.62,0,DS3
75.18,73.92,99.0,49.55,78.62,0,DS3
75.18,73.92,70.0,49.55,78.62,0,DS3
75.18,73.92,87.0,49.55,78.62,0,DS3
75.18,73.92,89.0,49.55,78.62,0,DS3
75.18,73.92,66.0,49.55,78.62,0,DS3
75.18,73.92,61.0,49.55,78.62,0,DS3
75.18,73.92,64.0,49.55,78.62,0,DS3
75.18,73.92,88.0,49.55,78.62,0,DS3
75.18,73.92,92.0,49.55,78.62,0,DS3
75.18,73.92,85.0,49.55,78.62,0,DS3
75.18,73.92,72.0,49.55,78.62,0,DS3
75.18,73.92,63.0,49.55,78.62,0,DS3
75.18,73.92,71.0,49.55,78.62,0,DS3
75.18,73.92,96.0,49.55,78.62,0,DS3
75.18,73.92,93.0,49.55,78.62,0,DS3
75.18,73.92,66.0,49.55,78.62,0,DS3
75.18,73.92,66.0,49.55,78.62,0,DS3
75.18,73.92,89.0,49.55,78.62,0,DS3
75.18,73.92,71.0,49.55,78.62,0,DS3
75.18,73.92,79.0,49.55,78.62,0,DS3
75.18,73.92,71.0,49.55,78.62,0,DS3
75.18,73.92,62.0,49.55,78.62,0,DS3
75.18,73.92,59.0,49.55,78.62,0,DS3
75.18,73.92,57.0,49.55,78.62,0,DS3
75.18,73.92,51.0,49.55,78.62,0,DS3
75.18,73.92,64.0,49.55,78.62,0,DS3
75.18,73.92,59.0,49.55,78.62,0,DS3
75.18,73.92,63.0,49.55,78.62,0,DS3
75.18,73.92,54.0,49.55,78.62,0,DS3
75.18,73.92,67.0,49.55,78.62,0,DS3
75.18,73.92,76.0,49.55,78.62,0,DS3
75.18,73.92,97.0,49.55,78.62,0,DS3
75.18,73.92,67.0,49.55,78.62,0,DS3
75.18,73.92,52.0,49.55,78.62,0,DS3
75.18,73.92,68.0,49.55,78.62,0,DS3
75.18,73.92,91.0,49.55,78.62,0,DS3
75.18,73.92,67.0,49.55,78.62,0,DS3
75.18,73.92,65.0,49.55,78.62,0,DS3
75.18,73.92,96.0,49.55,78.62,0,DS3
75.18,73.92,65.0,49.55,78.62,0,DS3
75.18,73.92,99.0,49.55,78.62,0,DS3
75.18,73.92,92.0,49.55,78.62,0,DS3
75.18,73.92,84.0,49.55,78.62,0,DS3
75.18,73.92,80.0,49.55,78.62,0,DS3
75.18,73.92,61.0,49.55,78.62,0,DS3
75.18,73.92,87.0,49.55,78.62,0,DS3
75.18,73.92,67.0,49.55,78.62,0,DS3
75.18,73.92,74.0,49.55,78.62,0,DS3
75.18,73.92,55.0,49.55,78.62,0,DS3
75.18,73.92,65.0,49.55,78.62,0,DS3
75.18,73.92,76.0,49.55,78.62,0,DS3
75.18,73.92,73.0,49.55,78.62,0,DS3
75.18,73.92,67.0,49.55,78.62,0,DS3
75.18,73.92,74.0,49.55,78.62,0,DS3
75.18,73.92,87.0,49.55,78.62,0,DS3
75.18,73.92,73.0,49.55,78.62,0,DS3
75.18,73.92,75.0,49.55,78.62,0,DS3
75.18,73.92,85.0,49.55,78.62,0,DS3
75.18,73.92,92.0,49.55,78.62,0,DS3
75.18,73.92,76.0,49.55,78.62,0,DS3
75.18,73.92,97.0,49.55,78.62,0,DS3
75.18,73.92,68.0,49.55,78.62,0,DS3
75.18,73.92,63.0,49.55,78.62,0,DS3
75.18,73.92,85.0,49.55,78.62,0,DS3
75.18,73.92,59.0,49.55,78.62,0,DS3
75.18,73.92,95.0,49.55,78.62,0,DS3
75.18,73.92,69.0,49.55,78.62,0,DS3
75.18,73.92,85.0,49.55,78.62,0,DS3
75.18,73.92,79.0,49.55,78.62,0,DS3
75.18,73.92,53.0,49.55,78.62,0,DS3
75.18,73.92,85.0,49.55,78.62,0,DS3
75.18,73.92,90.0,49.55,78.62,0,DS3
75.18,73.92,99.0,49.55,78.62,0,DS3
75.18,73.92,71.0,49.55,78.62,0,DS3
75.18,73.92,75.0,49.55,78.62,0,DS3
75.18,73.92,94.0,49.55,78.62,0,DS3
75.18,73.92,63.0,49.55,78.62,0,DS3
75.18,73.92,59.0,49.55,78.62,0,DS3
75.18,73.92,57.0,49.55,78.62,0,DS3
75.18,73.92,99.0,49.55,78.62,0,DS3
75.18,73.92,64.0,49.55,78.62,0,DS3
75.18,73.92,88.0,49.55,78.62,0,DS3
75.18,73.92,72.0,49.55,78.62,0,DS3
75.18,73.92,62.0,49.55,78.62,0,DS3
75.18,73.92,96.0,49.55,78.62,0,DS3
75.18,73.92,73.0,49.55,78.62,0,DS3
75.18,73.92,78.0,49.55,78.62,0,DS3
75.18,73.92,61.0,49.55,78.62,0,DS3
75.18,73.92,66.0,49.55,78.62,0,DS3
75.18,73.92,87.0,49.55,78.62,0,DS3
75.18,73.92,67.0,49.55,78.62,0,DS3
75.18,73.92,75.0,49.55,78.62,0,DS3
75.18,73.92,56.0,49.55,78.62,0,DS3
75.18,73.92,93.0,49.55,78.62,0,DS3
75.18,73.92,87.0,49.55,78.62,0,DS3
75.18,73.92,88.0,49.55,78.62,0,DS3
75.18,73.92,59.0,49.55,78.62,0,DS3
75.18,73.92,75.0,49.55,78.62,0,DS3
75.18,73.92,51.0,49.55,78.62,0,DS3
75.18,73.92,66.0,49.55,78.62,0,DS3
75.18,73.92,67.0,49.55,78.62,0,DS3
75.18,73.92,96.0,49.55,78.62,0,DS3
75.18,73.92,100.0,49.55,78.62,0,DS3
75.18,73.92,81.0,49.55,78.62,0,DS3
75.18,73.92,76.0,49.55,78.62,0,DS3
75.18,73.92,72.0,49.55,78.62,0,DS3
75.18,73.92,51.0,49.55,78.62,0,DS3
75.18,73.92,90.0,49.55,78.62,0,DS3
75.18,73.92,84.0,49.55,78.62,0,DS3
75.18,73.92,82.0,49.55,78.62,0,DS3
75.18,73.92,90.0,49.55,78.62,0,DS3
75.18,73.92,96.0,49.55,78.62,0,DS3
75.18,73.92,69.0,49.55,78.62,0,DS3
75.18,73.92,71.0,49.55,78.62,0,DS3
75.18,73.92,99.0,49.55,78.62,0,DS3
75.18,73.92,83.0,49.55,78.62,0,DS3
75.18,73.92,93.0,49.55,78.62,0,DS3
75.18,73.92,61.0,49.55,78.62,0,DS3
75.18,73.92,66.0,49.55,78.62,0,DS3
75.18,73.92,70.0,49.55,78.62,0,DS3
75.18,73.92,66.0,49.55,78.62,0,DS3
75.18,73.92,94.0,49.55,78.62,0,DS3
75.18,73.92,76.0,49.55,78.62,0,DS3
75.18,73.92,98.0,49.55,78.62,0,DS3
75.18,73.92,66.0,49.55,78.62,0,DS3
75.18,73.92,52.0,49.55,78.62,0,DS3
75.18,73.92,57.0,49.55,78.62,0,DS3
75.18,73.92,61.0,49.55,78.62,0,DS3
75.18,73.92,82.0,49.55,78.62,0,DS3
75.18,73.92,59.0,49.55,78.62,0,DS3
75.18,73.92,69.0,49.55,78.62,0,DS3
75.18,73.92,90.0,49.55,78.62,0,DS3
75.18,73.92,56.0,49.55,78.62,0,DS3
75.18,73.92,54.0,49.55,78.62,0,DS3
75.18,73.92,77.0,49.55,78.62,0,DS3
75.18,73.92,85.0,49.55,78.62,0,DS3
75.18,73.92,96.0,49.55,78.62,0,DS3
75.18,73.92,83.0,49.55,78.62,0,DS3
75.18,73.92,97.0,49.55,78.62,0,DS3
75.18,73.92,62.0,49.55,78.62,0,DS3
75.18,73.92,67.0,49.55,78.62,0,DS3
75.18,73.92,92.0,49.55,78.62,0,DS3
75.18,73.92,91.0,49.55,78.62,0,DS3
75.18,73.92,83.0,49.55,78.62,0,DS3
75.18,73.92,75.0,49.55,78.62,0,DS3
75.18,73.92,51.0,49.55,78.62,0,DS3
75.18,73.92,64.0,49.55,78.62,0,DS3
75.18,73.92,58.0,49.55,78.62,0,DS3
75.18,73.92,53.0,49.55,78.62,0,DS3
75.18,73.92,89.0,49.55,78.62,0,DS3
75.18,73.92,57.0,49.55,78.62,0,DS3
75.18,73.92,68.0,49.55,78.62,0,DS3
75.18,73.92,99.0,49.55,78.62,0,DS3
75.18,73.92,70.0,49.55,78.62,0,DS3
75.18,73.92,57.0,49.55,78.62,0,DS3
75.18,73.92,84.0,49.55,78.62,0,DS3
75.18,73.92,90.0,49.55,78.62,0,DS3
75.18,73.92,64.0,49.55,78.62,0,DS3
75.18,73.92,90.0,49.55,78.62,0,DS3
75.18,73.92,64.0,49.55,78.62,0,DS3
75.18,73.92,85.0,49.55,78.62,0,DS3
75.18,73.92,56.0,49.55,78.62,0,DS3
75.18,73.92,71.0,49.55,78.62,0,DS3
75.18,73.92,76.0,49.55,78.62,0,DS3
75.18,73.92,86.0,49.55,78.62,0,DS3
75.18,73.92,83.0,49.55,78.62,0,DS3
75.18,73.92,93.0,49.55,78.62,0,DS3
75.18,73.92,59.0,49.55,78.62,0,DS3
75.18,73.92,83.0,49.55,78.62,0,DS3
75.18,73.92,56.0,49.55,78.62,0,DS3
75.18,73.92,74.0,49.55,78.62,0,DS3
75.18,73.92,76.0,49.55,78.62,0,DS3
75.18,73.92,51.0,49.55,78.62,0,DS3
75.18,73.92,54.0,49.55,78.62,0,DS3
75.18,73.92,92.0,49.55,78.62,0,DS3
75.18,73.92,64.0,49.55,78.62,0,DS3
75.18,73.92,67.0,49.55,78.62,0,DS3
75.18,73.92,82.0,49.55,78.62,0,DS3
75.18,73.92,61.0,49.55,78.62,0,DS3
75.18,73.92,60.0,49.55,78.62,0,DS3
75.18,73.92,71.0,49.55,78.62,0,DS3
75.18,73.92,53.0,49.55,78.62,0,DS3
75.18,73.92,96.0,49.55,78.62,0,DS3
75.18,73.92,97.0,49.55,78.62,0,DS3
75.18,73.92,72.0,49.55,78.62,0,DS3
75.18,73.92,60.0,49.55,78.62,0,DS3
75.18,73.92,74.0,49.55,78.62,0,DS3
75.18,73.92,55.0,49.55,78.62,0,DS3
75.18,73.92,70.0,49.55,78.62,0,DS3
75.18,73.92,54.0,49.55,78.62,0,DS3
75.18,73.92,85.0,49.55,78.62,0,DS3
75.18,73.92,64.0,49.55,78.62,0,DS3
75.18,73.92,76.0,49.55,78.62,0,DS3
75.18,73.92,51.0,49.55,78.62,0,DS3
75.18,73.92,76.0,49.55,78.62,0,DS3
75.18,73.92,50.0,49.55,78.62,0,DS3
75.18,73.92,96.0,49.55,78.62,0,DS3
75.18,73.92,75.0,49.55,78.62,0,DS3
75.18,73.92,55.0,49.55,78.62,0,DS3
75.18,73.92,67.0,49.55,78.62,0,DS3
75.18,73.92,52.0,49.55,78.62,0,DS3
75.18,73.92,77.0,49.55,78.62,0,DS3
75.18,73.92,56.0,49.55,78.62,0,DS3
75.18,73.92,74.0,49.55,78.62,0,DS3
75.18,73.92,65.0,49.55,78.62,0,DS3
75.18,73.92,88.0,49.55,78.62,0,DS3
75.18,73.92,74.0,49.55,78.62,0,DS3
75.18,73.92,92.0,49.55,78.62,0,DS3
75.18,73.92,97.0,49.55,78.62,0,DS3
75.18,73.92,98.0,49.55,78.62,0,DS3
75.18,73.92,63.0,49.55,78.62,0,DS3
75.18,73.92,88.0,49.55,78.62,0,DS3
75.18,73.92,72.0,49.55,78.62,0,DS3
75.18,73.92,71.0,49.55,78.62,0,DS3
75.18,73.92,93.0,49.55,78.62,0,DS3
75.18,73.92,57.0,49.55,78.62,0,DS3
75.18,73.92,74.0,49.55,78.62,0,DS3
75.18,73.92,80.0,49.55,78.62,0,DS3
75.18,73.92,53.0,49.55,78.62,0,DS3
75.18,73.92,93.0,49.55,78.62,0,DS3
75.18,73.92,66.0,49.55,78.62,0,DS3
75.18,73.92,83.0,49.55,78.62,0,DS3
75.18,73.92,96.0,49.55,78.62,0,DS3
75.18,73.92,86.0,49.55,78.62,0,DS3
75.18,73.92,94.0,49.55,78.62,0,DS3
75.18,73.92,53.0,49.55,78.62,0,DS3
75.18,73.92,75.0,49.55,78.62,0,DS3
75.18,73.92,78.0,49.55,78.62,0,DS3
75.18,73.92,84.0,49.55,78.62,0,DS3
75.18,73.92,56.0,49.55,78.62,0,DS3
75.18,73.92,83.0,49.55,78.62,0,DS3
75.18,73.92,57.0,49.55,78.62,0,DS3
75.18,73.92,53.0,49.55,78.62,0,DS3
75.18,73.92,73.0,49.55,78.62,0,DS3
75.18,73.92,80.0,49.55,78.62,0,DS3
75.18,73.92,98.0,49.55,78.62,0,DS3
75.18,73.92,85.0,49.55,78.62,0,DS3
75.18,73.92,80.0,49.55,78.62,0,DS3
75.18,73.92,61.0,49.55,78.62,0,DS3
75.18,73.92,58.0,49.55,78.62,0,DS3
75.18,73.92,80.0,49.55,78.62,0,DS3
75.18,73.92,61.0,49.55,78.62,0,DS3
75.18,73.92,85.0,49.55,78.62,0,DS3
75.18,73.92,56.0,49.55,78.62,0,DS3
75.18,73.92,67.0,49.55,78.62,0,DS3
75.18,73.92,89.0,49.55,78.62,0,DS3
75.18,73.92,92.0,49.55,78.62,0,DS3
75.18,73.92,67.0,49.55,78.62,0,DS3
75.18,73.92,60.0,49.55,78.62,0,DS3
75.18,73.92,98.0,49.55,78.62,0,DS3
75.18,73.92,88.0,49.55,78.62,0,DS3
75.18,73.92,90.0,49.55,78.62,0,DS3
75.18,73.92,61.0,49.55,78.62,0,DS3
75.18,73.92,71.0,49.55,78.62,0,DS3
75.18,73.92,53.0,49.55,78.62,0,DS3
75.18,73.92,55.0,49.55,78.62,0,DS3
75.18,73.92,61.0,49.55,78.62,0,DS3
75.18,73.92,65.0,49.55,78.62,0,DS3
75.18,73.92,100.0,49.55,78.62,0,DS3
75.18,73.92,71.0,49.55,78.62,0,DS3
75.18,73.92,85.0,49.55,78.62,0,DS3
75.18,73.92,95.0,49.55,78.62,0,DS3
75.18,73.92,62.0,49.55,78.62,0,DS3
75.18,73.92,57.0,49.55,78.62,0,DS3
75.18,73.92,62.0,49.55,78.62,0,DS3
75.18,73.92,94.0,49.55,78.62,0,DS3
75.18,73.92,83.0,49.55,78.62,0,DS3
75.18,73.92,73.0,49.55,78.62,0,DS3
75.18,73.92,91.0,49.55,78.62,0,DS3
75.18,73.92,62.0,49.55,78.62,0,DS3
75.18,73.92,62.0,49.55,78.62,0,DS3
75.18,73.92,78.0,49.55,78.62,0,DS3
75.18,73.92,90.0,49.55,78.62,0,DS3
75.18,73.92,63.0,49.55,78.62,0,DS3
75.18,73.92,61.0,49.55,78.62,0,DS3
75.18,73.92,74.0,49.55,78.62,0,DS3
75.18,73.92,57.0,49.55,78.62,0,DS3
75.18,73.92,87.0,49.55,78.62,0,DS3
75.18,73.92,79.0,49.55,78.62,0,DS3
75.18,73.92,76.0,49.55,78.62,0,DS3
75.18,73.92,94.0,49.55,78.62,0,DS3
75.18,73.92,87.0,49.55,78.62,0,DS3
75.18,73.92,57.0,49.55,78.62,0,DS3
75.18,73.92,71.0,49.55,78.62,0,DS3
75.18,73.92,66.0,49.55,78.62,0,DS3
75.18,73.92,90.0,49.55,78.62,0,DS3
75.18,73.92,86.0,49.55,78.62,0,DS3
75.18,73.92,74.0,49.55,78.62,0,DS3
75.18,73.92,91.0,49.55,78.62,0,DS3
75.18,73.92,71.0,49.55,78.62,0,DS3
75.18,73.92,90.0,49.55,78.62,0,DS3
75.18,73.92,52.0,49.55,78.62,0,DS3
75.18,73.92,57.0,49.55,78.62,0,DS3
75.18,73.92,88.0,49.55,78.62,0,DS3
75.18,73.92,56.0,49.55,78.62,0,DS3
75.18,73.92,84.0,49.55,78.62,0,DS3
75.18,73.92,86.0,49.55,78.62,0,DS3
75.18,73.92,83.0,49.55,78.62,0,DS3
75.18,73.92,91.0,49.55,78.62,0,DS3
75.18,73.92,76.0,49.55,78.62,0,DS3
75.18,73.92,95.0,49.55,78.62,0,DS3
75.18,73.92,78.0,49.55,78.62,0,DS3
75.18,73.92,75.0,49.55,78.62,0,DS3
75.18,73.92,75.0,49.55,78.62,0,DS3
75.18,73.92,96.0,49.55,78.62,0,DS3
75.18,73.92,62.0,49.55,78.62,0,DS3
75.18,73.92,85.0,49.55,78.62,0,DS3
75.18,73.92,62.0,49.55,78.62,0,DS3
75.18,73.92,55.0,49.55,78.62,0,DS3
75.18,73.92,98.0,49.55,78.62,0,DS3
75.18,73.92,56.0,49.55,78.62,0,DS3
75.18,73.92,84.0,49.55,78.62,0,DS3
75.18,73.92,71.0,49.55,78.62,0,DS3
75.18,73.92,92.0,49.55,78.62,0,DS3
75.18,73.92,89.0,49.55,78.62,0,DS3
75.18,73.92,57.0,49.55,78.62,0,DS3
75.18,73.92,73.0,49.55,78.62,0,DS3
75.18,73.92,51.0,49.55,78.62,0,DS3
75.18,73.92,71.0,49.55,78.62,0,DS3
75.18,73.92,85.0,49.55,78.62,0,DS3
75.18,73.92,62.0,49.55,78.62,0,DS3
75.18,73.92,91.0,49.55,78.62,0,DS3
75.18,73.92,53.0,49.55,78.62,0,DS3
75.18,73.92,52.0,49.55,78.62,0,DS3
75.18,73.92,51.0,49.55,78.62,0,DS3
75.18,73.92,64.0,49.55,78.62,0,DS3
75.18,73.92,73.0,49.55,78.62,0,DS3
75.18,73.92,55.0,49.55,78.62,0,DS3
75.18,73.92,100.0,49.55,78.62,0,DS3
75.18,73.92,100.0,49.55,78.62,0,DS3
75.18,73.92,76.0,49.55,78.62,0,DS3
75.18,73.92,78.0,49.55,78.62,0,DS3
75.18,73.92,96.0,49.55,78.62,0,DS3
75.18,73.92,88.0,49.55,78.62,0,DS3
75.18,73.92,58.0,49.55,78.62,0,DS3
75.18,73.92,90.0,49.55,78.62,0,DS3
75.18,73.92,62.0,49.55,78.62,0,DS3
75.18,73.92,72.0,49.55,78.62,0,DS3
75.18,73.92,77.0,49.55,78.62,0,DS3
75.18,73.92,86.0,49.55,78.62,0,DS3
75.18,73.92,58.0,49.55,78.62,0,DS3
75.18,73.92,54.0,49.55,78.62,0,DS3
75.18,73.92,93.0,49.55,78.62,0,DS3
75.18,73.92,91.0,49.55,78.62,0,DS3
75.18,73.92,76.0,49.55,78.62,0,DS3
75.18,73.92,83.0,49.55,78.62,0,DS3
75.18,73.92,86.0,49.55,78.62,0,DS3
75.18,73.92,74.0,49.55,78.62,0,DS3
75.18,73.92,63.0,49.55,78.62,0,DS3
75.18,73.92,74.0,49.55,78.62,0,DS3
75.18,73.92,98.0,49.55,78.62,0,DS3
75.18,73.92,92.0,49.55,78.62,0,DS3
75.18,73.92,73.0,49.55,78.62,0,DS3
75.18,73.92,61.0,49.55,78.62,0,DS3
75.18,73.92,94.0,49.55,78.62,0,DS3
75.18,73.92,82.0,49.55,78.62,0,DS3
75.18,73.92,70.0,49.55,78.62,0,DS3
75.18,73.92,56.0,49.55,78.62,0,DS3
75.18,73.92,88.0,49.55,78.62,0,DS3
75.18,73.92,66.0,49.55,78.62,0,DS3
75.18,73.92,80.0,49.55,78.62,0,DS3
75.18,73.92,78.0,49.55,78.62,0,DS3
75.18,73.92,85.0,49.55,78.62,0,DS3
75.18,73.92,77.0,49.55,78.62,0,DS3
75.18,73.92,82.0,49.55,78.62,0,DS3
75.18,73.92,54.0,49.55,78.62,0,DS3
75.18,73.92,83.0,49.55,78.62,0,DS3
75.18,73.92,60.0,49.55,78.62,0,DS3
75.18,73.92,70.0,49.55,78.62,0,DS3
75.18,73.92,76.0,49.55,78.62,0,DS3
75.18,73.92,84.0,49.55,78.62,0,DS3
75.18,73.92,87.0,49.55,78.62,0,DS3
75.18,73.92,85.0,49.55,78.62,0,DS3
75.18,73.92,55.0,49.55,78.62,0,DS3
75.18,73.92,69.0,49.55,78.62,0,DS3
75.18,73.92,64.0,49.55,78.62,0,DS3
75.18,73.92,70.0,49.55,78.62,0,DS3
75.18,73.92,82.0,49.55,78.62,0,DS3
75.18,73.92,60.0,49.55,78.62,0,DS3
75.18,73.92,75.0,49.55,78.62,0,DS3
75.18,73.92,94.0,49.55,78.62,0,DS3
75.18,73.92,87.0,49.55,78.62,0,DS3
75.18,73.92,86.0,49.55,78.62,0,DS3
75.18,73.92,92.0,49.55,78.62,0,DS3
75.18,73.92,70.0,49.55,78.62,0,DS3
75.18,73.92,88.0,49.55,78.62,0,DS3
75.18,73.92,53.0,49.55,78.62,0,DS3
75.18,73.92,53.0,49.55,78.62,0,DS3
75.18,73.92,67.0,49.55,78.62,0,DS3
75.18,73.92,60.0,49.55,78.62,0,DS3
75.18,73.92,76.0,49.55,78.62,0,DS3
75.18,73.92,59.0,49.55,78.62,0,DS3
75.18,73.92,99.0,49.55,78.62,0,DS3
75.18,73.92,93.0,49.55,78.62,0,DS3
75.18,73.92,99.0,49.55,78.62,0,DS3
75.18,73.92,90.0,49.55,78.62,0,DS3
75.18,73.92,98.0,49.55,78.62,0,DS3
75.18,73.92,68.0,49.55,78.62,0,DS3
75.18,73.92,75.0,49.55,78.62,0,DS3
75.18,73.92,62.0,49.55,78.62,0,DS3
75.18,73.92,82.0,49.55,78.62,0,DS3
75.18,73.92,89.0,49.55,78.62,0,DS3
75.18,73.92,75.0,49.55,78.62,0,DS3
75.18,73.92,65.0,49.55,78.62,0,DS3
75.18,73.92,75.0,49.55,78.62,0,DS3
75.18,73.92,53.0,49.55,78.62,0,DS3
75.18,73.92,86.0,49.55,78.62,0,DS3
75.18,73.92,73.0,49.55,78.62,0,DS3
75.18,73.92,95.0,49.55,78.62,0,DS3
75.18,73.92,96.0,49.55,78.62,0,DS3
75.18,73.92,56.0,49.55,78.62,0,DS3
75.18,73.92,100.0,49.55,78.62,0,DS3
75.18,73.92,98.0,49.55,78.62,0,DS3
75.18,73.92,81.0,49.55,78.62,0,DS3
75.18,73.92,91.0,49.55,78.62,0,DS3
75.18,73.92,51.0,49.55,78.62,0,DS3
75.18,73.92,99.0,49.55,78.62,0,DS3
75.18,73.92,73.0,49.55,78.62,0,DS3
75.18,73.92,95.0,49.55,78.62,0,DS3
75.18,73.92,69.0,49.55,78.62,0,DS3
75.18,73.92,89.0,49.55,78.62,0,DS3
75.18,73.92,71.0,49.55,78.62,0,DS3
75.18,73.92,68.0,49.55,78.62,0,DS3
75.18,73.92,97.0,49.55,78.62,0,DS3
75.18,73.92,85.0,49.55,78.62,0,DS3
75.18,73.92,92.0,49.55,78.62,0,DS3
75.18,73.92,77.0,49.55,78.62,0,DS3
75.18,73.92,96.0,49.55,78.62,0,DS3
75.18,73.92,87.0,49.55,78.62,0,DS3
75.18,73.92,54.0,49.55,78.62,0,DS3
75.18,73.92,88.0,49.55,78.62,0,DS3
75.18,73.92,51.0,49.55,78.62,0,DS3
75.18,73.92,91.0,49.55,78.62,0,DS3
75.18,73.92,67.0,49.55,78.62,0,DS3
75.18,73.92,80.0,49.55,78.62,0,DS3
75.18,73.92,87.0,49.55,78.62,0,DS3
75.18,73.92,82.0,49.55,78.62,0,DS3
75.18,73.92,84.0,49.55,78.62,0,DS3
75.18,73.92,95.0,49.55,78.62,0,DS3
75.18,73.92,69.0,49.55,78.62,0,DS3
75.18,73.92,77.0,49.55,78.62,0,DS3
75.18,73.92,59.0,49.55,78.62,0,DS3
75.18,73.92,73.0,49.55,78.62,0,DS3
75.18,73.92,58.0,49.55,78.62,0,DS3
75.18,73.92,82.0,49.55,78.62,0,DS3
75.18,73.92,66.0,49.55,78.62,0,DS3
75.18,73.92,93.0,49.55,78.62,0,DS3
75.18,73.92,67.0,49.55,78.62,0,DS3
75.18,73.92,64.0,49.55,78.62,0,DS3
75.18,73.92,75.0,49.55,78.62,0,DS3
75.18,73.92,59.0,49.55,78.62,0,DS3
75.18,73.92,60.0,49.55,78.62,0,DS3
75.18,73.92,89.0,49.55,78.62,0,DS3
75.18,73.92,75.0,49.55,78.62,0,DS3
75.18,73.92,60.0,49.55,78.62,0,DS3
75.18,73.92,52.0,49.55,78.62,0,DS3
75.18,73.92,73.0,49.55,78.62,0,DS3
75.18,73.92,87.0,49.55,78.62,0,DS3
75.18,73.92,68.0,49.55,78.62,0,DS3
75.18,73.92,62.0,49.55,78.62,0,DS3
75.18,73.92,70.0,49.55,78.62,0,DS3
75.18,73.92,98.0,49.55,78.62,0,DS3
75.18,73.92,71.0,49.55,78.62,0,DS3
75.18,73.92,63.0,49.55,78.62,0,DS3
75.18,73.92,78.0,49.55,78.62,0,DS3
75.18,73.92,91.0,49.55,78.62,0,DS3
75.18,73.92,51.0,49.55,78.62,0,DS3
75.18,73.92,78.0,49.55,78.62,0,DS3
75.18,73.92,92.0,49.55,78.62,0,DS3
75.18,73.92,61.0,49.55,78.62,0,DS3
75.18,73.92,96.0,49.55,78.62,0,DS3
75.18,73.92,79.0,49.55,78.62,0,DS3
75.18,73.92,76.0,49.55,78.62,0,DS3
75.18,73.92,98.0,49.55,78.62,0,DS3
75.18,73.92,56.0,49.55,78.62,0,DS3
75.18,73.92,87.0,49.55,78.62,0,DS3
75.18,73.92,91.0,49.55,78.62,0,DS3
75.18,73.92,74.0,49.55,78.62,0,DS3
75.18,73.92,50.0,49.55,78.62,0,DS3
75.18,73.92,76.0,49.55,78.62,0,DS3
75.18,73.92,58.0,49.55,78.62,0,DS3
75.18,73.92,78.0,49.55,78.62,0,DS3
75.18,73.92,87.0,49.55,78.62,0,DS3
75.18,73.92,77.0,49.55,78.62,0,DS3
75.18,73.92,82.0,49.55,78.62,0,DS3
75.18,73.92,55.0,49.55,78.62,0,DS3
75.18,73.92,55.0,49.55,78.62,0,DS3
75.18,73.92,93.0,49.55,78.62,0,DS3
75.18,73.92,52.0,49.55,78.62,0,DS3
75.18,73.92,64.0,49.55,78.62,0,DS3
75.18,73.92,97.0,49.55,78.62,0,DS3
75.18,73.92,73.0,49.55,78.62,0,DS3
75.18,73.92,84.0,49.55,78.62,0,DS3
75.18,73.92,61.0,49.55,78.62,0,DS3
75.18,73.92,64.0,49.55,78.62,0,DS3
75.18,73.92,75.0,49.55,78.62,0,DS3
75.18,73.92,82.0,49.55,78.62,0,DS3
75.18,73.92,98.0,49.55,78.62,0,DS3
75.18,73.92,79.0,49.55,78.62,0,DS3
75.18,73.92,55.0,49.55,78.62,0,DS3
75.18,73.92,68.0,49.55,78.62,0,DS3
75.18,73.92,62.0,49.55,78.62,0,DS3
75.18,73.92,63.0,49.55,78.62,0,DS3
75.18,73.92,75.0,49.55,78.62,0,DS3
75.18,73.92,66.0,49.55,78.62,0,DS3
75.18,73.92,64.0,49.55,78.62,0,DS3
75.18,73.92,98.0,49.55,78.62,0,DS3
75.18,73.92,79.0,49.55,78.62,0,DS3
75.18,73.92,63.0,49.55,78.62,0,DS3
75.18,73.92,64.0,49.55,78.62,0,DS3
75.18,73.92,91.0,49.55,78.62,0,DS3
75.18,73.92,94.0,49.55,78.62,0,DS3
75.18,73.92,84.0,49.55,78.62,0,DS3
75.18,73.92,72.0,49.55,78.62,0,DS3
75.18,73.92,88.0,49.55,78.62,0,DS3
75.18,73.92,97.0,49.55,78.62,0,DS3
75.18,73.92,58.0,49.55,78.62,0,DS3
75.18,73.92,93.0,49.55,78.62,0,DS3
75.18,73.92,92.0,49.55,78.62,0,DS3
75.18,73.92,68.0,49.55,78.62,0,DS3
75.18,73.92,65.0,49.55,78.62,0,DS3
75.18,73.92,78.0,49.55,78.62,0,DS3
75.18,73.92,64.0,49.55,78.62,0,DS3
75.18,73.92,57.0,49.55,78.62,0,DS3
75.18,73.92,98.0,49.55,78.62,0,DS3
75.18,73.92,75.0,49.55,78.62,0,DS3
75.18,73.92,74.0,49.55,78.62,0,DS3
75.18,73.92,56.0,49.55,78.62,0,DS3
75.18,73.92,75.0,49.55,78.62,0,DS3
75.18,73.92,87.0,49.55,78.62,0,DS3
75.18,73.92,62.0,49.55,78.62,0,DS3
75.18,73.92,68.0,49.55,78.62,0,DS3
75.18,73.92,59.0,49.55,78.62,0,DS3
75.18,73.92,68.0,49.55,78.62,0,DS3
75.18,73.92,93.0,49.55,78.62,0,DS3
75.18,73.92,62.0,49.55,78.62,0,DS3
75.18,73.92,51.0,49.55,78.62,0,DS3
75.18,73.92,77.0,49.55,78.62,0,DS3
75.18,73.92,79.0,49.55,78.62,0,DS3
75.18,73.92,66.0,49.55,78.62,0,DS3
75.18,73.92,82.0,49.55,78.62,0,DS3
75.18,73.92,52.0,49.55,78.62,0,DS3
75.18,73.92,67.0,49.55,78.62,0,DS3
75.18,73.92,57.0,49.55,78.62,0,DS3
75.18,73.92,61.0,49.55,78.62,0,DS3
75.18,73.92,69.0,49.55,78.62,0,DS3
75.18,73.92,75.0,49.55,78.62,0,DS3
75.18,73.92,55.0,49.55,78.62,0,DS3
75.18,73.92,55.0,49.55,78.62,0,DS3
75.18,73.92,84.0,49.55,78.62,0,DS3
75.18,73.92,70.0,49.55,78.62,0,DS3
75.18,73.92,59.0,49.55,78.62,0,DS3
75.18,73.92,62.0,49.55,78.62,0,DS3
75.18,73.92,86.0,49.55,78.62,0,DS3
75.18,73.92,53.0,49.55,78.62,0,DS3
75.18,73.92,75.0,49.55,78.62,0,DS3
75.18,73.92,68.0,49.55,78.62,0,DS3
75.18,73.92,91.0,49.55,78.62,0,DS3
75.18,73.92,90.0,49.55,78.62,0,DS3
75.18,73.92,84.0,49.55,78.62,0,DS3
75.18,73.92,69.0,49.55,78.62,0,DS3
75.18,73.92,82.0,49.55,78.62,0,DS3
75.18,73.92,82.0,49.55,78.62,0,DS3
75.18,73.92,67.0,49.55,78.62,0,DS3
75.18,73.92,94.0,49.55,78.62,0,DS3
75.18,73.92,99.0,49.55,78.62,0,DS3
75.18,73.92,66.0,49.55,78.62,0,DS3
75.18,73.92,90.0,49.55,78.62,0,DS3
75.18,73.92,75.0,49.55,78.62,0,DS3
75.18,73.92,73.0,49.55,78.62,0,DS3
75.18,73.92,69.0,49.55,78.62,0,DS3
75.18,73.92,65.0,49.55,78.62,0,DS3
75.18,73.92,96.0,49.55,78.62,0,DS3
75.18,73.92,87.0,49.55,78.62,0,DS3
75.18,73.92,72.0,49.55,78.62,0,DS3
75.18,73.92,88.0,49.55,78.62,0,DS3
75.18,73.92,86.0,49.55,78.62,0,DS3
75.18,73.92,63.0,49.55,78.62,0,DS3
75.18,73.92,59.0,49.55,78.62,0,DS3
75.18,73.92,92.0,49.55,78.62,0,DS3
75.18,73.92,91.0,49.55,78.62,0,DS3
75.18,73.92,100.0,49.55,78.62,0,DS3
75.18,73.92,51.0,49.55,78.62,0,DS3
75.18,73.92,77.0,49.55,78.62,0,DS3
75.18,73.92,85.0,49.55,78.62,0,DS3
75.18,73.92,79.0,49.55,78.62,0,DS3
75.18,73.92,86.0,49.55,78.62,0,DS3
75.18,73.92,57.0,49.55,78.62,0,DS3
75.18,73.92,50.0,49.55,78.62,0,DS3
75.18,73.92,55.0,49.55,78.62,0,DS3
75.18,73.92,69.0,49.55,78.62,0,DS3
75.18,73.92,66.0,49.55,78.62,0,DS3
75.18,73.92,94.0,49.55,78.62,0,DS3
75.18,73.92,54.0,49.55,78.62,0,DS3
75.18,73.92,72.0,49.55,78.62,0,DS3
75.18,73.92,98.0,49.55,78.62,0,DS3
75.18,73.92,75.0,49.55,78.62,0,DS3
75.18,73.92,57.0,49.55,78.62,0,DS3
75.18,73.92,65.0,49.55,78.62,0,DS3
75.18,73.92,81.0,49.55,78.62,0,DS3
75.18,73.92,51.0,49.55,78.62,0,DS3
75.18,73.92,98.0,49.55,78.62,0,DS3
75.18,73.92,78.0,49.55,78.62,0,DS3
75.18,73.92,85.0,49.55,78.62,0,DS3
75.18,73.92,75.0,49.55,78.62,0,DS3
75.18,73.92,98.0,49.55,78.62,0,DS3
75.18,73.92,79.0,49.55,78.62,0,DS3
75.18,73.92,83.0,49.55,78.62,0,DS3
75.18,73.92,93.0,49.55,78.62,0,DS3
75.18,73.92,93.0,49.55,78.62,0,DS3
75.18,73.92,51.0,49.55,78.62,0,DS3
75.18,73.92,64.0,49.55,78.62,0,DS3
75.18,73.92,62.0,49.55,78.62,0,DS3
75.18,73.92,50.0,49.55,78.62,0,DS3
75.18,73.92,94.0,49.55,78.62,0,DS3
75.18,73.92,66.0,49.55,78.62,0,DS3
75.18,73.92,67.0,49.55,78.62,0,DS3
75.18,73.92,55.0,49.55,78.62,0,DS3
75.18,73.92,99.0,49.55,78.62,0,DS3
75.18,73.92,91.0,49.55,78.62,0,DS3
75.18,73.92,79.0,49.55,78.62,0,DS3
75.18,73.92,89.0,49.55,78.62,0,DS3
75.18,73.92,89.0,49.55,78.62,0,DS3
75.18,73.92,83.0,49.55,78.62,0,DS3
75.18,73.92,59.0,49.55,78.62,0,DS3
75.18,73.92,86.0,49.55,78.62,0,DS3
75.18,73.92,78.0,49.55,78.62,0,DS3
75.18,73.92,86.0,49.55,78.62,0,DS3
75.18,73.92,77.0,49.55,78.62,0,DS3
75.18,73.92,98.0,49.55,78.62,0,DS3
75.18,73.92,81.0,49.55,78.62,0,DS3
75.18,73.92,79.0,49.55,78.62,0,DS3
75.18,73.92,92.0,49.55,78.62,0,DS3
75.18,73.92,69.0,49.55,78.62,0,DS3
75.18,73.92,66.0,49.55,78.62,0,DS3
75.18,73.92,75.0,49.55,78.62,0,DS3
75.18,73.92,79.0,49.55,78.62,0,DS3
75.18,73.92,61.0,49.55,78.62,0,DS3
75.18,73.92,84.0,49.55,78.62,0,DS3
75.18,73.92,90.0,49.55,78.62,0,DS3
75.18,73.92,79.0,49.55,78.62,0,DS3
75.18,73.92,76.0,49.55,78.62,0,DS3
75.18,73.92,65.0,49.55,78.62,0,DS3
75.18,73.92,95.0,49.55,78.62,0,DS3
75.18,73.92,88.0,49.55,78.62,0,DS3
75.18,73.92,74.0,49.55,78.62,0,DS3
75.18,73.92,83.0,49.55,78.62,0,DS3
75.18,73.92,67.0,49.55,78.62,0,DS3
75.18,73.92,53.0,49.55,78.62,0,DS3
75.18,73.92,60.0,49.55,78.62,0,DS3
75.18,73.92,54.0,49.55,78.62,0,DS3
75.18,73.92,75.0,49.55,78.62,0,DS3
75.18,73.92,81.0,49.55,78.62,0,DS3
75.18,73.92,69.0,49.55,78.62,0,DS3
75.18,73.92,77.0,49.55,78.62,0,DS3
75.18,73.92,54.0,49.55,78.62,0,DS3
75.18,73.92,88.0,49.55,78.62,0,DS3
75.18,73.92,52.0,49.55,78.62,0,DS3
75.18,73.92,82.0,49.55,78.62,0,DS3
75.18,73.92,72.0,49.55,78.62,0,DS3
75.18,73.92,59.0,49.55,78.62,0,DS3
75.18,73.92,76.0,49.55,78.62,0,DS3
75.18,73.92,89.0,49.55,78.62,0,DS3
75.18,73.92,71.0,49.55,78.62,0,DS3
75.18,73.92,68.0,49.55,78.62,0,DS3
75.18,73.92,57.0,49.55,78.62,0,DS3
75.18,73.92,80.0,49.55,78.62,0,DS3
75.18,73.92,91.0,49.55,78.62,0,DS3
75.18,73.92,78.0,49.55,78.62,0,DS3
75.18,73.92,58.0,49.55,78.62,0,DS3
75.18,73.92,83.0,49.55,78.62,0,DS3
75.18,73.92,52.0,49.55,78.62,0,DS3
75.18,73.92,92.0,49.55,78.62,0,DS3
75.18,73.92,96.0,49.55,78.62,0,DS3
75.18,73.92,80.0,49.55,78.62,0,DS3
75.18,73.92,94.0,49.55,78.62,0,DS3
75.18,73.92,54.0,49.55,78.62,0,DS3
75.18,73.92,61.0,49.55,78.62,0,DS3
75.18,73.92,66.0,49.55,78.62,0,DS3
75.18,73.92,89.0,49.55,78.62,0,DS3
75.18,73.92,74.0,49.55,78.62,0,DS3
75.18,73.92,67.0,49.55,78.62,0,DS3
75.18,73.92,58.0,49.55,78.62,0,DS3
75.18,73.92,91.0,49.55,78.62,0,DS3
75.18,73.92,51.0,49.55,78.62,0,DS3
75.18,73.92,67.0,49.55,78.62,0,DS3
75.18,73.92,62.0,49.55,78.62,0,DS3
75.18,73.92,56.0,49.55,78.62,0,DS3
75.18,73.92,59.0,49.55,78.62,0,DS3
75.18,73.92,75.0,49.55,78.62,0,DS3
75.18,73.92,71.0,49.55,78.62,0,DS3
75.18,73.92,76.0,49.55,78.62,0,DS3
75.18,73.92,86.0,49.55,78.62,0,DS3
75.18,73.92,95.0,49.55,78.62,0,DS3
75.18,73.92,56.0,49.55,78.62,0,DS3
75.18,73.92,54.0,49.55,78.62,0,DS3
75.18,73.92,66.0,49.55,78.62,0,DS3
75.18,73.92,77.0,49.55,78.62,0,DS3
75.18,73.92,55.0,49.55,78.62,0,DS3
75.18,73.92,86.0,49.55,78.62,0,DS3
75.18,73.92,78.0,49.55,78.62,0,DS3
75.18,73.92,87.0,49.55,78.62,0,DS3
75.18,73.92,68.0,49.55,78.62,0,DS3
75.18,73.92,70.0,49.55,78.62,0,DS3
75.18,73.92,90.0,49.55,78.62,0,DS3
75.18,73.92,63.0,49.55,78.62,0,DS3
75.18,73.92,69.0,49.55,78.62,0,DS3
75.18,73.92,51.0,49.55,78.62,0,DS3
75.18,73.92,78.0,49.55,78.62,0,DS3
75.18,73.92,93.0,49.55,78.62,0,DS3
75.18,73.92,51.0,49.55,78.62,0,DS3
75.18,73.92,81.0,49.55,78.62,0,DS3
75.18,73.92,92.0,49.55,78.62,0,DS3
75.18,73.92,75.0,49.55,78.62,0,DS3
75.18,73.92,66.0,49.55,78.62,0,DS3
75.18,73.92,100.0,49.55,78.62,0,DS3
75.18,73.92,53.0,49.55,78.62,0,DS3
75.18,73.92,61.0,49.55,78.62,0,DS3
75.18,73.92,94.0,49.55,78.62,0,DS3
75.18,73.92,65.0,49.55,78.62,0,DS3
75.18,73.92,91.0,49.55,78.62,0,DS3
75.18,73.92,67.0,49.55,78.62,0,DS3
75.18,73.92,91.0,49.55,78.62,0,DS3
75.18,73.92,84.0,49.55,78.62,0,DS3
75.18,73.92,73.0,49.55,78.62,0,DS3
75.18,73.92,76.0,49.55,78.62,0,DS3
75.18,73.92,59.0,49.55,78.62,0,DS3
75.18,73.92,56.0,49.55,78.62,0,DS3
75.18,73.92,86.0,49.55,78.62,0,DS3
75.18,73.92,92.0,49.55,78.62,0,DS3
75.18,73.92,86.0,49.55,78.62,0,DS3
75.18,73.92,96.0,49.55,78.62,0,DS3
75.18,73.92,95.0,49.55,78.62,0,DS3
75.18,73.92,89.0,49.55,78.62,0,DS3
75.18,73.92,95.0,49.55,78.62,0,DS3
75.18,73.92,58.0,49.55,78.62,0,DS3
75.18,73.92,87.0,49.55,78.62,0,DS3
75.18,73.92,88.0,49.55,78.62,0,DS3
75.18,73.92,58.0,49.55,78.62,0,DS3
75.18,73.92,95.0,49.55,78.62,0,DS3
75.18,73.92,50.0,49.55,78.62,0,DS3
75.18,73.92,72.0,49.55,78.62,0,DS3
75.18,73.92,51.0,49.55,78.62,0,DS3
75.18,73.92,76.0,49.55,78.62,0,DS3
75.18,73.92,71.0,49.55,78.62,0,DS3
75.18,73.92,81.0,49.55,78.62,0,DS3
75.18,73.92,88.0,49.55,78.62,0,DS3
75.18,73.92,88.0,49.55,78.62,0,DS3
75.18,73.92,86.0,49.55,78.62,0,DS3
75.18,73.92,55.0,49.55,78.62,0,DS3
75.18,73.92,71.0,49.55,78.62,0,DS3
75.18,73.92,91.0,49.55,78.62,0,DS3
75.18,73.92,83.0,49.55,78.62,0,DS3
75.18,73.92,84.0,49.55,78.62,0,DS3
75.18,73.92,61.0,49.55,78.62,0,DS3
75.18,73.92,66.0,49.55,78.62,0,DS3
75.18,73.92,98.0,49.55,78.62,0,DS3
75.18,73.92,92.0,49.55,78.62,0,DS3
75.18,73.92,58.0,49.55,78.62,0,DS3
75.18,73.92,77.0,49.55,78.62,0,DS3
75.18,73.92,75.0,49.55,78.62,0,DS3
75.18,73.92,72.0,49.55,78.62,0,DS3
75.18,73.92,74.0,49.55,78.62,0,DS3
75.18,73.92,82.0,49.55,78.62,0,DS3
75.18,73.92,98.0,49.55,78.62,0,DS3
75.18,73.92,94.0,49.55,78.62,0,DS3
75.18,73.92,94.0,49.55,78.62,0,DS3
75.18,73.92,85.0,49.55,78.62,0,DS3
75.18,73.92,51.0,49.55,78.62,0,DS3
75.18,73.92,72.0,49.55,78.62,0,DS3
75.18,73.92,76.0,49.55,78.62,0,DS3
75.18,73.92,92.0,49.55,78.62,0,DS3
75.18,73.92,96.0,49.55,78.62,0,DS3
75.18,73.92,73.0,49.55,78.62,0,DS3
75.18,73.92,65.0,49.55,78.62,0,DS3
75.18,73.92,67.0,49.55,78.62,0,DS3
75.18,73.92,79.0,49.55,78.62,0,DS3
75.18,73.92,64.0,49.55,78.62,0,DS3
75.18,73.92,96.0,49.55,78.62,0,DS3
75.18,73.92,71.0,49.55,78.62,0,DS3
75.18,73.92,100.0,49.55,78.62,0,DS3
75.18,73.92,55.0,49.55,78.62,0,DS3
75.18,73.92,59.0,49.55,78.62,0,DS3
75.18,73.92,76.0,49.55,78.62,0,DS3
75.18,73.92,93.0,49.55,78.62,0,DS3
75.18,73.92,68.0,49.55,78.62,0,DS3
75.18,73.92,92.0,49.55,78.62,0,DS3
75.18,73.92,71.0,49.55,78.62,0,DS3
75.18,73.92,93.0,49.55,78.62,0,DS3
75.18,73.92,64.0,49.55,78.62,0,DS3
75.18,73.92,74.0,49.55,78.62,0,DS3
75.18,73.92,64.0,49.55,78.62,0,DS3
75.18,73.92,61.0,49.55,78.62,0,DS3
75.18,73.92,71.0,49.55,78.62,0,DS3
75.18,73.92,67.0,49.55,78.62,0,DS3
75.18,73.92,89.0,49.55,78.62,0,DS3
75.18,73.92,87.0,49.55,78.62,0,DS3
75.18,73.92,68.0,49.55,78.62,0,DS3
75.18,73.92,100.0,49.55,78.62,0,DS3
75.18,73.92,99.0,49.55,78.62,0,DS3
75.18,73.92,96.0,49.55,78.62,0,DS3
75.18,73.92,79.0,49.55,78.62,0,DS3
75.18,73.92,71.0,49.55,78.62,0,DS3
75.18,73.92,66.0,49.55,78.62,0,DS3
75.18,73.92,51.0,49.55,78.62,0,DS3
75.18,73.92,82.0,49.55,78.62,0,DS3
75.18,73.92,78.0,49.55,78.62,0,DS3
75.18,73.92,81.0,49.55,78.62,0,DS3
75.18,73.92,79.0,49.55,78.62,0,DS3
75.18,73.92,57.0,49.55,78.62,0,DS3
75.18,73.92,85.0,49.55,78.62,0,DS3
75.18,73.92,68.0,49.55,78.62,0,DS3
75.18,73.92,76.0,49.55,78.62,0,DS3
75.18,73.92,68.0,49.55,78.62,0,DS3
75.18,73.92,51.0,49.55,78.62,0,DS3
75.18,73.92,94.0,49.55,78.62,0,DS3
75.18,73.92,57.0,49.55,78.62,0,DS3
75.18,73.92,79.0,49.55,78.62,0,DS3
75.18,73.92,94.0,49.55,78.62,0,DS3
75.18,73.92,61.0,49.55,78.62,0,DS3
75.18,73.92,71.0,49.55,78.62,0,DS3
75.18,73.92,69.0,49.55,78.62,0,DS3
75.18,73.92,54.0,49.55,78.62,0,DS3
75.18,73.92,71.0,49.55,78.62,0,DS3
75.18,73.92,74.0,49.55,78.62,0,DS3
75.18,73.92,51.0,49.55,78.62,0,DS3
75.18,73.92,74.0,49.55,78.62,0,DS3
75.18,73.92,55.0,49.55,78.62,0,DS3
75.18,73.92,95.0,49.55,78.62,0,DS3
75.18,73.92,83.0,49.55,78.62,0,DS3
75.18,73.92,53.0,49.55,78.62,0,DS3
75.18,73.92,91.0,49.55,78.62,0,DS3
75.18,73.92,68.0,49.55,78.62,0,DS3
75.18,73.92,61.0,49.55,78.62,0,DS3
75.18,73.92,63.0,49.55,78.62,0,DS3
75.18,73.92,80.0,49.55,78.62,0,DS3
75.18,73.92,54.0,49.55,78.62,0,DS3
75.18,73.92,53.0,49.55,78.62,0,DS3
75.18,73.92,81.0,49.55,78.62,0,DS3
75.18,73.92,99.0,49.55,78.62,0,DS3
75.18,73.92,74.0,49.55,78.62,0,DS3
75.18,73.92,71.0,49.55,78.62,0,DS3
75.18,73.92,97.0,49.55,78.62,0,DS3
75.18,73.92,62.0,49.55,78.62,0,DS3
75.18,73.92,62.0,49.55,78.62,0,DS3
75.18,73.92,95.0,49.55,78.62,0,DS3
75.18,73.92,82.0,49.55,78.62,0,DS3
75.18,73.92,53.0,49.55,78.62,0,DS3
75.18,73.92,84.0,49.55,78.62,0,DS3
75.18,73.92,91.0,49.55,78.62,0,DS3
75.18,73.92,64.0,49.55,78.62,0,DS3
75.18,73.92,69.0,49.55,78.62,0,DS3
75.18,73.92,60.0,49.55,78.62,0,DS3
75.18,73.92,82.0,49.55,78.62,0,DS3
75.18,73.92,83.0,49.55,78.62,0,DS3
75.18,73.92,53.0,49.55,78.62,0,DS3
75.18,73.92,84.0,49.55,78.62,0,DS3
75.18,73.92,83.0,49.55,78.62,0,DS3
75.18,73.92,52.0,49.55,78.62,0,DS3
75.18,73.92,78.0,49.55,78.62,0,DS3
75.18,73.92,81.0,49.55,78.62,0,DS3
75.18,73.92,72.0,49.55,78.62,0,DS3
75.18,73.92,95.0,49.55,78.62,0,DS3
75.18,73.92,66.0,49.55,78.62,0,DS3
75.18,73.92,53.0,49.55,78.62,0,DS3
75.18,73.92,84.0,49.55,78.62,0,DS3
75.18,73.92,80.0,49.55,78.62,0,DS3
75.18,73.92,99.0,49.55,78.62,0,DS3
75.18,73.92,62.0,49.55,78.62,0,DS3
75.18,73.92,70.0,49.55,78.62,0,DS3
75.18,73.92,73.0,49.55,78.62,0,DS3
75.18,73.92,93.0,49.55,78.62,0,DS3
75.18,73.92,71.0,49.55,78.62,0,DS3
75.18,73.92,89.0,49.55,78.62,0,DS3
75.18,73.92,58.0,49.55,78.62,0,DS3
75.18,73.92,70.0,49.55,78.62,0,DS3
75.18,73.92,58.0,49.55,78.62,0,DS3
75.18,73.92,97.0,49.55,78.62,0,DS3
75.18,73.92,59.0,49.55,78.62,0,DS3
75.18,73.92,71.0,49.55,78.62,0,DS3
75.18,73.92,54.0,49.55,78.62,0,DS3
75.18,73.92,96.0,49.55,78.62,0,DS3
75.18,73.92,81.0,49.55,78.62,0,DS3
75.18,73.92,98.0,49.55,78.62,0,DS3
75.18,73.92,52.0,49.55,78.62,0,DS3
75.18,73.92,59.0,49.55,78.62,0,DS3
75.18,73.92,69.0,49.55,78.62,0,DS3
75.18,73.92,81.0,49.55,78.62,0,DS3
75.18,73.92,66.0,49.55,78.62,0,DS3
75.18,73.92,86.0,49.55,78.62,0,DS3
75.18,73.92,58.0,49.55,78.62,0,DS3
75.18,73.92,80.0,49.55,78.62,0,DS3
75.18,73.92,70.0,49.55,78.62,0,DS3
75.18,73.92,75.0,49.55,78.62,0,DS3
75.18,73.92,78.0,49.55,78.62,0,DS3
75.18,73.92,53.0,49.55,78.62,0,DS3
75.18,73.92,96.0,49.55,78.62,0,DS3
75.18,73.92,89.0,49.55,78.62,0,DS3
75.18,73.92,72.0,49.55,78.62,0,DS3
75.18,73.92,77.0,49.55,78.62,0,DS3
75.18,73.92,52.0,49.55,78.62,0,DS3
75.18,73.92,75.0,49.55,78.62,0,DS3
75.18,73.92,71.0,49.55,78.62,0,DS3
75.18,73.92,69.0,49.55,78.62,0,DS3
75.18,73.92,91.0,49.55,78.62,0,DS3
75.18,73.92,59.0,49.55,78.62,0,DS3
75.18,73.92,59.0,49.55,78.62,0,DS3
75.18,73.92,76.0,49.55,78.62,0,DS3
75.18,73.92,84.0,49.55,78.62,0,DS3
75.18,73.92,51.0,49.55,78.62,0,DS3
75.18,73.92,77.0,49.55,78.62,0,DS3
75.18,73.92,65.0,49.55,78.62,0,DS3
75.18,73.92,88.0,49.55,78.62,0,DS3
75.18,73.92,73.0,49.55,78.62,0,DS3
75.18,73.92,92.0,49.55,78.62,0,DS3
75.18,73.92,70.0,49.55,78.62,0,DS3
75.18,73.92,91.0,49.55,78.62,0,DS3
75.18,73.92,86.0,49.55,78.62,0,DS3
75.18,73.92,91.0,49.55,78.62,0,DS3
75.18,73.92,91.0,49.55,78.62,0,DS3
75.18,73.92,74.0,49.55,78.62,0,DS3
75.18,73.92,68.0,49.55,78.62,0,DS3
75.18,73.92,88.0,49.55,78.62,0,DS3
75.18,73.92,68.0,49.55,78.62,0,DS3
75.18,73.92,54.0,49.55,78.62,0,DS3
75.18,73.92,93.0,49.55,78.62,0,DS3
75.18,73.92,70.0,49.55,78.62,0,DS3
75.18,73.92,57.0,49.55,78.62,0,DS3
75.18,73.92,82.0,49.55,78.62,0,DS3
75.18,73.92,94.0,49.55,78.62,0,DS3
75.18,73.92,93.0,49.55,78.62,0,DS3
75.18,73.92,78.0,49.55,78.62,0,DS3
75.18,73.92,54.0,49.55,78.62,0,DS3
75.18,73.92,85.0,49.55,78.62,0,DS3
75.18,73.92,80.0,49.55,78.62,0,DS3
75.18,73.92,61.0,49.55,78.62,0,DS3
75.18,73.92,95.0,49.55,78.62,0,DS3
75.18,73.92,54.0,49.55,78.62,0,DS3
75.18,73.92,69.0,49.55,78.62,0,DS3
75.18,73.92,55.0,49.55,78.62,0,DS3
75.18,73.92,96.0,49.55,78.62,0,DS3
75.18,73.92,52.0,49.55,78.62,0,DS3
75.18,73.92,71.0,49.55,78.62,0,DS3
75.18,73.92,93.0,49.55,78.62,0,DS3
75.18,73.92,63.0,49.55,78.62,0,DS3
75.18,73.92,55.0,49.55,78.62,0,DS3
75.18,73.92,56.0,49.55,78.62,0,DS3
75.18,73.92,70.0,49.55,78.62,0,DS3
75.18,73.92,71.0,49.55,78.62,0,DS3
75.18,73.92,86.0,49.55,78.62,0,DS3
75.18,73.92,62.0,49.55,78.62,0,DS3
75.18,73.92,85.0,49.55,78.62,0,DS3
75.18,73.92,100.0,49.55,78.62,0,DS3
75.18,73.92,93.0,49.55,78.62,0,DS3
75.18,73.92,82.0,49.55,78.62,0,DS3
75.18,73.92,97.0,49.55,78.62,0,DS3
75.18,73.92,100.0,49.55,78.62,0,DS3
75.18,73.92,79.0,49.55,78.62,0,DS3
75.18,73.92,64.0,49.55,78.62,0,DS3
75.18,73.92,96.0,49.55,78.62,0,DS3
75.18,73.92,92.0,49.55,78.62,0,DS3
75.18,73.92,54.0,49.55,78.62,0,DS3
75.18,73.92,97.0,49.55,78.62,0,DS3
75.18,73.92,68.0,49.55,78.62,0,DS3
75.18,73.92,66.0,49.55,78.62,0,DS3
75.18,73.92,67.0,49.55,78.62,0,DS3
75.18,73.92,66.0,49.55,78.62,0,DS3
75.18,73.92,76.0,49.55,78.62,0,DS3
75.18,73.92,79.0,49.55,78.62,0,DS3
75.18,73.92,71.0,49.55,78.62,0,DS3
75.18,73.92,71.0,49.55,78.62,0,DS3
75.18,73.92,87.0,49.55,78.62,0,DS3
75.18,73.92,50.0,49.55,78.62,0,DS3
75.18,73.92,97.0,49.55,78.62,0,DS3
75.18,73.92,86.0,49.55,78.62,0,DS3
75.18,73.92,85.0,49.55,78.62,0,DS3
75.18,73.92,71.0,49.55,78.62,0,DS3
75.18,73.92,98.0,49.55,78.62,0,DS3
75.18,73.92,50.0,49.55,78.62,0,DS3
75.18,73.92,54.0,49.55,78.62,0,DS3
75.18,73.92,90.0,49.55,78.62,0,DS3
75.18,73.92,87.0,49.55,78.62,0,DS3
75.18,73.92,64.0,49.55,78.62,0,DS3
75.18,73.92,80.0,49.55,78.62,0,DS3
75.18,73.92,77.0,49.55,78.62,0,DS3
75.18,73.92,76.0,49.55,78.62,0,DS3
75.18,73.92,80.0,49.55,78.62,0,DS3
75.18,73.92,100.0,49.55,78.62,0,DS3
75.18,73.92,99.0,49.55,78.62,0,DS3
75.18,73.92,99.0,49.55,78.62,0,DS3
75.18,73.92,77.0,49.55,78.62,0,DS3
75.18,73.92,66.0,49.55,78.62,0,DS3
75.18,73.92,78.0,49.55,78.62,0,DS3
75.18,73.92,81.0,49.55,78.62,0,DS3
75.18,73.92,66.0,49.55,78.62,0,DS3
75.18,73.92,82.0,49.55,78.62,0,DS3
75.18,73.92,81.0,49.55,78.62,0,DS3
75.18,73.92,95.0,49.55,78.62,0,DS3
75.18,73.92,62.0,49.55,78.62,0,DS3
75.18,73.92,85.0,49.55,78.62,0,DS3
75.18,73.92,73.0,49.55,78.62,0,DS3
75.18,73.92,56.0,49.55,78.62,0,DS3
75.18,73.92,66.0,49.55,78.62,0,DS3
75.18,73.92,53.0,49.55,78.62,0,DS3
75.18,73.92,66.0,49.55,78.62,0,DS3
75.18,73.92,53.0,49.55,78.62,0,DS3
75.18,73.92,96.0,49.55,78.62,0,DS3
75.18,73.92,55.0,49.55,78.62,0,DS3
75.18,73.92,91.0,49.55,78.62,0,DS3
75.18,73.92,95.0,49.55,78.62,0,DS3
75.18,73.92,73.0,49.55,78.62,0,DS3
75.18,73.92,53.0,49.55,78.62,0,DS3
75.18,73.92,80.0,49.55,78.62,0,DS3
75.18,73.92,62.0,49.55,78.62,0,DS3
75.18,73.92,59.0,49.55,78.62,0,DS3
75.18,73.92,78.0,49.55,78.62,0,DS3
75.18,73.92,68.0,49.55,78.62,0,DS3
75.18,73.92,87.0,49.55,78.62,0,DS3
75.18,73.92,80.0,49.55,78.62,0,DS3
75.18,73.92,91.0,49.55,78.62,0,DS3
75.18,73.92,53.0,49.55,78.62,0,DS3
75.18,73.92,62.0,49.55,78.62,0,DS3
75.18,73.92,78.0,49.55,78.62,0,DS3
75.18,73.92,94.0,49.55,78.62,0,DS3
75.18,73.92,91.0,49.55,78.62,0,DS3
75.18,73.92,84.0,49.55,78.62,0,DS3
75.18,73.92,79.0,49.55,78.62,0,DS3
75.18,73.92,82.0,49.55,78.62,0,DS3
75.18,73.92,61.0,49.55,78.62,0,DS3
75.18,73.92,80.0,49.55,78.62,0,DS3
75.18,73.92,75.0,49.55,78.62,0,DS3
75.18,73.92,69.0,49.55,78.62,0,DS3
75.18,73.92,94.0,49.55,78.62,0,DS3
75.18,73.92,91.0,49.55,78.62,0,DS3
75.18,73.92,54.0,49.55,78.62,0,DS3
75.18,73.92,99.0,49.55,78.62,0,DS3
75.18,73.92,61.0,49.55,78.62,0,DS3
75.18,73.92,61.0,49.55,78.62,0,DS3
75.18,73.92,97.0,49.55,78.62,0,DS3
75.18,73.92,72.0,49.55,78.62,0,DS3
75.18,73.92,90.0,49.55,78.62,0,DS3
75.18,73.92,64.0,49.55,78.62,0,DS3
75.18,73.92,94.0,49.55,78.62,0,DS3
75.18,73.92,92.0,49.55,78.62,0,DS3
75.18,73.92,76.0,49.55,78.62,0,DS3
75.18,73.92,85.0,49.55,78.62,0,DS3
75.18,73.92,98.0,49.55,78.62,0,DS3
75.18,73.92,73.0,49.55,78.62,0,DS3
75.18,73.92,75.0,49.55,78.62,0,DS3
75.18,73.92,86.0,49.55,78.62,0,DS3
75.18,73.92,69.0,49.55,78.62,0,DS3
75.18,73.92,98.0,49.55,78.62,0,DS3
75.18,73.92,52.0,49.55,78.62,0,DS3
75.18,73.92,70.0,49.55,78.62,0,DS3
75.18,73.92,86.0,49.55,78.62,0,DS3
75.18,73.92,71.0,49.55,78.62,0,DS3
75.18,73.92,63.0,49.55,78.62,0,DS3
75.18,73.92,71.0,49.55,78.62,0,DS3
75.18,73.92,94.0,49.55,78.62,0,DS3
75.18,73.92,77.0,49.55,78.62,0,DS3
75.18,73.92,67.0,49.55,78.62,0,DS3
75.18,73.92,84.0,49.55,78.62,0,DS3
75.18,73.92,81.0,49.55,78.62,0,DS3
75.18,73.92,78.0,49.55,78.62,0,DS3
75.18,73.92,70.0,49.55,78.62,0,DS3
75.18,73.92,54.0,49.55,78.62,0,DS3
75.18,73.92,81.0,49.55,78.62,0,DS3
75.18,73.92,71.0,49.55,78.62,0,DS3
75.18,73.92,71.0,49.55,78.62,0,DS3
75.18,73.92,62.0,49.55,78.62,0,DS3
75.18,73.92,62.0,49.55,78.62,0,DS3
75.18,73.92,89.0,49.55,78.62,0,DS3
75.18,73.92,74.0,49.55,78.62,0,DS3
75.18,73.92,55.0,49.55,78.62,0,DS3
75.18,73.92,52.0,49.55,78.62,0,DS3
75.18,73.92,61.0,49.55,78.62,0,DS3
75.18,73.92,74.0,49.55,78.62,0,DS3
75.18,73.92,81.0,49.55,78.62,0,DS3
75.18,73.92,57.0,49.55,78.62,0,DS3
75.18,73.92,72.0,49.55,78.62,0,DS3
75.18,73.92,54.0,49.55,78.62,0,DS3
75.18,73.92,52.0,49.55,78.62,0,DS3
75.18,73.92,93.0,49.55,78.62,0,DS3
75.18,73.92,83.0,49.55,78.62,0,DS3
75.18,73.92,89.0,49.55,78.62,0,DS3
75.18,73.92,59.0,49.55,78.62,0,DS3
75.18,73.92,66.0,49.55,78.62,0,DS3
75.18,73.92,72.0,49.55,78.62,0,DS3
75.18,73.92,83.0,49.55,78.62,0,DS3
75.18,73.92,77.0,49.55,78.62,0,DS3
75.18,73.92,78.0,49.55,78.62,0,DS3
75.18,73.92,58.0,49.55,78.62,0,DS3
75.18,73.92,74.0,49.55,78.62,0,DS3
75.18,73.92,91.0,49.55,78.62,0,DS3
75.18,73.92,75.0,49.55,78.62,0,DS3
75.18,73.92,60.0,49.55,78.62,0,DS3
75.18,73.92,71.0,49.55,78.62,0,DS3
75.18,73.92,88.0,49.55,78.62,0,DS3
75.18,73.92,57.0,49.55,78.62,0,DS3
75.18,73.92,79.0,49.55,78.62,0,DS3
75.18,73.92,98.0,49.55,78.62,0,DS3
75.18,73.92,69.0,49.55,78.62,0,DS3
75.18,73.92,52.0,49.55,78.62,0,DS3
75.18,73.92,82.0,49.55,78.62,0,DS3
75.18,73.92,52.0,49.55,78.62,0,DS3
75.18,73.92,60.0,49.55,78.62,0,DS3
75.18,73.92,52.0,49.55,78.62,0,DS3
75.18,73.92,59.0,49.55,78.62,0,DS3
75.18,73.92,93.0,49.55,78.62,0,DS3
75.18,73.92,87.0,49.55,78.62,0,DS3
75.18,73.92,67.0,49.55,78.62,0,DS3
75.18,73.92,95.0,49.55,78.62,0,DS3
75.18,73.92,83.0,49.55,78.62,0,DS3
75.18,73.92,72.0,49.55,78.62,0,DS3
75.18,73.92,53.0,49.55,78.62,0,DS3
75.18,73.92,87.0,49.55,78.62,0,DS3
75.18,73.92,69.0,49.55,78.62,0,DS3
75.18,73.92,65.0,49.55,78.62,0,DS3
75.18,73.92,64.0,49.55,78.62,0,DS3
75.18,73.92,50.0,49.55,78.62,0,DS3
75.18,73.92,87.0,49.55,78.62,0,DS3
75.18,73.92,57.0,49.55,78.62,0,DS3
75.18,73.92,76.0,49.55,78.62,0,DS3
75.18,73.92,51.0,49.55,78.62,0,DS3
75.18,73.92,81.0,49.55,78.62,0,DS3
75.18,73.92,68.0,49.55,78.62,0,DS3
75.18,73.92,82.0,49.55,78.62,0,DS3
75.18,73.92,54.0,49.55,78.62,0,DS3
75.18,73.92,63.0,49.55,78.62,0,DS3
75.18,73.92,56.0,49.55,78.62,0,DS3
75.18,73.92,82.0,49.55,78.62,0,DS3
75.18,73.92,55.0,49.55,78.62,0,DS3
75.18,73.92,81.0,49.55,78.62,0,DS3
75.18,73.92,57.0,49.55,78.62,0,DS3
75.18,73.92,97.0,49.55,78.62,0,DS3
75.18,73.92,71.0,49.55,78.62,0,DS3
75.18,73.92,56.0,49.55,78.62,0,DS3
75.18,73.92,52.0,49.55,78.62,0,DS3
75.18,73.92,66.0,49.55,78.62,0,DS3
75.18,73.92,95.0,49.55,78.62,0,DS3
75.18,73.92,57.0,49.55,78.62,0,DS3
75.18,73.92,90.0,49.55,78.62,0,DS3
75.18,73.92,71.0,49.55,78.62,0,DS3
75.18,73.92,90.0,49.55,78.62,0,DS3
75.18,73.92,94.0,49.55,78.62,0,DS3
75.18,73.92,100.0,49.55,78.62,0,DS3
75.18,73.92,53.0,49.55,78.62,0,DS3
75.18,73.92,90.0,49.55,78.62,0,DS3
75.18,73.92,53.0,49.55,78.62,0,DS3
75.18,73.92,66.0,49.55,78.62,0,DS3
75.18,73.92,82.0,49.55,78.62,0,DS3
75.18,73.92,72.0,49.55,78.62,0,DS3
75.18,73.92,78.0,49.55,78.62,0,DS3
75.18,73.92,98.0,49.55,78.62,0,DS3
75.18,73.92,91.0,49.55,78.62,0,DS3
75.18,73.92,68.0,49.55,78.62,0,DS3
75.18,73.92,80.0,49.55,78.62,0,DS3
75.18,73.92,52.0,49.55,78.62,0,DS3
75.18,73.92,73.0,49.55,78.62,0,DS3
75.18,73.92,80.0,49.55,78.62,0,DS3
75.18,73.92,86.0,49.55,78.62,0,DS3
75.18,73.92,95.0,49.55,78.62,0,DS3
75.18,73.92,64.0,49.55,78.62,0,DS3
75.18,73.92,95.0,49.55,78.62,0,DS3
75.18,73.92,83.0,49.55,78.62,0,DS3
75.18,73.92,54.0,49.55,78.62,0,DS3
75.18,73.92,69.0,49.55,78.62,0,DS3
75.18,73.92,74.0,49.55,78.62,0,DS3
75.18,73.92,68.0,49.55,78.62,0,DS3
75.18,73.92,56.0,49.55,78.62,0,DS3
75.18,73.92,78.0,49.55,78.62,0,DS3
75.18,73.92,57.0,49.55,78.62,0,DS3
75.18,73.92,96.0,49.55,78.62,0,DS3
75.18,73.92,93.0,49.55,78.62,0,DS3
75.18,73.92,74.0,49.55,78.62,0,DS3
75.18,73.92,53.0,49.55,78.62,0,DS3
75.18,73.92,78.0,49.55,78.62,0,DS3
75.18,73.92,80.0,49.55,78.62,0,DS3
75.18,73.92,94.0,49.55,78.62,0,DS3
75.18,73.92,53.0,49.55,78.62,0,DS3
75.18,73.92,85.0,49.55,78.62,0,DS3
75.18,73.92,78.0,49.55,78.62,0,DS3
75.18,73.92,59.0,49.55,78.62,0,DS3
75.18,73.92,56.0,49.55,78.62,0,DS3
75.18,73.92,85.0,49.55,78.62,0,DS3
75.18,73.92,67.0,49.55,78.62,0,DS3
75.18,73.92,100.0,49.55,78.62,0,DS3
75.18,73.92,95.0,49.55,78.62,0,DS3
75.18,73.92,78.0,49.55,78.62,0,DS3
75.18,73.92,82.0,49.55,78.62,0,DS3
75.18,73.92,58.0,49.55,78.62,0,DS3
75.18,73.92,95.0,49.55,78.62,0,DS3
75.18,73.92,73.0,49.55,78.62,0,DS3
75.18,73.92,76.0,49.55,78.62,0,DS3
75.18,73.92,94.0,49.55,78.62,0,DS3
75.18,73.92,50.0,49.55,78.62,0,DS3
75.18,73.92,75.0,49.55,78.62,0,DS3
75.18,73.92,81.0,49.55,78.62,0,DS3
75.18,73.92,58.0,49.55,78.62,0,DS3
75.18,73.92,53.0,49.55,78.62,0,DS3
75.18,73.92,77.0,49.55,78.62,0,DS3
75.18,73.92,77.0,49.55,78.62,0,DS3
75.18,73.92,67.0,49.55,78.62,0,DS3
75.18,73.92,94.0,49.55,78.62,0,DS3
75.18,73.92,65.0,49.55,78.62,0,DS3
75.18,73.92,76.0,49.55,78.62,0,DS3
75.18,73.92,59.0,49.55,78.62,0,DS3
75.18,73.92,51.0,49.55,78.62,0,DS3
75.18,73.92,71.0,49.55,78.62,0,DS3
75.18,73.92,76.0,49.55,78.62,0,DS3
75.18,73.92,88.0,49.55,78.62,0,DS3
75.18,73.92,72.0,49.55,78.62,0,DS3
75.18,73.92,64.0,49.55,78.62,0,DS3
75.18,73.92,80.0,49.55,78.62,0,DS3
75.18,73.92,69.0,49.55,78.62,0,DS3
75.18,73.92,62.0,49.55,78.62,0,DS3
75.18,73.92,96.0,49.55,78.62,0,DS3
75.18,73.92,77.0,49.55,78.62,0,DS3
75.18,73.92,60.0,49.55,78.62,0,DS3
75.18,73.92,84.0,49.55,78.62,0,DS3
75.18,73.92,90.0,49.55,78.62,0,DS3
75.18,73.92,88.0,49.55,78.62,0,DS3
75.18,73.92,80.0,49.55,78.62,0,DS3
75.18,73.92,76.0,49.55,78.62,0,DS3
75.18,73.92,89.0,49.55,78.62,0,DS3
75.18,73.92,85.0,49.55,78.62,0,DS3
75.18,73.92,79.0,49.55,78.62,0,DS3
75.18,73.92,83.0,49.55,78.62,0,DS3
75.18,73.92,58.0,49.55,78.62,0,DS3
75.18,73.92,51.0,49.55,78.62,0,DS3
75.18,73.92,97.0,49.55,78.62,0,DS3
75.18,73.92,97.0,49.55,78.62,0,DS3
75.18,73.92,89.0,49.55,78.62,0,DS3
75.18,73.92,69.0,49.55,78.62,0,DS3
75.18,73.92,58.0,49.55,78.62,0,DS3
75.18,73.92,68.0,49.55,78.62,0,DS3
75.18,73.92,86.0,49.55,78.62,0,DS3
75.18,73.92,67.0,49.55,78.62,0,DS3
75.18,73.92,90.0,49.55,78.62,0,DS3
75.18,73.92,84.0,49.55,78.62,0,DS3
75.18,73.92,81.0,49.55,78.62,0,DS3
75.18,73.92,97.0,49.55,78.62,0,DS3
75.18,73.92,95.0,49.55,78.62,0,DS3
75.18,73.92,86.0,49.55,78.62,0,DS3
75.18,73.92,60.0,49.55,78.62,0,DS3
75.18,73.92,97.0,49.55,78.62,0,DS3
75.18,73.92,61.0,49.55,78.62,0,DS3
75.18,73.92,69.0,49.55,78.62,0,DS3
75.18,73.92,91.0,49.55,78.62,0,DS3
75.18,73.92,60.0,49.55,78.62,0,DS3
75.18,73.92,82.0,49.55,78.62,0,DS3
75.18,73.92,73.0,49.55,78.62,0,DS3
75.18,73.92,81.0,49.55,78.62,0,DS3
75.18,73.92,98.0,49.55,78.62,0,DS3
75.18,73.92,90.0,49.55,78.62,0,DS3
75.18,73.92,65.0,49.55,78.62,0,DS3
75.18,73.92,53.0,49.55,78.62,0,DS3
75.18,73.92,98.0,49.55,78.62,0,DS3
75.18,73.92,79.0,49.55,78.62,0,DS3
75.18,73.92,59.0,49.55,78.62,0,DS3
75.18,73.92,81.0,49.55,78.62,0,DS3
75.18,73.92,52.0,49.55,78.62,0,DS3
75.18,73.92,59.0,49.55,78.62,0,DS3
75.18,73.92,82.0,49.55,78.62,0,DS3
75.18,73.92,70.0,49.55,78.62,0,DS3
75.18,73.92,66.0,49.55,78.62,0,DS3
75.18,73.92,83.0,49.55,78.62,0,DS3
75.18,73.92,93.0,49.55,78.62,0,DS3
75.18,73.92,84.0,49.55,78.62,0,DS3
75.18,73.92,73.0,49.55,78.62,0,DS3
75.18,73.92,83.0,49.55,78.62,0,DS3
75.18,73.92,85.0,49.55,78.62,0,DS3
75.18,73.92,89.0,49.55,78.62,0,DS3
75.18,73.92,65.0,49.55,78.62,0,DS3
75.18,73.92,56.0,49.55,78.62,0,DS3
75.18,73.92,84.0,49.55,78.62,0,DS3
75.18,73.92,56.0,49.55,78.62,0,DS3
75.18,73.92,73.0,49.55,78.62,0,DS3
75.18,73.92,62.0,49.55,78.62,0,DS3
75.18,73.92,67.0,49.55,78.62,0,DS3
75.18,73.92,74.0,49.55,78.62,0,DS3
75.18,73.92,95.0,49.55,78.62,0,DS3
75.18,73.92,84.0,49.55,78.62,0,DS3
75.18,73.92,59.0,49.55,78.62,0,DS3
75.18,73.92,94.0,49.55,78.62,0,DS3
75.18,73.92,75.0,49.55,78.62,0,DS3
75.18,73.92,60.0,49.55,78.62,0,DS3
75.18,73.92,76.0,49.55,78.62,0,DS3
75.18,73.92,60.0,49.55,78.62,0,DS3
75.18,73.92,68.0,49.55,78.62,0,DS3
75.18,73.92,90.0,49.55,78.62,0,DS3
75.18,73.92,83.0,49.55,78.62,0,DS3
75.18,73.92,74.0,49.55,78.62,0,DS3
75.18,73.92,61.0,49.55,78.62,0,DS3
75.18,73.92,64.0,49.55,78.62,0,DS3
75.18,73.92,99.0,49.55,78.62,0,DS3
75.18,73.92,67.0,49.55,78.62,0,DS3
75.18,73.92,81.0,49.55,78.62,0,DS3
75.18,73.92,75.0,49.55,78.62,0,DS3
75.18,73.92,51.0,49.55,78.62,0,DS3
75.18,73.92,97.0,49.55,78.62,0,DS3
75.18,73.92,54.0,49.55,78.62,0,DS3
75.18,73.92,83.0,49.55,78.62,0,DS3
75.18,73.92,91.0,49.55,78.62,0,DS3
75.18,73.92,87.0,49.55,78.62,0,DS3
75.18,73.92,90.0,49.55,78.62,0,DS3
75.18,73.92,87.0,49.55,78.62,0,DS3
75.18,73.92,72.0,49.55,78.62,0,DS3
75.18,73.92,95.0,49.55,78.62,0,DS3
75.18,73.92,96.0,49.55,78.62,0,DS3
75.18,73.92,72.0,49.55,78.62,0,DS3
75.18,73.92,74.0,49.55,78.62,0,DS3
75.18,73.92,74.0,49.55,78.62,0,DS3
75.18,73.92,64.0,49.55,78.62,0,DS3
75.18,73.92,56.0,49.55,78.62,0,DS3
75.18,73.92,63.0,49.55,78.62,0,DS3
75.18,73.92,92.0,49.55,78.62,0,DS3
75.18,73.92,77.0,49.55,78.62,0,DS3
75.18,73.92,93.0,49.55,78.62,0,DS3
75.18,73.92,87.0,49.55,78.62,0,DS3
75.18,73.92,67.0,49.55,78.62,0,DS3
75.18,73.92,59.0,49.55,78.62,0,DS3
75.18,73.92,78.0,49.55,78.62,0,DS3
75.18,73.92,97.0,49.55,78.62,0,DS3
75.18,73.92,92.0,49.55,78.62,0,DS3
75.18,73.92,88.0,49.55,78.62,0,DS3
75.18,73.92,88.0,49.55,78.62,0,DS3
75.18,73.92,76.0,49.55,78.62,0,DS3
75.18,73.92,58.0,49.55,78.62,0,DS3
75.18,73.92,64.0,49.55,78.62,0,DS3
75.18,73.92,79.0,49.55,78.62,0,DS3
75.18,73.92,66.0,49.55,78.62,0,DS3
75.18,73.92,89.0,49.55,78.62,0,DS3
75.18,73.92,69.0,49.55,78.62,0,DS3
75.18,73.92,56.0,49.55,78.62,0,DS3
75.18,73.92,89.0,49.55,78.62,0,DS3
75.18,73.92,85.0,49.55,78.62,0,DS3
75.18,73.92,63.0,49.55,78.62,0,DS3
75.18,73.92,99.0,49.55,78.62,0,DS3
75.18,73.92,70.0,49.55,78.62,0,DS3
75.18,73.92,84.0,49.55,78.62,0,DS3
75.18,73.92,96.0,49.55,78.62,0,DS3
75.18,73.92,58.0,49.55,78.62,0,DS3
75.18,73.92,94.0,49.55,78.62,0,DS3
75.18,73.92,85.0,49.55,78.62,0,DS3
75.18,73.92,58.0,49.55,78.62,0,DS3
75.18,73.92,83.0,49.55,78.62,0,DS3
75.18,73.92,94.0,49.55,78.62,0,DS3
75.18,73.92,90.0,49.55,78.62,0,DS3
75.18,73.92,88.0,49.55,78.62,0,DS3
75.18,73.92,58.0,49.55,78.62,0,DS3
75.18,73.92,60.0,49.55,78.62,0,DS3
75.18,73.92,77.0,49.55,78.62,0,DS3
75.18,73.92,79.0,49.55,78.62,0,DS3
75.18,73.92,97.0,49.55,78.62,0,DS3
75.18,73.92,73.0,49.55,78.62,0,DS3
75.18,73.92,65.0,49.55,78.62,0,DS3
75.18,73.92,60.0,49.55,78.62,0,DS3
75.18,73.92,53.0,49.55,78.62,0,DS3
75.18,73.92,53.0,49.55,78.62,0,DS3
75.18,73.92,79.0,49.55,78.62,0,DS3
75.18,73.92,59.0,49.55,78.62,0,DS3
75.18,73.92,93.0,49.55,78.62,0,DS3
75.18,73.92,80.0,49.55,78.62,0,DS3
75.18,73.92,93.0,49.55,78.62,0,DS3
75.18,73.92,71.0,49.55,78.62,0,DS3
75.18,73.92,80.0,49.55,78.62,0,DS3
75.18,73.92,76.0,49.55,78.62,0,DS3
75.18,73.92,99.0,49.55,78.62,0,DS3
75.18,73.92,90.0,49.55,78.62,0,DS3
75.18,73.92,80.0,49.55,78.62,0,DS3
75.18,73.92,80.0,49.55,78.62,0,DS3
75.18,73.92,62.0,49.55,78.62,0,DS3
75.18,73.92,87.0,49.55,78.62,0,DS3
75.18,73.92,99.0,49.55,78.62,0,DS3
75.18,73.92,56.0,49.55,78.62,0,DS3
75.18,73.92,82.0,49.55,78.62,0,DS3
75.18,73.92,76.0,49.55,78.62,0,DS3
75.18,73.92,93.0,49.55,78.62,0,DS3
75.18,73.92,50.0,49.55,78.62,0,DS3
75.18,73.92,57.0,49.55,78.62,0,DS3
75.18,73.92,52.0,49.55,78.62,0,DS3
75.18,73.92,58.0,49.55,78.62,0,DS3
75.18,73.92,85.0,49.55,78.62,0,DS3
75.18,73.92,57.0,49.55,78.62,0,DS3
75.18,73.92,81.0,49.55,78.62,0,DS3
75.18,73.92,93.0,49.55,78.62,0,DS3
75.18,73.92,52.0,49.55,78.62,0,DS3
75.18,73.92,51.0,49.55,78.62,0,DS3
75.18,73.92,99.0,49.55,78.62,0,DS3
75.18,73.92,84.0,49.55,78.62,0,DS3
75.18,73.92,57.0,49.55,78.62,0,DS3
75.18,73.92,65.0,49.55,78.62,0,DS3
75.18,73.92,99.0,49.55,78.62,0,DS3
75.18,73.92,61.0,49.55,78.62,0,DS3
75.18,73.92,88.0,49.55,78.62,0,DS3
75.18,73.92,62.0,49.55,78.62,0,DS3
75.18,73.92,70.0,49.55,78.62,0,DS3
75.18,73.92,94.0,49.55,78.62,0,DS3
75.18,73.92,51.0,49.55,78.62,0,DS3
75.18,73.92,65.0,49.55,78.62,0,DS3
75.18,73.92,74.0,49.55,78.62,0,DS3
75.18,73.92,81.0,49.55,78.62,0,DS3
75.18,73.92,51.0,49.55,78.62,0,DS3
75.18,73.92,71.0,49.55,78.62,0,DS3
75.18,73.92,67.0,49.55,78.62,0,DS3
75.18,73.92,51.0,49.55,78.62,0,DS3
75.18,73.92,68.0,49.55,78.62,0,DS3
75.18,73.92,97.0,49.55,78.62,0,DS3
75.18,73.92,64.0,49.55,78.62,0,DS3
75.18,73.92,79.0,49.55,78.62,0,DS3
75.18,73.92,65.0,49.55,78.62,0,DS3
75.18,73.92,55.0,49.55,78.62,0,DS3
75.18,73.92,64.0,49.55,78.62,0,DS3
75.18,73.92,74.0,49.55,78.62,0,DS3
75.18,73.92,65.0,49.55,78.62,0,DS3
75.18,73.92,81.0,49.55,78.62,0,DS3
75.18,73.92,97.0,49.55,78.62,0,DS3
75.18,73.92,53.0,49.55,78.62,0,DS3
75.18,73.92,86.0,49.55,78.62,0,DS3
75.18,73.92,50.0,49.55,78.62,0,DS3
75.18,73.92,50.0,49.55,78.62,0,DS3
75.18,73.92,57.0,49.55,78.62,0,DS3
75.18,73.92,74.0,49.55,78.62,0,DS3
75.18,73.92,52.0,49.55,78.62,0,DS3
75.18,73.92,86.0,49.55,78.62,0,DS3
75.18,73.92,51.0,49.55,78.62,0,DS3
75.18,73.92,75.0,49.55,78.62,0,DS3
75.18,73.92,84.0,49.55,78.62,0,DS3
75.18,73.92,62.0,49.55,78.62,0,DS3
75.18,73.92,79.0,49.55,78.62,0,DS3
75.18,73.92,63.0,49.55,78.62,0,DS3
75.18,73.92,61.0,49.55,78.62,0,DS3
75.18,73.92,91.0,49.55,78.62,0,DS3
75.18,73.92,67.0,49.55,78.62,0,DS3
75.18,73.92,91.0,49.55,78.62,0,DS3
75.18,73.92,61.0,49.55,78.62,0,DS3
75.18,73.92,68.0,49.55,78.62,0,DS3
75.18,73.92,55.0,49.55,78.62,0,DS3
75.18,73.92,75.0,49.55,78.62,0,DS3
75.18,73.92,69.0,49.55,78.62,0,DS3
75.18,73.92,50.0,49.55,78.62,0,DS3
75.18,73.92,73.0,49.55,78.62,0,DS3
75.18,73.92,54.0,49.55,78.62,0,DS3
75.18,73.92,92.0,49.55,78.62,0,DS3
75.18,73.92,75.0,49.55,78.62,0,DS3
75.18,73.92,85.0,49.55,78.62,0,DS3
75.18,73.92,91.0,49.55,78.62,0,DS3
75.18,73.92,53.0,49.55,78.62,0,DS3
75.18,73.92,67.0,49.55,78.62,0,DS3
75.18,73.92,51.0,49.55,78.62,0,DS3
75.18,73.92,52.0,49.55,78.62,0,DS3
75.18,73.92,52.0,49.55,78.62,0,DS3
75.18,73.92,74.0,49.55,78.62,0,DS3
75.18,73.92,73.0,49.55,78.62,0,DS3
75.18,73.92,53.0,49.55,78.62,0,DS3
75.18,73.92,63.0,49.55,78.62,0,DS3
75.18,73.92,62.0,49.55,78.62,0,DS3
75.18,73.92,65.0,49.55,78.62,0,DS3
75.18,73.92,82.0,49.55,78.62,0,DS3
75.18,73.92,85.0,49.55,78.62,0,DS3
75.18,73.92,67.0,49.55,78.62,0,DS3
75.18,73.92,89.0,49.55,78.62,0,DS3
75.18,73.92,71.0,49.55,78.62,0,DS3
75.18,73.92,76.0,49.55,78.62,0,DS3
75.18,73.92,57.0,49.55,78.62,0,DS3
75.18,73.92,62.0,49.55,78.62,0,DS3
75.18,73.92,86.0,49.55,78.62,0,DS3
75.18,73.92,99.0,49.55,78.62,0,DS3
75.18,73.92,85.0,49.55,78.62,0,DS3
75.18,73.92,53.0,49.55,78.62,0,DS3
75.18,73.92,57.0,49.55,78.62,0,DS3
75.18,73.92,72.0,49.55,78.62,0,DS3
75.18,73.92,87.0,49.55,78.62,0,DS3
75.18,73.92,58.0,49.55,78.62,0,DS3
75.18,73.92,88.0,49.55,78.62,0,DS3
75.18,73.92,78.0,49.55,78.62,0,DS3
75.18,73.92,89.0,49.55,78.62,0,DS3
75.18,73.92,78.0,49.55,78.62,0,DS3
75.18,73.92,80.0,49.55,78.62,0,DS3
75.18,73.92,62.0,49.55,78.62,0,DS3
75.18,73.92,86.0,49.55,78.62,0,DS3
75.18,73.92,92.0,49.55,78.62,0,DS3
75.18,73.92,94.0,49.55,78.62,0,DS3
75.18,73.92,51.0,49.55,78.62,0,DS3
75.18,73.92,81.0,49.55,78.62,0,DS3
75.18,73.92,99.0,49.55,78.62,0,DS3
75.18,73.92,79.0,49.55,78.62,0,DS3
75.18,73.92,59.0,49.55,78.62,0,DS3
75.18,73.92,94.0,49.55,78.62,0,DS3
75.18,73.92,63.0,49.55,78.62,0,DS3
75.18,73.92,52.0,49.55,78.62,0,DS3
75.18,73.92,72.0,49.55,78.62,0,DS3
75.18,73.92,55.0,49.55,78.62,0,DS3
75.18,73.92,56.0,49.55,78.62,0,DS3
75.18,73.92,73.0,49.55,78.62,0,DS3
75.18,73.92,81.0,49.55,78.62,0,DS3
75.18,73.92,95.0,49.55,78.62,0,DS3
75.18,73.92,85.0,49.55,78.62,0,DS3
75.18,73.92,92.0,49.55,78.62,0,DS3
75.18,73.92,71.0,49.55,78.62,0,DS3
75.18,73.92,66.0,49.55,78.62,0,DS3
75.18,73.92,80.0,49.55,78.62,0,DS3
75.18,73.92,85.0,49.55,78.62,0,DS3
75.18,73.92,78.0,49.55,78.62,0,DS3
75.18,73.92,63.0,49.55,78.62,0,DS3
75.18,73.92,68.0,49.55,78.62,0,DS3
75.18,73.92,72.0,49.55,78.62,0,DS3
75.18,73.92,51.0,49.55,78.62,0,DS3
75.18,73.92,94.0,49.55,78.62,0,DS3
75.18,73.92,76.0,49.55,78.62,0,DS3
75.18,73.92,88.0,49.55,78.62,0,DS3
75.18,73.92,59.0,49.55,78.62,0,DS3
75.18,73.92,78.0,49.55,78.62,0,DS3
75.18,73.92,96.0,49.55,78.62,0,DS3
75.18,73.92,61.0,49.55,78.62,0,DS3
75.18,73.92,67.0,49.55,78.62,0,DS3
75.18,73.92,69.0,49.55,78.62,0,DS3
75.18,73.92,69.0,49.55,78.62,0,DS3
75.18,73.92,80.0,49.55,78.62,0,DS3
75.18,73.92,70.0,49.55,78.62,0,DS3
75.18,73.92,84.0,49.55,78.62,0,DS3
75.18,73.92,74.0,49.55,78.62,0,DS3
75.18,73.92,58.0,49.55,78.62,0,DS3
75.18,73.92,97.0,49.55,78.62,0,DS3
75.18,73.92,62.0,49.55,78.62,0,DS3
75.18,73.92,78.0,49.55,78.62,0,DS3
75.18,73.92,53.0,49.55,78.62,0,DS3
75.18,73.92,96.0,49.55,78.62,0,DS3
75.18,73.92,96.0,49.55,78.62,0,DS3
75.18,73.92,68.0,49.55,78.62,0,DS3
75.18,73.92,56.0,49.55,78.62,0,DS3
75.18,73.92,88.0,49.55,78.62,0,DS3
75.18,73.92,63.0,49.55,78.62,0,DS3
75.18,73.92,85.0,49.55,78.62,0,DS3
75.18,73.92,96.0,49.55,78.62,0,DS3
75.18,73.92,80.0,49.55,78.62,0,DS3
75.18,73.92,93.0,49.55,78.62,0,DS3
75.18,73.92,61.0,49.55,78.62,0,DS3
75.18,73.92,96.0,49.55,78.62,0,DS3
75.18,73.92,61.0,49.55,78.62,0,DS3
75.18,73.92,61.0,49.55,78.62,0,DS3
75.18,73.92,94.0,49.55,78.62,0,DS3
75.18,73.92,78.0,49.55,78.62,0,DS3
75.18,73.92,90.0,49.55,78.62,0,DS3
75.18,73.92,90.0,49.55,78.62,0,DS3
75.18,73.92,82.0,49.55,78.62,0,DS3
75.18,73.92,59.0,49.55,78.62,0,DS3
75.18,73.92,85.0,49.55,78.62,0,DS3
75.18,73.92,53.0,49.55,78.62,0,DS3
75.18,73.92,60.0,49.55,78.62,0,DS3
75.18,73.92,82.0,49.55,78.62,0,DS3
75.18,73.92,95.0,49.55,78.62,0,DS3
75.18,73.92,89.0,49.55,78.62,0,DS3
75.18,73.92,67.0,49.55,78.62,0,DS3
75.18,73.92,91.0,49.55,78.62,0,DS3
75.18,73.92,98.0,49.55,78.62,0,DS3
75.18,73.92,67.0,49.55,78.62,0,DS3
75.18,73.92,59.0,49.55,78.62,0,DS3
75.18,73.92,60.0,49.55,78.62,0,DS3
75.18,73.92,70.0,49.55,78.62,0,DS3
75.18,73.92,53.0,49.55,78.62,0,DS3
75.18,73.92,74.0,49.55,78.62,0,DS3
75.18,73.92,87.0,49.55,78.62,0,DS3
75.18,73.92,77.0,49.55,78.62,0,DS3
75.18,73.92,99.0,49.55,78.62,0,DS3
75.18,73.92,73.0,49.55,78.62,0,DS3
75.18,73.92,51.0,49.55,78.62,0,DS3
75.18,73.92,74.0,49.55,78.62,0,DS3
75.18,73.92,96.0,49.55,78.62,0,DS3
75.18,73.92,55.0,49.55,78.62,0,DS3
75.18,73.92,61.0,49.55,78.62,0,DS3
75.18,73.92,86.0,49.55,78.62,0,DS3
75.18,73.92,65.0,49.55,78.62,0,DS3
75.18,73.92,88.0,49.55,78.62,0,DS3
75.18,73.92,71.0,49.55,78.62,0,DS3
75.18,73.92,90.0,49.55,78.62,0,DS3
75.18,73.92,78.0,49.55,78.62,0,DS3
75.18,73.92,54.0,49.55,78.62,0,DS3
75.18,73.92,69.0,49.55,78.62,0,DS3
75.18,73.92,67.0,49.55,78.62,0,DS3
75.18,73.92,91.0,49.55,78.62,0,DS3
75.18,73.92,81.0,49.55,78.62,0,DS3
75.18,73.92,89.0,49.55,78.62,0,DS3
75.18,73.92,69.0,49.55,78.62,0,DS3
75.18,73.92,85.0,49.55,78.62,0,DS3
75.18,73.92,53.0,49.55,78.62,0,DS3
75.18,73.92,52.0,49.55,78.62,0,DS3
75.18,73.92,64.0,49.55,78.62,0,DS3
75.18,73.92,89.0,49.55,78.62,0,DS3
75.18,73.92,77.0,49.55,78.62,0,DS3
75.18,73.92,70.0,49.55,78.62,0,DS3
75.18,73.92,95.0,49.55,78.62,0,DS3
75.18,73.92,75.0,49.55,78.62,0,DS3
75.18,73.92,81.0,49.55,78.62,0,DS3
75.18,73.92,99.0,49.55,78.62,0,DS3
75.18,73.92,76.0,49.55,78.62,0,DS3
75.18,73.92,89.0,49.55,78.62,0,DS3
75.18,73.92,71.0,49.55,78.62,0,DS3
75.18,73.92,52.0,49.55,78.62,0,DS3
75.18,73.92,92.0,49.55,78.62,0,DS3
75.18,73.92,97.0,49.55,78.62,0,DS3
75.18,73.92,72.0,49.55,78.62,0,DS3
75.18,73.92,75.0,49.55,78.62,0,DS3
75.18,73.92,71.0,49.55,78.62,0,DS3
75.18,73.92,100.0,49.55,78.62,0,DS3
75.18,73.92,95.0,49.55,78.62,0,DS3
75.18,73.92,52.0,49.55,78.62,0,DS3
75.18,73.92,89.0,49.55,78.62,0,DS3
75.18,73.92,80.0,49.55,78.62,0,DS3
75.18,73.92,51.0,49.55,78.62,0,DS3
75.18,73.92,72.0,49.55,78.62,0,DS3
75.18,73.92,57.0,49.55,78.62,0,DS3
75.18,73.92,94.0,49.55,78.62,0,DS3
75.18,73.92,51.0,49.55,78.62,0,DS3
75.18,73.92,94.0,49.55,78.62,0,DS3
75.18,73.92,97.0,49.55,78.62,0,DS3
75.18,73.92,54.0,49.55,78.62,0,DS3
75.18,73.92,86.0,49.55,78.62,0,DS3
75.18,73.92,77.0,49.55,78.62,0,DS3
75.18,73.92,98.0,49.55,78.62,0,DS3
75.18,73.92,90.0,49.55,78.62,0,DS3
75.18,73.92,85.0,49.55,78.62,0,DS3
75.18,73.92,96.0,49.55,78.62,0,DS3
75.18,73.92,58.0,49.55,78.62,0,DS3
75.18,73.92,69.0,49.55,78.62,0,DS3
75.18,73.92,92.0,49.55,78.62,0,DS3
75.18,73.92,55.0,49.55,78.62,0,DS3
75.18,73.92,97.0,49.55,78.62,0,DS3
75.18,73.92,87.0,49.55,78.62,0,DS3
75.18,73.92,72.0,49.55,78.62,0,DS3
75.18,73.92,67.0,49.55,78.62,0,DS3
75.18,73.92,57.0,49.55,78.62,0,DS3
75.18,73.92,55.0,49.55,78.62,0,DS3
75.18,73.92,71.0,49.55,78.62,0,DS3
75.18,73.92,92.0,49.55,78.62,0,DS3
75.18,73.92,77.0,49.55,78.62,0,DS3
75.18,73.92,73.0,49.55,78.62,0,DS3
75.18,73.92,66.0,49.55,78.62,0,DS3
75.18,73.92,58.0,49.55,78.62,0,DS3
75.18,73.92,100.0,49.55,78.62,0,DS3
75.18,73.92,51.0,49.55,78.62,0,DS3
75.18,73.92,66.0,49.55,78.62,0,DS3
75.18,73.92,88.0,49.55,78.62,0,DS3
75.18,73.92,76.0,49.55,78.62,0,DS3
75.18,73.92,66.0,49.55,78.62,0,DS3
75.18,73.92,100.0,49.55,78.62,0,DS3
75.18,73.92,81.0,49.55,78.62,0,DS3
75.18,73.92,65.0,49.55,78.62,0,DS3
75.18,73.92,92.0,49.55,78.62,0,DS3
75.18,73.92,58.0,49.55,78.62,0,DS3
75.18,73.92,73.0,49.55,78.62,0,DS3
75.18,73.92,92.0,49.55,78.62,0,DS3
75.18,73.92,99.0,49.55,78.62,0,DS3
75.18,73.92,69.0,49.55,78.62,0,DS3
75.18,73.92,57.0,49.55,78.62,0,DS3
75.18,73.92,78.0,49.55,78.62,0,DS3
75.18,73.92,97.0,49.55,78.62,0,DS3
75.18,73.92,83.0,49.55,78.62,0,DS3
75.18,73.92,80.0,49.55,78.62,0,DS3
75.18,73.92,65.0,49.55,78.62,0,DS3
75.18,73.92,80.0,49.55,78.62,0,DS3
75.18,73.92,94.0,49.55,78.62,0,DS3
75.18,73.92,69.0,49.55,78.62,0,DS3
75.18,73.92,62.0,49.55,78.62,0,DS3
75.18,73.92,74.0,49.55,78.62,0,DS3
75.18,73.92,69.0,49.55,78.62,0,DS3
75.18,73.92,73.0,49.55,78.62,0,DS3
75.18,73.92,55.0,49.55,78.62,0,DS3
75.18,73.92,67.0,49.55,78.62,0,DS3
75.18,73.92,91.0,49.55,78.62,0,DS3
75.18,73.92,70.0,49.55,78.62,0,DS3
75.18,73.92,98.0,49.55,78.62,0,DS3
75.18,73.92,85.0,49.55,78.62,0,DS3
75.18,73.92,68.0,49.55,78.62,0,DS3
75.18,73.92,63.0,49.55,78.62,0,DS3
75.18,73.92,84.0,49.55,78.62,0,DS3
75.18,73.92,65.0,49.55,78.62,0,DS3
75.18,73.92,96.0,49.55,78.62,0,DS3
75.18,73.92,56.0,49.55,78.62,0,DS3
75.18,73.92,51.0,49.55,78.62,0,DS3
75.18,73.92,61.0,49.55,78.62,0,DS3
75.18,73.92,80.0,49.55,78.62,0,DS3
75.18,73.92,92.0,49.55,78.62,0,DS3
75.18,73.92,59.0,49.55,78.62,0,DS3
75.18,73.92,79.0,49.55,78.62,0,DS3
75.18,73.92,57.0,49.55,78.62,0,DS3
75.18,73.92,78.0,49.55,78.62,0,DS3
75.18,73.92,51.0,49.55,78.62,0,DS3
75.18,73.92,78.0,49.55,78.62,0,DS3
75.18,73.92,76.0,49.55,78.62,0,DS3
75.18,73.92,52.0,49.55,78.62,0,DS3
75.18,73.92,84.0,49.55,78.62,0,DS3
75.18,73.92,79.0,49.55,78.62,0,DS3
75.18,73.92,81.0,49.55,78.62,0,DS3
75.18,73.92,76.0,49.55,78.62,0,DS3
75.18,73.92,86.0,49.55,78.62,0,DS3
75.18,73.92,76.0,49.55,78.62,0,DS3
75.18,73.92,96.0,49.55,78.62,0,DS3
75.18,73.92,97.0,49.55,78.62,0,DS3
75.18,73.92,86.0,49.55,78.62,0,DS3
75.18,73.92,96.0,49.55,78.62,0,DS3
75.18,73.92,96.0,49.55,78.62,0,DS3
75.18,73.92,63.0,49.55,78.62,0,DS3
75.18,73.92,100.0,49.55,78.62,0,DS3
75.18,73.92,63.0,49.55,78.62,0,DS3
75.18,73.92,51.0,49.55,78.62,0,DS3
75.18,73.92,98.0,49.55,78.62,0,DS3
75.18,73.92,61.0,49.55,78.62,0,DS3
75.18,73.92,79.0,49.55,78.62,0,DS3
75.18,73.92,99.0,49.55,78.62,0,DS3
75.18,73.92,52.0,49.55,78.62,0,DS3
75.18,73.92,63.0,49.55,78.62,0,DS3
75.18,73.92,80.0,49.55,78.62,0,DS3
75.18,73.92,88.0,49.55,78.62,0,DS3
75.18,73.92,90.0,49.55,78.62,0,DS3
75.18,73.92,94.0,49.55,78.62,0,DS3
75.18,73.92,58.0,49.55,78.62,0,DS3
75.18,73.92,69.0,49.55,78.62,0,DS3
75.18,73.92,86.0,49.55,78.62,0,DS3
75.18,73.92,86.0,49.55,78.62,0,DS3
75.18,73.92,65.0,49.55,78.62,0,DS3
75.18,73.92,65.0,49.55,78.62,0,DS3
75.18,73.92,66.0,49.55,78.62,0,DS3
75.18,73.92,95.0,49.55,78.62,0,DS3
75.18,73.92,95.0,49.55,78.62,0,DS3
75.18,73.92,51.0,49.55,78.62,0,DS3
75.18,73.92,66.0,49.55,78.62,0,DS3
75.18,73.92,70.0,49.55,78.62,0,DS3
75.18,73.92,99.0,49.55,78.62,0,DS3
75.18,73.92,97.0,49.55,78.62,0,DS3
75.18,73.92,81.0,49.55,78.62,0,DS3
75.18,73.92,52.0,49.55,78.62,0,DS3
75.18,73.92,60.0,49.55,78.62,0,DS3
75.18,73.92,72.0,49.55,78.62,0,DS3
75.18,73.92,98.0,49.55,78.62,0,DS3
75.18,73.92,55.0,49.55,78.62,0,DS3
75.18,73.92,90.0,49.55,78.62,0,DS3
75.18,73.92,60.0,49.55,78.62,0,DS3
75.18,73.92,75.0,49.55,78.62,0,DS3
75.18,73.92,88.0,49.55,78.62,0,DS3
75.18,73.92,85.0,49.55,78.62,0,DS3
75.18,73.92,89.0,49.55,78.62,0,DS3
75.18,73.92,91.0,49.55,78.62,0,DS3
75.18,73.92,65.0,49.55,78.62,0,DS3
75.18,73.92,68.0,49.55,78.62,0,DS3
75.18,73.92,91.0,49.55,78.62,0,DS3
75.18,73.92,52.0,49.55,78.62,0,DS3
75.18,73.92,76.0,49.55,78.62,0,DS3
75.18,73.92,96.0,49.55,78.62,0,DS3
75.18,73.92,94.0,49.55,78.62,0,DS3
75.18,73.92,90.0,49.55,78.62,0,DS3
75.18,73.92,51.0,49.55,78.62,0,DS3
75.18,73.92,94.0,49.55,78.62,0,DS3
75.18,73.92,96.0,49.55,78.62,0,DS3
75.18,73.92,83.0,49.55,78.62,0,DS3
75.18,73.92,65.0,49.55,78.62,0,DS3
75.18,73.92,74.0,49.55,78.62,0,DS3
75.18,73.92,88.0,49.55,78.62,0,DS3
75.18,73.92,91.0,49.55,78.62,0,DS3
75.18,73.92,67.0,49.55,78.62,0,DS3
75.18,73.92,66.0,49.55,78.62,0,DS3
75.18,73.92,87.0,49.55,78.62,0,DS3
75.18,73.92,84.0,49.55,78.62,0,DS3
75.18,73.92,76.0,49.55,78.62,0,DS3
75.18,73.92,71.0,49.55,78.62,0,DS3
75.18,73.92,83.0,49.55,78.62,0,DS3
75.18,73.92,52.0,49.55,78.62,0,DS3
75.18,73.92,54.0,49.55,78.62,0,DS3
75.18,73.92,79.0,49.55,78.62,0,DS3
75.18,73.92,61.0,49.55,78.62,0,DS3
75.18,73.92,89.0,49.55,78.62,0,DS3
75.18,73.92,89.0,49.55,78.62,0,DS3
75.18,73.92,85.0,49.55,78.62,0,DS3
75.18,73.92,95.0,49.55,78.62,0,DS3
75.18,73.92,57.0,49.55,78.62,0,DS3
75.18,73.92,63.0,49.55,78.62,0,DS3
75.18,73.92,63.0,49.55,78.62,0,DS3
75.18,73.92,89.0,49.55,78.62,0,DS3
75.18,73.92,76.0,49.55,78.62,0,DS3
75.18,73.92,63.0,49.55,78.62,0,DS3
75.18,73.92,57.0,49.55,78.62,0,DS3
75.18,73.92,95.0,49.55,78.62,0,DS3
75.18,73.92,85.0,49.55,78.62,0,DS3
75.18,73.92,76.0,49.55,78.62,0,DS3
75.18,73.92,98.0,49.55,78.62,0,DS3
75.18,73.92,92.0,49.55,78.62,0,DS3
75.18,73.92,59.0,49.55,78.62,0,DS3
75.18,73.92,75.0,49.55,78.62,0,DS3
75.18,73.92,74.0,49.55,78.62,0,DS3
75.18,73.92,92.0,49.55,78.62,0,DS3
75.18,73.92,57.0,49.55,78.62,0,DS3
75.18,73.92,73.0,49.55,78.62,0,DS3
75.18,73.92,82.0,49.55,78.62,0,DS3
75.18,73.92,97.0,49.55,78.62,0,DS3
75.18,73.92,95.0,49.55,78.62,0,DS3
75.18,73.92,77.0,49.55,78.62,0,DS3
75.18,73.92,80.0,49.55,78.62,0,DS3
75.18,73.92,93.0,49.55,78.62,0,DS3
75.18,73.92,87.0,49.55,78.62,0,DS3
75.18,73.92,94.0,49.55,78.62,0,DS3
75.18,73.92,95.0,49.55,78.62,0,DS3
75.18,73.92,92.0,49.55,78.62,0,DS3
75.18,73.92,50.0,49.55,78.62,0,DS3
75.18,73.92,66.0,49.55,78.62,0,DS3
75.18,73.92,70.0,49.55,78.62,0,DS3
75.18,73.92,84.0,49.55,78.62,0,DS3
75.18,73.92,65.0,49.55,78.62,0,DS3
75.18,73.92,66.0,49.55,78.62,0,DS3
75.18,73.92,70.0,49.55,78.62,0,DS3
75.18,73.92,98.0,49.55,78.62,0,DS3
75.18,73.92,72.0,49.55,78.62,0,DS3
75.18,73.92,57.0,49.55,78.62,0,DS3
75.18,73.92,50.0,49.55,78.62,0,DS3
75.18,73.92,62.0,49.55,78.62,0,DS3
75.18,73.92,97.0,49.55,78.62,0,DS3
75.18,73.92,98.0,49.55,78.62,0,DS3
75.18,73.92,76.0,49.55,78.62,0,DS3
75.18,73.92,82.0,49.55,78.62,0,DS3
75.18,73.92,90.0,49.55,78.62,0,DS3
75.18,73.92,53.0,49.55,78.62,0,DS3
75.18,73.92,69.0,49.55,78.62,0,DS3
75.18,73.92,82.0,49.55,78.62,0,DS3
75.18,73.92,95.0,49.55,78.62,0,DS3
75.18,73.92,86.0,49.55,78.62,0,DS3
75.18,73.92,68.0,49.55,78.62,0,DS3
75.18,73.92,95.0,49.55,78.62,0,DS3
75.18,73.92,83.0,49.55,78.62,0,DS3
75.18,73.92,92.0,49.55,78.62,0,DS3
75.18,73.92,69.0,49.55,78.62,0,DS3
75.18,73.92,50.0,49.55,78.62,0,DS3
75.18,73.92,58.0,49.55,78.62,0,DS3
75.18,73.92,96.0,49.55,78.62,0,DS3
75.18,73.92,52.0,49.55,78.62,0,DS3
75.18,73.92,80.0,49.55,78.62,0,DS3
75.18,73.92,70.0,49.55,78.62,0,DS3
75.18,73.92,71.0,49.55,78.62,0,DS3
75.18,73.92,70.0,49.55,78.62,0,DS3
75.18,73.92,53.0,49.55,78.62,0,DS3
75.18,73.92,56.0,49.55,78.62,0,DS3
75.18,73.92,53.0,49.55,78.62,0,DS3
75.18,73.92,53.0,49.55,78.62,0,DS3
75.18,73.92,54.0,49.55,78.62,0,DS3
75.18,73.92,85.0,49.55,78.62,0,DS3
75.18,73.92,56.0,49.55,78.62,0,DS3
75.18,73.92,63.0,49.55,78.62,0,DS3
75.18,73.92,83.0,49.55,78.62,0,DS3
75.18,73.92,56.0,49.55,78.62,0,DS3
75.18,73.92,96.0,49.55,78.62,0,DS3
75.18,73.92,74.0,49.55,78.62,0,DS3
75.18,73.92,98.0,49.55,78.62,0,DS3
75.18,73.92,60.0,49.55,78.62,0,DS3
75.18,73.92,52.0,49.55,78.62,0,DS3
75.18,73.92,80.0,49.55,78.62,0,DS3
75.18,73.92,66.0,49.55,78.62,0,DS3
75.18,73.92,79.0,49.55,78.62,0,DS3
75.18,73.92,74.0,49.55,78.62,0,DS3
75.18,73.92,73.0,49.55,78.62,0,DS3
75.18,73.92,93.0,49.55,78.62,0,DS3
75.18,73.92,60.0,49.55,78.62,0,DS3
75.18,73.92,75.0,49.55,78.62,0,DS3
75.18,73.92,71.0,49.55,78.62,0,DS3
75.18,73.92,84.0,49.55,78.62,0,DS3
75.18,73.92,53.0,49.55,78.62,0,DS3
75.18,73.92,76.0,49.55,78.62,0,DS3
75.18,73.92,74.0,49.55,78.62,0,DS3
75.18,73.92,99.0,49.55,78.62,0,DS3
75.18,73.92,88.0,49.55,78.62,0,DS3
75.18,73.92,58.0,49.55,78.62,0,DS3
75.18,73.92,75.0,49.55,78.62,0,DS3
75.18,73.92,89.0,49.55,78.62,0,DS3
75.18,73.92,76.0,49.55,78.62,0,DS3
75.18,73.92,68.0,49.55,78.62,0,DS3
75.18,73.92,69.0,49.55,78.62,0,DS3
75.18,73.92,68.0,49.55,78.62,0,DS3
75.18,73.92,51.0,49.55,78.62,0,DS3
75.18,73.92,87.0,49.55,78.62,0,DS3
75.18,73.92,81.0,49.55,78.62,0,DS3
75.18,73.92,63.0,49.55,78.62,0,DS3
75.18,73.92,82.0,49.55,78.62,0,DS3
75.18,73.92,65.0,49.55,78.62,0,DS3
75.18,73.92,62.0,49.55,78.62,0,DS3
75.18,73.92,87.0,49.55,78.62,0,DS3
75.18,73.92,90.0,49.55,78.62,0,DS3
75.18,73.92,81.0,49.55,78.62,0,DS3
75.18,73.92,89.0,49.55,78.62,0,DS3
75.18,73.92,68.0,49.55,78.62,0,DS3
75.18,73.92,54.0,49.55,78.62,0,DS3
75.18,73.92,80.0,49.55,78.62,0,DS3
75.18,73.92,63.0,49.55,78.62,0,DS3
75.18,73.92,89.0,49.55,78.62,0,DS3
75.18,73.92,68.0,49.55,78.62,0,DS3
75.18,73.92,84.0,49.55,78.62,0,DS3
75.18,73.92,78.0,49.55,78.62,0,DS3
75.18,73.92,91.0,49.55,78.62,0,DS3
75.18,73.92,92.0,49.55,78.62,0,DS3
75.18,73.92,53.0,49.55,78.62,0,DS3
75.18,73.92,65.0,49.55,78.62,0,DS3
75.18,73.92,94.0,49.55,78.62,0,DS3
75.18,73.92,70.0,49.55,78.62,0,DS3
75.18,73.92,76.0,49.55,78.62,0,DS3
75.18,73.92,59.0,49.55,78.62,0,DS3
75.18,73.92,78.0,49.55,78.62,0,DS3
75.18,73.92,63.0,49.55,78.62,0,DS3
75.18,73.92,91.0,49.55,78.62,0,DS3
75.18,73.92,60.0,49.55,78.62,0,DS3
75.18,73.92,68.0,49.55,78.62,0,DS3
75.18,73.92,55.0,49.55,78.62,0,DS3
75.18,73.92,79.0,49.55,78.62,0,DS3
75.18,73.92,97.0,49.55,78.62,0,DS3
75.18,73.92,59.0,49.55,78.62,0,DS3
75.18,73.92,51.0,49.55,78.62,0,DS3
75.18,73.92,71.0,49.55,78.62,0,DS3
75.18,73.92,87.0,49.55,78.62,0,DS3
75.18,73.92,99.0,49.55,78.62,0,DS3
75.18,73.92,53.0,49.55,78.62,0,DS3
75.18,73.92,89.0,49.55,78.62,0,DS3
75.18,73.92,68.0,49.55,78.62,0,DS3
75.18,73.92,58.0,49.55,78.62,0,DS3
75.18,73.92,60.0,49.55,78.62,0,DS3
75.18,73.92,96.0,49.55,78.62,0,DS3
75.18,73.92,90.0,49.55,78.62,0,DS3
75.18,73.92,66.0,49.55,78.62,0,DS3
75.18,73.92,97.0,49.55,78.62,0,DS3
75.18,73.92,55.0,49.55,78.62,0,DS3
75.18,73.92,66.0,49.55,78.62,0,DS3
75.18,73.92,83.0,49.55,78.62,0,DS3
75.18,73.92,100.0,49.55,78.62,0,DS3
75.18,73.92,73.0,49.55,78.62,0,DS3
75.18,73.92,91.0,49.55,78.62,0,DS3
75.18,73.92,96.0,49.55,78.62,0,DS3
75.18,73.92,50.0,49.55,78.62,0,DS3
75.18,73.92,64.0,49.55,78.62,0,DS3
75.18,73.92,55.0,49.55,78.62,0,DS3
75.18,73.92,89.0,49.55,78.62,0,DS3
75.18,73.92,78.0,49.55,78.62,0,DS3
75.18,73.92,55.0,49.55,78.62,0,DS3
75.18,73.92,71.0,49.55,78.62,0,DS3
75.18,73.92,76.0,49.55,78.62,0,DS3
75.18,73.92,85.0,49.55,78.62,0,DS3
75.18,73.92,89.0,49.55,78.62,0,DS3
75.18,73.92,54.0,49.55,78.62,0,DS3
75.18,73.92,74.0,49.55,78.62,0,DS3
75.18,73.92,58.0,49.55,78.62,0,DS3
75.18,73.92,88.0,49.55,78.62,0,DS3
75.18,73.92,83.0,49.55,78.62,0,DS3
75.18,73.92,86.0,49.55,78.62,0,DS3
75.18,73.92,54.0,49.55,78.62,0,DS3
75.18,73.92,76.0,49.55,78.62,0,DS3
75.18,73.92,92.0,49.55,78.62,0,DS3
75.18,73.92,86.0,49.55,78.62,0,DS3
75.18,73.92,93.0,49.55,78.62,0,DS3
75.18,73.92,60.0,49.55,78.62,0,DS3
75.18,73.92,64.0,49.55,78.62,0,DS3
75.18,73.92,72.0,49.55,78.62,0,DS3
75.18,73.92,76.0,49.55,78.62,0,DS3
75.18,73.92,63.0,49.55,78.62,0,DS3
75.18,73.92,69.0,49.55,78.62,0,DS3
75.18,73.92,84.0,49.55,78.62,0,DS3
75.18,73.92,82.0,49.55,78.62,0,DS3
75.18,73.92,56.0,49.55,78.62,0,DS3
75.18,73.92,99.0,49.55,78.62,0,DS3
75.18,73.92,78.0,49.55,78.62,0,DS3
75.18,73.92,74.0,49.55,78.62,0,DS3
75.18,73.92,98.0,49.55,78.62,0,DS3
75.18,73.92,57.0,49.55,78.62,0,DS3
75.18,73.92,77.0,49.55,78.62,0,DS3
75.18,73.92,90.0,49.55,78.62,0,DS3
75.18,73.92,70.0,49.55,78.62,0,DS3
75.18,73.92,87.0,49.55,78.62,0,DS3
75.18,73.92,95.0,49.55,78.62,0,DS3
75.18,73.92,63.0,49.55,78.62,0,DS3
75.18,73.92,62.0,49.55,78.62,0,DS3
75.18,73.92,68.0,49.55,78.62,0,DS3
75.18,73.92,71.0,49.55,78.62,0,DS3
75.18,73.92,56.0,49.55,78.62,0,DS3
75.18,73.92,62.0,49.55,78.62,0,DS3
75.18,73.92,94.0,49.55,78.62,0,DS3
75.18,73.92,78.0,49.55,78.62,0,DS3
75.18,73.92,63.0,49.55,78.62,0,DS3
75.18,73.92,97.0,49.55,78.62,0,DS3
75.18,73.92,89.0,49.55,78.62,0,DS3
75.18,73.92,68.0,49.55,78.62,0,DS3
75.18,73.92,88.0,49.55,78.62,0,DS3
75.18,73.92,80.0,49.55,78.62,0,DS3
75.18,73.92,84.0,49.55,78.62,0,DS3
75.18,73.92,66.0,49.55,78.62,0,DS3
75.18,73.92,60.0,49.55,78.62,0,DS3
75.18,73.92,63.0,49.55,78.62,0,DS3
75.18,73.92,54.0,49.55,78.62,0,DS3
75.18,73.92,74.0,49.55,78.62,0,DS3
75.18,73.92,70.0,49.55,78.62,0,DS3
75.18,73.92,50.0,49.55,78.62,0,DS3
75.18,73.92,93.0,49.55,78.62,0,DS3
75.18,73.92,84.0,49.55,78.62,0,DS3
75.18,73.92,72.0,49.55,78.62,0,DS3
75.18,73.92,98.0,49.55,78.62,0,DS3
75.18,73.92,97.0,49.55,78.62,0,DS3
75.18,73.92,55.0,49.55,78.62,0,DS3
75.18,73.92,81.0,49.55,78.62,0,DS3
75.18,73.92,91.0,49.55,78.62,0,DS3
75.18,73.92,59.0,49.55,78.62,0,DS3
75.18,73.92,56.0,49.55,78.62,0,DS3
75.18,73.92,63.0,49.55,78.62,0,DS3
75.18,73.92,64.0,49.55,78.62,0,DS3
75.18,73.92,98.0,49.55,78.62,0,DS3
75.18,73.92,89.0,49.55,78.62,0,DS3
75.18,73.92,53.0,49.55,78.62,0,DS3
75.18,73.92,89.0,49.55,78.62,0,DS3
75.18,73.92,58.0,49.55,78.62,0,DS3
75.18,73.92,68.0,49.55,78.62,0,DS3
75.18,73.92,66.0,49.55,78.62,0,DS3
75.18,73.92,64.0,49.55,78.62,0,DS3
75.18,73.92,65.0,49.55,78.62,0,DS3
75.18,73.92,88.0,49.55,78.62,0,DS3
75.18,73.92,63.0,49.55,78.62,0,DS3
75.18,73.92,90.0,49.55,78.62,0,DS3
75.18,73.92,55.0,49.55,78.62,0,DS3
75.18,73.92,80.0,49.55,78.62,0,DS3
75.18,73.92,93.0,49.55,78.62,0,DS3
75.18,73.92,54.0,49.55,78.62,0,DS3
75.18,73.92,82.0,49.55,78.62,0,DS3
75.18,73.92,76.0,49.55,78.62,0,DS3
75.18,73.92,67.0,49.55,78.62,0,DS3
75.18,73.92,55.0,49.55,78.62,0,DS3
75.18,73.92,84.0,49.55,78.62,0,DS3
75.18,73.92,65.0,49.55,78.62,0,DS3
75.18,73.92,67.0,49.55,78.62,0,DS3
75.18,73.92,86.0,49.55,78.62,0,DS3
75.18,73.92,97.0,49.55,78.62,0,DS3
75.18,73.92,67.0,49.55,78.62,0,DS3
75.18,73.92,87.0,49.55,78.62,0,DS3
75.18,73.92,98.0,49.55,78.62,0,DS3
75.18,73.92,55.0,49.55,78.62,0,DS3
75.18,73.92,76.0,49.55,78.62,0,DS3
75.18,73.92,51.0,49.55,78.62,0,DS3
75.18,73.92,91.0,49.55,78.62,0,DS3
75.18,73.92,64.0,49.55,78.62,0,DS3
75.18,73.92,67.0,49.55,78.62,0,DS3
75.18,73.92,84.0,49.55,78.62,0,DS3
75.18,73.92,89.0,49.55,78.62,0,DS3
75.18,73.92,70.0,49.55,78.62,0,DS3
75.18,73.92,83.0,49.55,78.62,0,DS3
75.18,73.92,98.0,49.55,78.62,0,DS3
75.18,73.92,94.0,49.55,78.62,0,DS3
75.18,73.92,85.0,49.55,78.62,0,DS3
75.18,73.92,97.0,49.55,78.62,0,DS3
75.18,73.92,94.0,49.55,78.62,0,DS3
75.18,73.92,86.0,49.55,78.62,0,DS3
75.18,73.92,96.0,49.55,78.62,0,DS3
75.18,73.92,91.0,49.55,78.62,0,DS3
75.18,73.92,75.0,49.55,78.62,0,DS3
75.18,73.92,75.0,49.55,78.62,0,DS3
75.18,73.92,50.0,49.55,78.62,0,DS3
75.18,73.92,52.0,49.55,78.62,0,DS3
75.18,73.92,87.0,49.55,78.62,0,DS3
75.18,73.92,78.0,49.55,78.62,0,DS3
75.18,73.92,88.0,49.55,78.62,0,DS3
75.18,73.92,97.0,49.55,78.62,0,DS3
75.18,73.92,73.0,49.55,78.62,0,DS3
75.18,73.92,54.0,49.55,78.62,0,DS3
75.18,73.92,81.0,49.55,78.62,0,DS3
75.18,73.92,55.0,49.55,78.62,0,DS3
75.18,73.92,81.0,49.55,78.62,0,DS3
75.18,73.92,76.0,49.55,78.62,0,DS3
75.18,73.92,86.0,49.55,78.62,0,DS3
75.18,73.92,68.0,49.55,78.62,0,DS3
75.18,73.92,57.0,49.55,78.62,0,DS3
75.18,73.92,62.0,49.55,78.62,0,DS3
75.18,73.92,84.0,49.55,78.62,0,DS3
75.18,73.92,74.0,49.55,78.62,0,DS3
75.18,73.92,77.0,49.55,78.62,0,DS3
75.18,73.92,66.0,49.55,78.62,0,DS3
75.18,73.92,92.0,49.55,78.62,0,DS3
75.18,73.92,100.0,49.55,78.62,0,DS3
75.18,73.92,66.0,49.55,78.62,0,DS3
75.18,73.92,86.0,49.55,78.62,0,DS3
75.18,73.92,59.0,49.55,78.62,0,DS3
75.18,73.92,87.0,49.55,78.62,0,DS3
75.18,73.92,72.0,49.55,78.62,0,DS3
75.18,73.92,80.0,49.55,78.62,0,DS3
75.18,73.92,62.0,49.55,78.62,0,DS3
75.18,73.92,93.0,49.55,78.62,0,DS3
75.18,73.92,59.0,49.55,78.62,0,DS3
75.18,73.92,96.0,49.55,78.62,0,DS3
75.18,73.92,53.0,49.55,78.62,0,DS3
75.18,73.92,64.0,49.55,78.62,0,DS3
75.18,73.92,78.0,49.55,78.62,0,DS3
75.18,73.92,93.0,49.55,78.62,0,DS3
75.18,73.92,79.0,49.55,78.62,0,DS3
75.18,73.92,61.0,49.55,78.62,0,DS3
75.18,73.92,93.0,49.55,78.62,0,DS3
75.18,73.92,80.0,49.55,78.62,0,DS3
75.18,73.92,62.0,49.55,78.62,0,DS3
75.18,73.92,78.0,49.55,78.62,0,DS3
75.18,73.92,84.0,49.55,78.62,0,DS3
75.18,73.92,84.0,49.55,78.62,0,DS3
75.18,73.92,86.0,49.55,78.62,0,DS3
75.18,73.92,95.0,49.55,78.62,0,DS3
75.18,73.92,91.0,49.55,78.62,0,DS3
75.18,73.92,80.0,49.55,78.62,0,DS3
75.18,73.92,52.0,49.55,78.62,0,DS3
75.18,73.92,87.0,49.55,78.62,0,DS3
75.18,73.92,99.0,49.55,78.62,0,DS3
75.18,73.92,65.0,49.55,78.62,0,DS3
75.18,73.92,80.0,49.55,78.62,0,DS3
75.18,73.92,88.0,49.55,78.62,0,DS3
75.18,73.92,82.0,49.55,78.62,0,DS3
75.18,73.92,96.0,49.55,78.62,0,DS3
75.18,73.92,74.0,49.55,78.62,0,DS3
75.18,73.92,77.0,49.55,78.62,0,DS3
75.18,73.92,52.0,49.55,78.62,0,DS3
75.18,73.92,95.0,49.55,78.62,0,DS3
75.18,73.92,63.0,49.55,78.62,0,DS3
75.18,73.92,99.0,49.55,78.62,0,DS3
75.18,73.92,60.0,49.55,78.62,0,DS3
75.18,73.92,63.0,49.55,78.62,0,DS3
75.18,73.92,74.0,49.55,78.62,0,DS3
75.18,73.92,83.0,49.55,78.62,0,DS3
75.18,73.92,72.0,49.55,78.62,0,DS3
75.18,73.92,68.0,49.55,78.62,0,DS3
75.18,73.92,77.0,49.55,78.62,0,DS3
75.18,73.92,98.0,49.55,78.62,0,DS3
75.18,73.92,98.0,49.55,78.62,0,DS3
75.18,73.92,66.0,49.55,78.62,0,DS3
75.18,73.92,84.0,49.55,78.62,0,DS3
75.18,73.92,86.0,49.55,78.62,0,DS3
75.18,73.92,83.0,49.55,78.62,0,DS3
75.18,73.92,56.0,49.55,78.62,0,DS3
75.18,73.92,77.0,49.55,78.62,0,DS3
75.18,73.92,88.0,49.55,78.62,0,DS3
75.18,73.92,60.0,49.55,78.62,0,DS3
75.18,73.92,67.0,49.55,78.62,0,DS3
75.18,73.92,60.0,49.55,78.62,0,DS3
75.18,73.92,94.0,49.55,78.62,0,DS3
75.18,73.92,93.0,49.55,78.62,0,DS3
75.18,73.92,58.0,49.55,78.62,0,DS3
75.18,73.92,88.0,49.55,78.62,0,DS3
75.18,73.92,68.0,49.55,78.62,0,DS3
75.18,73.92,84.0,49.55,78.62,0,DS3
75.18,73.92,75.0,49.55,78.62,0,DS3
75.18,73.92,74.0,49.55,78.62,0,DS3
75.18,73.92,94.0,49.55,78.62,0,DS3
75.18,73.92,82.0,49.55,78.62,0,DS3
75.18,73.92,62.0,49.55,78.62,0,DS3
75.18,73.92,56.0,49.55,78.62,0,DS3
75.18,73.92,97.0,49.55,78.62,0,DS3
75.18,73.92,58.0,49.55,78.62,0,DS3
75.18,73.92,87.0,49.55,78.62,0,DS3
75.18,73.92,75.0,49.55,78.62,0,DS3
75.18,73.92,57.0,49.55,78.62,0,DS3
75.18,73.92,89.0,49.55,78.62,0,DS3
75.18,73.92,95.0,49.55,78.62,0,DS3
75.18,73.92,56.0,49.55,78.62,0,DS3
75.18,73.92,53.0,49.55,78.62,0,DS3
75.18,73.92,92.0,49.55,78.62,0,DS3
75.18,73.92,75.0,49.55,78.62,0,DS3
75.18,73.92,84.0,49.55,78.62,0,DS3
75.18,73.92,72.0,49.55,78.62,0,DS3
75.18,73.92,71.0,49.55,78.62,0,DS3
75.18,73.92,65.0,49.55,78.62,0,DS3
75.18,73.92,78.0,49.55,78.62,0,DS3
75.18,73.92,58.0,49.55,78.62,0,DS3
75.18,73.92,86.0,49.55,78.62,0,DS3
75.18,73.92,77.0,49.55,78.62,0,DS3
75.18,73.92,92.0,49.55,78.62,0,DS3
75.18,73.92,96.0,49.55,78.62,0,DS3
75.18,73.92,95.0,49.55,78.62,0,DS3
75.18,73.92,80.0,49.55,78.62,0,DS3
75.18,73.92,66.0,49.55,78.62,0,DS3
75.18,73.92,68.0,49.55,78.62,0,DS3
75.18,73.92,83.0,49.55,78.62,0,DS3
75.18,73.92,86.0,49.55,78.62,0,DS3
75.18,73.92,58.0,49.55,78.62,0,DS3
75.18,73.92,100.0,49.55,78.62,0,DS3
75.18,73.92,55.0,49.55,78.62,0,DS3
75.18,73.92,80.0,49.55,78.62,0,DS3
75.18,73.92,77.0,49.55,78.62,0,DS3
75.18,73.92,80.0,49.55,78.62,0,DS3
75.18,73.92,77.0,49.55,78.62,0,DS3
75.18,73.92,53.0,49.55,78.62,0,DS3
75.18,73.92,100.0,49.55,78.62,0,DS3
75.18,73.92,99.0,49.55,78.62,0,DS3
75.18,73.92,76.0,49.55,78.62,0,DS3
75.18,73.92,60.0,49.55,78.62,0,DS3
75.18,73.92,59.0,49.55,78.62,0,DS3
75.18,73.92,53.0,49.55,78.62,0,DS3
75.18,73.92,81.0,49.55,78.62,0,DS3
75.18,73.92,74.0,49.55,78.62,0,DS3
75.18,73.92,71.0,49.55,78.62,0,DS3
75.18,73.92,76.0,49.55,78.62,0,DS3
75.18,73.92,94.0,49.55,78.62,0,DS3
75.18,73.92,54.0,49.55,78.62,0,DS3
75.18,73.92,77.0,49.55,78.62,0,DS3
75.18,73.92,85.0,49.55,78.62,0,DS3
75.18,73.92,99.0,49.55,78.62,0,DS3
75.18,73.92,87.0,49.55,78.62,0,DS3
75.18,73.92,77.0,49.55,78.62,0,DS3
75.18,73.92,88.0,49.55,78.62,0,DS3
75.18,73.92,100.0,49.55,78.62,0,DS3
75.18,73.92,94.0,49.55,78.62,0,DS3
75.18,73.92,54.0,49.55,78.62,0,DS3
75.18,73.92,79.0,49.55,78.62,0,DS3
75.18,73.92,89.0,49.55,78.62,0,DS3
75.18,73.92,84.0,49.55,78.62,0,DS3
75.18,73.92,71.0,49.55,78.62,0,DS3
75.18,73.92,66.0,49.55,78.62,0,DS3
75.18,73.92,81.0,49.55,78.62,0,DS3
75.18,73.92,71.0,49.55,78.62,0,DS3
75.18,73.92,70.0,49.55,78.62,0,DS3
75.18,73.92,92.0,49.55,78.62,0,DS3
75.18,73.92,66.0,49.55,78.62,0,DS3
75.18,73.92,82.0,49.55,78.62,0,DS3
75.18,73.92,94.0,49.55,78.62,0,DS3
75.18,73.92,81.0,49.55,78.62,0,DS3
75.18,73.92,75.0,49.55,78.62,0,DS3
75.18,73.92,52.0,49.55,78.62,0,DS3
75.18,73.92,84.0,49.55,78.62,0,DS3
75.18,73.92,100.0,49.55,78.62,0,DS3
75.18,73.92,90.0,49.55,78.62,0,DS3
75.18,73.92,82.0,49.55,78.62,0,DS3
75.18,73.92,73.0,49.55,78.62,0,DS3
75.18,73.92,61.0,49.55,78.62,0,DS3
75.18,73.92,85.0,49.55,78.62,0,DS3
75.18,73.92,59.0,49.55,78.62,0,DS3
75.18,73.92,94.0,49.55,78.62,0,DS3
75.18,73.92,68.0,49.55,78.62,0,DS3
75.18,73.92,70.0,49.55,78.62,0,DS3
75.18,73.92,61.0,49.55,78.62,0,DS3
75.18,73.92,74.0,49.55,78.62,0,DS3
75.18,73.92,84.0,49.55,78.62,0,DS3
75.18,73.92,65.0,49.55,78.62,0,DS3
75.18,73.92,85.0,49.55,78.62,0,DS3
75.18,73.92,81.0,49.55,78.62,0,DS3
75.18,73.92,69.0,49.55,78.62,0,DS3
75.18,73.92,66.0,49.55,78.62,0,DS3
75.18,73.92,93.0,49.55,78.62,0,DS3
75.18,73.92,51.0,49.55,78.62,0,DS3
75.18,73.92,86.0,49.55,78.62,0,DS3
75.18,73.92,71.0,49.55,78.62,0,DS3
75.18,73.92,86.0,49.55,78.62,0,DS3
75.18,73.92,75.0,49.55,78.62,0,DS3
75.18,73.92,54.0,49.55,78.62,0,DS3
75.18,73.92,99.0,49.55,78.62,0,DS3
75.18,73.92,54.0,49.55,78.62,0,DS3
75.18,73.92,58.0,49.55,78.62,0,DS3
75.18,73.92,71.0,49.55,78.62,0,DS3
75.18,73.92,97.0,49.55,78.62,0,DS3
75.18,73.92,65.0,49.55,78.62,0,DS3
75.18,73.92,78.0,49.55,78.62,0,DS3
75.18,73.92,76.0,49.55,78.62,0,DS3
75.18,73.92,67.0,49.55,78.62,0,DS3
75.18,73.92,85.0,49.55,78.62,0,DS3
75.18,73.92,75.0,49.55,78.62,0,DS3
75.18,73.92,79.0,49.55,78.62,0,DS3
75.18,73.92,61.0,49.55,78.62,0,DS3
75.18,73.92,96.0,49.55,78.62,0,DS3
75.18,73.92,56.0,49.55,78.62,0,DS3
75.18,73.92,85.0,49.55,78.62,0,DS3
75.18,73.92,94.0,49.55,78.62,0,DS3
75.18,73.92,54.0,49.55,78.62,0,DS3
75.18,73.92,51.0,49.55,78.62,0,DS3
75.18,73.92,67.0,49.55,78.62,0,DS3
75.18,73.92,89.0,49.55,78.62,0,DS3
75.18,73.92,86.0,49.55,78.62,0,DS3
75.18,73.92,91.0,49.55,78.62,0,DS3
75.18,73.92,70.0,49.55,78.62,0,DS3
75.18,73.92,100.0,49.55,78.62,0,DS3
75.18,73.92,68.0,49.55,78.62,0,DS3
75.18,73.92,90.0,49.55,78.62,0,DS3
75.18,73.92,68.0,49.55,78.62,0,DS3
75.18,73.92,61.0,49.55,78.62,0,DS3
75.18,73.92,67.0,49.55,78.62,0,DS3
75.18,73.92,60.0,49.55,78.62,0,DS3
75.18,73.92,56.0,49.55,78.62,0,DS3
75.18,73.92,68.0,49.55,78.62,0,DS3
75.18,73.92,57.0,49.55,78.62,0,DS3
75.18,73.92,75.0,49.55,78.62,0,DS3
75.18,73.92,52.0,49.55,78.62,0,DS3
75.18,73.92,72.0,49.55,78.62,0,DS3
75.18,73.92,98.0,49.55,78.62,0,DS3
75.18,73.92,68.0,49.55,78.62,0,DS3
75.18,73.92,57.0,49.55,78.62,0,DS3
75.18,73.92,65.0,49.55,78.62,0,DS3
75.18,73.92,90.0,49.55,78.62,0,DS3
75.18,73.92,66.0,49.55,78.62,0,DS3
75.18,73.92,69.0,49.55,78.62,0,DS3
75.18,73.92,89.0,49.55,78.62,0,DS3
75.18,73.92,63.0,49.55,78.62,0,DS3
75.18,73.92,74.0,49.55,78.62,0,DS3
75.18,73.92,53.0,49.55,78.62,0,DS3
75.18,73.92,59.0,49.55,78.62,0,DS3
75.18,73.92,60.0,49.55,78.62,0,DS3
75.18,73.92,73.0,49.55,78.62,0,DS3
75.18,73.92,91.0,49.55,78.62,0,DS3
75.18,73.92,68.0,49.55,78.62,0,DS3
75.18,73.92,69.0,49.55,78.62,0,DS3
75.18,73.92,65.0,49.55,78.62,0,DS3
75.18,73.92,66.0,49.55,78.62,0,DS3
75.18,73.92,70.0,49.55,78.62,0,DS3
75.18,73.92,95.0,49.55,78.62,0,DS3
75.18,73.92,51.0,49.55,78.62,0,DS3
75.18,73.92,81.0,49.55,78.62,0,DS3
75.18,73.92,94.0,49.55,78.62,0,DS3
75.18,73.92,71.0,49.55,78.62,0,DS3
75.18,73.92,83.0,49.55,78.62,0,DS3
75.18,73.92,79.0,49.55,78.62,0,DS3
75.18,73.92,67.0,49.55,78.62,0,DS3
75.18,73.92,57.0,49.55,78.62,0,DS3
75.18,73.92,61.0,49.55,78.62,0,DS3
75.18,73.92,53.0,49.55,78.62,0,DS3
75.18,73.92,88.0,49.55,78.62,0,DS3
75.18,73.92,77.0,49.55,78.62,0,DS3
75.18,73.92,89.0,49.55,78.62,0,DS3
75.18,73.92,65.0,49.55,78.62,0,DS3
75.18,73.92,90.0,49.55,78.62,0,DS3
75.18,73.92,65.0,49.55,78.62,0,DS3
75.18,73.92,56.0,49.55,78.62,0,DS3
75.18,73.92,77.0,49.55,78.62,0,DS3
75.18,73.92,97.0,49.55,78.62,0,DS3
75.18,73.92,71.0,49.55,78.62,0,DS3
75.18,73.92,76.0,49.55,78.62,0,DS3
75.18,73.92,73.0,49.55,78.62,0,DS3
75.18,73.92,73.0,49.55,78.62,0,DS3
75.18,73.92,61.0,49.55,78.62,0,DS3
75.18,73.92,71.0,49.55,78.62,0,DS3
75.18,73.92,75.0,49.55,78.62,0,DS3
75.18,73.92,87.0,49.55,78.62,0,DS3
75.18,73.92,57.0,49.55,78.62,0,DS3
75.18,73.92,79.0,49.55,78.62,0,DS3
75.18,73.92,83.0,49.55,78.62,0,DS3
75.18,73.92,69.0,49.55,78.62,0,DS3
75.18,73.92,77.0,49.55,78.62,0,DS3
75.18,73.92,86.0,49.55,78.62,0,DS3
75.18,73.92,73.0,49.55,78.62,0,DS3
75.18,73.92,67.0,49.55,78.62,0,DS3
75.18,73.92,91.0,49.55,78.62,0,DS3
75.18,73.92,99.0,49.55,78.62,0,DS3
75.18,73.92,61.0,49.55,78.62,0,DS3
75.18,73.92,94.0,49.55,78.62,0,DS3
75.18,73.92,77.0,49.55,78.62,0,DS3
75.18,73.92,72.0,49.55,78.62,0,DS3
75.18,73.92,95.0,49.55,78.62,0,DS3
75.18,73.92,96.0,49.55,78.62,0,DS3
75.18,73.92,64.0,49.55,78.62,0,DS3
75.18,73.92,68.0,49.55,78.62,0,DS3
75.18,73.92,93.0,49.55,78.62,0,DS3
75.18,73.92,75.0,49.55,78.62,0,DS3
75.18,73.92,64.0,49.55,78.62,0,DS3
75.18,73.92,98.0,49.55,78.62,0,DS3
75.18,73.92,61.0,49.55,78.62,0,DS3
75.18,73.92,81.0,49.55,78.62,0,DS3
75.18,73.92,71.0,49.55,78.62,0,DS3
75.18,73.92,73.0,49.55,78.62,0,DS3
75.18,73.92,55.0,49.55,78.62,0,DS3
75.18,73.92,63.0,49.55,78.62,0,DS3
75.18,73.92,58.0,49.55,78.62,0,DS3
75.18,73.92,87.0,49.55,78.62,0,DS3
75.18,73.92,85.0,49.55,78.62,0,DS3
75.18,73.92,90.0,49.55,78.62,0,DS3
75.18,73.92,85.0,49.55,78.62,0,DS3
75.18,73.92,56.0,49.55,78.62,0,DS3
75.18,73.92,99.0,49.55,78.62,0,DS3
75.18,73.92,59.0,49.55,78.62,0,DS3
75.18,73.92,68.0,49.55,78.62,0,DS3
75.18,73.92,85.0,49.55,78.62,0,DS3
75.18,73.92,57.0,49.55,78.62,0,DS3
75.18,73.92,59.0,49.55,78.62,0,DS3
75.18,73.92,94.0,49.55,78.62,0,DS3
75.18,73.92,67.0,49.55,78.62,0,DS3
75.18,73.92,83.0,49.55,78.62,0,DS3
75.18,73.92,93.0,49.55,78.62,0,DS3
75.18,73.92,99.0,49.55,78.62,0,DS3
75.18,73.92,61.0,49.55,78.62,0,DS3
75.18,73.92,56.0,49.55,78.62,0,DS3
75.18,73.92,87.0,49.55,78.62,0,DS3
75.18,73.92,59.0,49.55,78.62,0,DS3
75.18,73.92,79.0,49.55,78.62,0,DS3
75.18,73.92,77.0,49.55,78.62,0,DS3
75.18,73.92,78.0,49.55,78.62,0,DS3
75.18,73.92,82.0,49.55,78.62,0,DS3
75.18,73.92,93.0,49.55,78.62,0,DS3
75.18,73.92,64.0,49.55,78.62,0,DS3
75.18,73.92,78.0,49.55,78.62,0,DS3
75.18,73.92,67.0,49.55,78.62,0,DS3
75.18,73.92,66.0,49.55,78.62,0,DS3
75.18,73.92,51.0,49.55,78.62,0,DS3
75.18,73.92,80.0,49.55,78.62,0,DS3
75.18,73.92,99.0,49.55,78.62,0,DS3
75.18,73.92,88.0,49.55,78.62,0,DS3
75.18,73.92,62.0,49.55,78.62,0,DS3
75.18,73.92,86.0,49.55,78.62,0,DS3
75.18,73.92,65.0,49.55,78.62,0,DS3
75.18,73.92,88.0,49.55,78.62,0,DS3
75.18,73.92,93.0,49.55,78.62,0,DS3
75.18,73.92,67.0,49.55,78.62,0,DS3
75.18,73.92,50.0,49.55,78.62,0,DS3
75.18,73.92,65.0,49.55,78.62,0,DS3
75.18,73.92,60.0,49.55,78.62,0,DS3
75.18,73.92,81.0,49.55,78.62,0,DS3
75.18,73.92,65.0,49.55,78.62,0,DS3
75.18,73.92,52.0,49.55,78.62,0,DS3
75.18,73.92,77.0,49.55,78.62,0,DS3
75.18,73.92,94.0,49.55,78.62,0,DS3
75.18,73.92,73.0,49.55,78.62,0,DS3
75.18,73.92,69.0,49.55,78.62,0,DS3
75.18,73.92,59.0,49.55,78.62,0,DS3
75.18,73.92,69.0,49.55,78.62,0,DS3
75.18,73.92,67.0,49.55,78.62,0,DS3
75.18,73.92,100.0,49.55,78.62,0,DS3
75.18,73.92,52.0,49.55,78.62,0,DS3
75.18,73.92,62.0,49.55,78.62,0,DS3
75.18,73.92,53.0,49.55,78.62,0,DS3
75.18,73.92,93.0,49.55,78.62,0,DS3
75.18,73.92,71.0,49.55,78.62,0,DS3
75.18,73.92,90.0,49.55,78.62,0,DS3
75.18,73.92,85.0,49.55,78.62,0,DS3
75.18,73.92,96.0,49.55,78.62,0,DS3
75.18,73.92,51.0,49.55,78.62,0,DS3
75.18,73.92,60.0,49.55,78.62,0,DS3
75.18,73.92,85.0,49.55,78.62,0,DS3
75.18,73.92,79.0,49.55,78.62,0,DS3
75.18,73.92,85.0,49.55,78.62,0,DS3
75.18,73.92,79.0,49.55,78.62,0,DS3
75.18,73.92,79.0,49.55,78.62,0,DS3
75.18,73.92,97.0,49.55,78.62,0,DS3
75.18,73.92,96.0,49.55,78.62,0,DS3
75.18,73.92,52.0,49.55,78.62,0,DS3
75.18,73.92,71.0,49.55,78.62,0,DS3
75.18,73.92,76.0,49.55,78.62,0,DS3
75.18,73.92,68.0,49.55,78.62,0,DS3
75.18,73.92,52.0,49.55,78.62,0,DS3
75.18,73.92,74.0,49.55,78.62,0,DS3
75.18,73.92,99.0,49.55,78.62,0,DS3
75.18,73.92,54.0,49.55,78.62,0,DS3
75.18,73.92,91.0,49.55,78.62,0,DS3
75.18,73.92,60.0,49.55,78.62,0,DS3
75.18,73.92,79.0,49.55,78.62,0,DS3
75.18,73.92,69.0,49.55,78.62,0,DS3
75.18,73.92,67.0,49.55,78.62,0,DS3
75.18,73.92,94.0,49.55,78.62,0,DS3
75.18,73.92,99.0,49.55,78.62,0,DS3
75.18,73.92,69.0,49.55,78.62,0,DS3
75.18,73.92,82.0,49.55,78.62,0,DS3
75.18,73.92,78.0,49.55,78.62,0,DS3
75.18,73.92,54.0,49.55,78.62,0,DS3
75.18,73.92,52.0,49.55,78.62,0,DS3
75.18,73.92,89.0,49.55,78.62,0,DS3
75.18,73.92,70.0,49.55,78.62,0,DS3
75.18,73.92,65.0,49.55,78.62,0,DS3
75.18,73.92,99.0,49.55,78.62,0,DS3
75.18,73.92,54.0,49.55,78.62,0,DS3
75.18,73.92,63.0,49.55,78.62,0,DS3
75.18,73.92,93.0,49.55,78.62,0,DS3
75.18,73.92,71.0,49.55,78.62,0,DS3
75.18,73.92,79.0,49.55,78.62,0,DS3
75.18,73.92,52.0,49.55,78.62,0,DS3
75.18,73.92,96.0,49.55,78.62,0,DS3
75.18,73.92,57.0,49.55,78.62,0,DS3
75.18,73.92,61.0,49.55,78.62,0,DS3
75.18,73.92,58.0,49.55,78.62,0,DS3
75.18,73.92,75.0,49.55,78.62,0,DS3
75.18,73.92,91.0,49.55,78.62,0,DS3
75.18,73.92,63.0,49.55,78.62,0,DS3
75.18,73.92,57.0,49.55,78.62,0,DS3
75.18,73.92,70.0,49.55,78.62,0,DS3
75.18,73.92,99.0,49.55,78.62,0,DS3
75.18,73.92,51.0,49.55,78.62,0,DS3
75.18,73.92,75.0,49.55,78.62,0,DS3
75.18,73.92,83.0,49.55,78.62,0,DS3
75.18,73.92,90.0,49.55,78.62,0,DS3
75.18,73.92,87.0,49.55,78.62,0,DS3
75.18,73.92,54.0,49.55,78.62,0,DS3
75.18,73.92,73.0,49.55,78.62,0,DS3
75.18,73.92,54.0,49.55,78.62,0,DS3
75.18,73.92,81.0,49.55,78.62,0,DS3
75.18,73.92,54.0,49.55,78.62,0,DS3
75.18,73.92,52.0,49.55,78.62,0,DS3
75.18,73.92,65.0,49.55,78.62,0,DS3
75.18,73.92,97.0,49.55,78.62,0,DS3
75.18,73.92,85.0,49.55,78.62,0,DS3
75.18,73.92,50.0,49.55,78.62,0,DS3
75.18,73.92,64.0,49.55,78.62,0,DS3
75.18,73.92,51.0,49.55,78.62,0,DS3
75.18,73.92,65.0,49.55,78.62,0,DS3
75.18,73.92,84.0,49.55,78.62,0,DS3
75.18,73.92,88.0,49.55,78.62,0,DS3
75.18,73.92,90.0,49.55,78.62,0,DS3
75.18,73.92,95.0,49.55,78.62,0,DS3
75.18,73.92,68.0,49.55,78.62,0,DS3
75.18,73.92,93.0,49.55,78.62,0,DS3
75.18,73.92,86.0,49.55,78.62,0,DS3
75.18,73.92,77.0,49.55,78.62,0,DS3
75.18,73.92,98.0,49.55,78.62,0,DS3
75.18,73.92,97.0,49.55,78.62,0,DS3
75.18,73.92,95.0,49.55,78.62,0,DS3
75.18,73.92,60.0,49.55,78.62,0,DS3
75.18,73.92,60.0,49.55,78.62,0,DS3
75.18,73.92,95.0,49.55,78.62,0,DS3
75.18,73.92,70.0,49.55,78.62,0,DS3
75.18,73.92,90.0,49.55,78.62,0,DS3
75.18,73.92,84.0,49.55,78.62,0,DS3
75.18,73.92,88.0,49.55,78.62,0,DS3
75.18,73.92,51.0,49.55,78.62,0,DS3
75.18,73.92,71.0,49.55,78.62,0,DS3
75.18,73.92,93.0,49.55,78.62,0,DS3
75.18,73.92,74.0,49.55,78.62,0,DS3
75.18,73.92,85.0,49.55,78.62,0,DS3
75.18,73.92,88.0,49.55,78.62,0,DS3
75.18,73.92,56.0,49.55,78.62,0,DS3
75.18,73.92,58.0,49.55,78.62,0,DS3
75.18,73.92,86.0,49.55,78.62,0,DS3
75.18,73.92,53.0,49.55,78.62,0,DS3
75.18,73.92,67.0,49.55,78.62,0,DS3
75.18,73.92,96.0,49.55,78.62,0,DS3
75.18,73.92,79.0,49.55,78.62,0,DS3
75.18,73.92,96.0,49.55,78.62,0,DS3
75.18,73.92,65.0,49.55,78.62,0,DS3
75.18,73.92,82.0,49.55,78.62,0,DS3
75.18,73.92,64.0,49.55,78.62,0,DS3
75.18,73.92,56.0,49.55,78.62,0,DS3
75.18,73.92,100.0,49.55,78.62,0,DS3
75.18,73.92,59.0,49.55,78.62,0,DS3
75.18,73.92,59.0,49.55,78.62,0,DS3
75.18,73.92,92.0,49.55,78.62,0,DS3
75.18,73.92,90.0,49.55,78.62,0,DS3
75.18,73.92,99.0,49.55,78.62,0,DS3
75.18,73.92,54.0,49.55,78.62,0,DS3
75.18,73.92,55.0,49.55,78.62,0,DS3
75.18,73.92,72.0,49.55,78.62,0,DS3
75.18,73.92,80.0,49.55,78.62,0,DS3
75.18,73.92,52.0,49.55,78.62,0,DS3
75.18,73.92,58.0,49.55,78.62,0,DS3
75.18,73.92,85.0,49.55,78.62,0,DS3
75.18,73.92,83.0,49.55,78.62,0,DS3
75.18,73.92,54.0,49.55,78.62,0,DS3
75.18,73.92,97.0,49.55,78.62,0,DS3
75.18,73.92,63.0,49.55,78.62,0,DS3
75.18,73.92,94.0,49.55,78.62,0,DS3
75.18,73.92,96.0,49.55,78.62,0,DS3
75.18,73.92,75.0,49.55,78.62,0,DS3
75.18,73.92,71.0,49.55,78.62,0,DS3
75.18,73.92,64.0,49.55,78.62,0,DS3
75.18,73.92,90.0,49.55,78.62,0,DS3
75.18,73.92,60.0,49.55,78.62,0,DS3
75.18,73.92,81.0,49.55,78.62,0,DS3
75.18,73.92,78.0,49.55,78.62,0,DS3
75.18,73.92,62.0,49.55,78.62,0,DS3
75.18,73.92,99.0,49.55,78.62,0,DS3
75.18,73.92,92.0,49.55,78.62,0,DS3
75.18,73.92,51.0,49.55,78.62,0,DS3
75.18,73.92,71.0,49.55,78.62,0,DS3
75.18,73.92,68.0,49.55,78.62,0,DS3
75.18,73.92,94.0,49.55,78.62,0,DS3
75.18,73.92,63.0,49.55,78.62,0,DS3
75.18,73.92,100.0,49.55,78.62,0,DS3
75.18,73.92,60.0,49.55,78.62,0,DS3
75.18,73.92,62.0,49.55,78.62,0,DS3
75.18,73.92,83.0,49.55,78.62,0,DS3
75.18,73.92,58.0,49.55,78.62,0,DS3
75.18,73.92,94.0,49.55,78.62,0,DS3
75.18,73.92,55.0,49.55,78.62,0,DS3
75.18,73.92,99.0,49.55,78.62,0,DS3
75.18,73.92,94.0,49.55,78.62,0,DS3
75.18,73.92,92.0,49.55,78.62,0,DS3
75.18,73.92,70.0,49.55,78.62,0,DS3
75.18,73.92,76.0,49.55,78.62,0,DS3
75.18,73.92,73.0,49.55,78.62,0,DS3
75.18,73.92,99.0,49.55,78.62,0,DS3
75.18,73.92,52.0,49.55,78.62,0,DS3
75.18,73.92,69.0,49.55,78.62,0,DS3
75.18,73.92,98.0,49.55,78.62,0,DS3
75.18,73.92,68.0,49.55,78.62,0,DS3
75.18,73.92,70.0,49.55,78.62,0,DS3
75.18,73.92,82.0,49.55,78.62,0,DS3
75.18,73.92,95.0,49.55,78.62,0,DS3
75.18,73.92,65.0,49.55,78.62,0,DS3
75.18,73.92,97.0,49.55,78.62,0,DS3
75.18,73.92,64.0,49.55,78.62,0,DS3
75.18,73.92,91.0,49.55,78.62,0,DS3
75.18,73.92,64.0,49.55,78.62,0,DS3
75.18,73.92,54.0,49.55,78.62,0,DS3
75.18,73.92,91.0,49.55,78.62,0,DS3
75.18,73.92,73.0,49.55,78.62,0,DS3
75.18,73.92,70.0,49.55,78.62,0,DS3
75.18,73.92,71.0,49.55,78.62,0,DS3
75.18,73.92,81.0,49.55,78.62,0,DS3
75.18,73.92,63.0,49.55,78.62,0,DS3
75.18,73.92,62.0,49.55,78.62,0,DS3
75.18,73.92,74.0,49.55,78.62,0,DS3
75.18,73.92,52.0,49.55,78.62,0,DS3
75.18,73.92,82.0,49.55,78.62,0,DS3
75.18,73.92,91.0,49.55,78.62,0,DS3
75.18,73.92,86.0,49.55,78.62,0,DS3
75.18,73.92,73.0,49.55,78.62,0,DS3
75.18,73.92,78.0,49.55,78.62,0,DS3
75.18,73.92,51.0,49.55,78.62,0,DS3
75.18,73.92,96.0,49.55,78.62,0,DS3
75.18,73.92,78.0,49.55,78.62,0,DS3
75.18,73.92,66.0,49.55,78.62,0,DS3
75.18,73.92,65.0,49.55,78.62,0,DS3
75.18,73.92,83.0,49.55,78.62,0,DS3
75.18,73.92,79.0,49.55,78.62,0,DS3
75.18,73.92,59.0,49.55,78.62,0,DS3
75.18,73.92,70.0,49.55,78.62,0,DS3
75.18,73.92,84.0,49.55,78.62,0,DS3
75.18,73.92,65.0,49.55,78.62,0,DS3
75.18,73.92,75.0,49.55,78.62,0,DS3
75.18,73.92,63.0,49.55,78.62,0,DS3
75.18,73.92,54.0,49.55,78.62,0,DS3
75.18,73.92,69.0,49.55,78.62,0,DS3
75.18,73.92,87.0,49.55,78.62,0,DS3
75.18,73.92,61.0,49.55,78.62,0,DS3
75.18,73.92,88.0,49.55,78.62,0,DS3
75.18,73.92,83.0,49.55,78.62,0,DS3
75.18,73.92,75.0,49.55,78.62,0,DS3
75.18,73.92,99.0,49.55,78.62,0,DS3
75.18,73.92,94.0,49.55,78.62,0,DS3
75.18,73.92,78.0,49.55,78.62,0,DS3
75.18,73.92,78.0,49.55,78.62,0,DS3
75.18,73.92,64.0,49.55,78.62,0,DS3
75.18,73.92,96.0,49.55,78.62,0,DS3
75.18,73.92,95.0,49.55,78.62,0,DS3
75.18,73.92,87.0,49.55,78.62,0,DS3
75.18,73.92,56.0,49.55,78.62,0,DS3
75.18,73.92,85.0,49.55,78.62,0,DS3
75.18,73.92,63.0,49.55,78.62,0,DS3
75.18,73.92,59.0,49.55,78.62,0,DS3
75.18,73.92,88.0,49.55,78.62,0,DS3
75.18,73.92,98.0,49.55,78.62,0,DS3
75.18,73.92,55.0,49.55,78.62,0,DS3
75.18,73.92,58.0,49.55,78.62,0,DS3
75.18,73.92,61.0,49.55,78.62,0,DS3
75.18,73.92,98.0,49.55,78.62,0,DS3
75.18,73.92,85.0,49.55,78.62,0,DS3
75.18,73.92,84.0,49.55,78.62,0,DS3
75.18,73.92,75.0,49.55,78.62,0,DS3
75.18,73.92,77.0,49.55,78.62,0,DS3
75.18,73.92,65.0,49.55,78.62,0,DS3
75.18,73.92,58.0,49.55,78.62,0,DS3
75.18,73.92,89.0,49.55,78.62,0,DS3
75.18,73.92,74.0,49.55,78.62,0,DS3
75.18,73.92,63.0,49.55,78.62,0,DS3
75.18,73.92,82.0,49.55,78.62,0,DS3
75.18,73.92,60.0,49.55,78.62,0,DS3
75.18,73.92,74.0,49.55,78.62,0,DS3
75.18,73.92,60.0,49.55,78.62,0,DS3
75.18,73.92,88.0,49.55,78.62,0,DS3
75.18,73.92,66.0,49.55,78.62,0,DS3
75.18,73.92,72.0,49.55,78.62,0,DS3
75.18,73.92,88.0,49.55,78.62,0,DS3
75.18,73.92,83.0,49.55,78.62,0,DS3
75.18,73.92,70.0,49.55,78.62,0,DS3
75.18,73.92,54.0,49.55,78.62,0,DS3
75.18,73.92,96.0,49.55,78.62,0,DS3
75.18,73.92,50.0,49.55,78.62,0,DS3
75.18,73.92,87.0,49.55,78.62,0,DS3
75.18,73.92,97.0,49.55,78.62,0,DS3
75.18,73.92,65.0,49.55,78.62,0,DS3
75.18,73.92,54.0,49.55,78.62,0,DS3
75.18,73.92,62.0,49.55,78.62,0,DS3
75.18,73.92,66.0,49.55,78.62,0,DS3
75.18,73.92,73.0,49.55,78.62,0,DS3
75.18,73.92,76.0,49.55,78.62,0,DS3
75.18,73.92,86.0,49.55,78.62,0,DS3
75.18,73.92,95.0,49.55,78.62,0,DS3
75.18,73.92,73.0,49.55,78.62,0,DS3
75.18,73.92,87.0,49.55,78.62,0,DS3
75.18,73.92,56.0,49.55,78.62,0,DS3
75.18,73.92,66.0,49.55,78.62,0,DS3
75.18,73.92,56.0,49.55,78.62,0,DS3
75.18,73.92,85.0,49.55,78.62,0,DS3
75.18,73.92,95.0,49.55,78.62,0,DS3
75.18,73.92,94.0,49.55,78.62,0,DS3
75.18,73.92,66.0,49.55,78.62,0,DS3
75.18,73.92,62.0,49.55,78.62,0,DS3
75.18,73.92,64.0,49.55,78.62,0,DS3
75.18,73.92,64.0,49.55,78.62,0,DS3
75.18,73.92,54.0,49.55,78.62,0,DS3
75.18,73.92,57.0,49.55,78.62,0,DS3
75.18,73.92,61.0,49.55,78.62,0,DS3
75.18,73.92,50.0,49.55,78.62,0,DS3
75.18,73.92,52.0,49.55,78.62,0,DS3
75.18,73.92,85.0,49.55,78.62,0,DS3
75.18,73.92,81.0,49.55,78.62,0,DS3
75.18,73.92,97.0,49.55,78.62,0,DS3
75.18,73.92,70.0,49.55,78.62,0,DS3
75.18,73.92,72.0,49.55,78.62,0,DS3
75.18,73.92,53.0,49.55,78.62,0,DS3
75.18,73.92,58.0,49.55,78.62,0,DS3
75.18,73.92,85.0,49.55,78.62,0,DS3
75.18,73.92,62.0,49.55,78.62,0,DS3
75.18,73.92,89.0,49.55,78.62,0,DS3
75.18,73.92,85.0,49.55,78.62,0,DS3
75.18,73.92,87.0,49.55,78.62,0,DS3
75.18,73.92,85.0,49.55,78.62,0,DS3
75.18,73.92,85.0,49.55,78.62,0,DS3
75.18,73.92,77.0,49.55,78.62,0,DS3
75.18,73.92,84.0,49.55,78.62,0,DS3
75.18,73.92,76.0,49.55,78.62,0,DS3
75.18,73.92,60.0,49.55,78.62,0,DS3
75.18,73.92,61.0,49.55,78.62,0,DS3
75.18,73.92,70.0,49.55,78.62,0,DS3
75.18,73.92,51.0,49.55,78.62,0,DS3
75.18,73.92,94.0,49.55,78.62,0,DS3
75.18,73.92,63.0,49.55,78.62,0,DS3
75.18,73.92,53.0,49.55,78.62,0,DS3
75.18,73.92,71.0,49.55,78.62,0,DS3
75.18,73.92,91.0,49.55,78.62,0,DS3
75.18,73.92,70.0,49.55,78.62,0,DS3
75.18,73.92,63.0,49.55,78.62,0,DS3
75.18,73.92,77.0,49.55,78.62,0,DS3
75.18,73.92,79.0,49.55,78.62,0,DS3
75.18,73.92,88.0,49.55,78.62,0,DS3
75.18,73.92,90.0,49.55,78.62,0,DS3
75.18,73.92,85.0,49.55,78.62,0,DS3
75.18,73.92,50.0,49.55,78.62,0,DS3
75.18,73.92,50.0,49.55,78.62,0,DS3
75.18,73.92,99.0,49.55,78.62,0,DS3
75.18,73.92,63.0,49.55,78.62,0,DS3
75.18,73.92,64.0,49.55,78.62,0,DS3
75.18,73.92,87.0,49.55,78.62,0,DS3
75.18,73.92,79.0,49.55,78.62,0,DS3
75.18,73.92,73.0,49.55,78.62,0,DS3
75.18,73.92,56.0,49.55,78.62,0,DS3
75.18,73.92,54.0,49.55,78.62,0,DS3
75.18,73.92,85.0,49.55,78.62,0,DS3
75.18,73.92,56.0,49.55,78.62,0,DS3
75.18,73.92,72.0,49.55,78.62,0,DS3
75.18,73.92,87.0,49.55,78.62,0,DS3
75.18,73.92,96.0,49.55,78.62,0,DS3
75.18,73.92,94.0,49.55,78.62,0,DS3
75.18,73.92,93.0,49.55,78.62,0,DS3
75.18,73.92,68.0,49.55,78.62,0,DS3
75.18,73.92,96.0,49.55,78.62,0,DS3
75.18,73.92,84.0,49.55,78.62,0,DS3
75.18,73.92,94.0,49.55,78.62,0,DS3
75.18,73.92,54.0,49.55,78.62,0,DS3
75.18,73.92,52.0,49.55,78.62,0,DS3
75.18,73.92,71.0,49.55,78.62,0,DS3
75.18,73.92,91.0,49.55,78.62,0,DS3
75.18,73.92,70.0,49.55,78.62,0,DS3
75.18,73.92,94.0,49.55,78.62,0,DS3
75.18,73.92,62.0,49.55,78.62,0,DS3
75.18,73.92,52.0,49.55,78.62,0,DS3
75.18,73.92,88.0,49.55,78.62,0,DS3
75.18,73.92,81.0,49.55,78.62,0,DS3
75.18,73.92,72.0,49.55,78.62,0,DS3
75.18,73.92,92.0,49.55,78.62,0,DS3
75.18,73.92,91.0,49.55,78.62,0,DS3
75.18,73.92,66.0,49.55,78.62,0,DS3
75.18,73.92,92.0,49.55,78.62,0,DS3
75.18,73.92,67.0,49.55,78.62,0,DS3
75.18,73.92,81.0,49.55,78.62,0,DS3
75.18,73.92,60.0,49.55,78.62,0,DS3
75.18,73.92,63.0,49.55,78.62,0,DS3
75.18,73.92,72.0,49.55,78.62,0,DS3
75.18,73.92,66.0,49.55,78.62,0,DS3
75.18,73.92,56.0,49.55,78.62,0,DS3
75.18,73.92,74.0,49.55,78.62,0,DS3
75.18,73.92,76.0,49.55,78.62,0,DS3
75.18,73.92,58.0,49.55,78.62,0,DS3
75.18,73.92,59.0,49.55,78.62,0,DS3
75.18,73.92,51.0,49.55,78.62,0,DS3
75.18,73.92,52.0,49.55,78.62,0,DS3
75.18,73.92,68.0,49.55,78.62,0,DS3
75.18,73.92,57.0,49.55,78.62,0,DS3
75.18,73.92,96.0,49.55,78.62,0,DS3
75.18,73.92,60.0,49.55,78.62,0,DS3
75.18,73.92,53.0,49.55,78.62,0,DS3
75.18,73.92,70.0,49.55,78.62,0,DS3
75.18,73.92,60.0,49.55,78.62,0,DS3
75.18,73.92,53.0,49.55,78.62,0,DS3
75.18,73.92,88.0,49.55,78.62,0,DS3
75.18,73.92,78.0,49.55,78.62,0,DS3
75.18,73.92,53.0,49.55,78.62,0,DS3
75.18,73.92,73.0,49.55,78.62,0,DS3
75.18,73.92,52.0,49.55,78.62,0,DS3
75.18,73.92,68.0,49.55,78.62,0,DS3
75.18,73.92,68.0,49.55,78.62,0,DS3
75.18,73.92,91.0,49.55,78.62,0,DS3
75.18,73.92,87.0,49.55,78.62,0,DS3
75.18,73.92,95.0,49.55,78.62,0,DS3
75.18,73.92,57.0,49.55,78.62,0,DS3
75.18,73.92,77.0,49.55,78.62,0,DS3
75.18,73.92,51.0,49.55,78.62,0,DS3
75.18,73.92,91.0,49.55,78.62,0,DS3
75.18,73.92,68.0,49.55,78.62,0,DS3
75.18,73.92,53.0,49.55,78.62,0,DS3
75.18,73.92,66.0,49.55,78.62,0,DS3
75.18,73.92,64.0,49.55,78.62,0,DS3
75.18,73.92,88.0,49.55,78.62,0,DS3
75.18,73.92,56.0,49.55,78.62,0,DS3
75.18,73.92,78.0,49.55,78.62,0,DS3
75.18,73.92,90.0,49.55,78.62,0,DS3
75.18,73.92,87.0,49.55,78.62,0,DS3
75.18,73.92,97.0,49.55,78.62,0,DS3
75.18,73.92,50.0,49.55,78.62,0,DS3
75.18,73.92,68.0,49.55,78.62,0,DS3
75.18,73.92,68.0,49.55,78.62,0,DS3
75.18,73.92,52.0,49.55,78.62,0,DS3
75.18,73.92,91.0,49.55,78.62,0,DS3
75.18,73.92,84.0,49.55,78.62,0,DS3
75.18,73.92,76.0,49.55,78.62,0,DS3
75.18,73.92,70.0,49.55,78.62,0,DS3
75.18,73.92,95.0,49.55,78.62,0,DS3
75.18,73.92,63.0,49.55,78.62,0,DS3
75.18,73.92,67.0,49.55,78.62,0,DS3
75.18,73.92,98.0,49.55,78.62,0,DS3
75.18,73.92,53.0,49.55,78.62,0,DS3
75.18,73.92,89.0,49.55,78.62,0,DS3
75.18,73.92,86.0,49.55,78.62,0,DS3
75.18,73.92,95.0,49.55,78.62,0,DS3
75.18,73.92,55.0,49.55,78.62,0,DS3
75.18,73.92,99.0,49.55,78.62,0,DS3
75.18,73.92,51.0,49.55,78.62,0,DS3
75.18,73.92,67.0,49.55,78.62,0,DS3
75.18,73.92,54.0,49.55,78.62,0,DS3
75.18,73.92,53.0,49.55,78.62,0,DS3
75.18,73.92,98.0,49.55,78.62,0,DS3
75.18,73.92,86.0,49.55,78.62,0,DS3
75.18,73.92,75.0,49.55,78.62,0,DS3
75.18,73.92,55.0,49.55,78.62,0,DS3
75.18,73.92,76.0,49.55,78.62,0,DS3
75.18,73.92,66.0,49.55,78.62,0,DS3
75.18,73.92,64.0,49.55,78.62,0,DS3
75.18,73.92,81.0,49.55,78.62,0,DS3
75.18,73.92,90.0,49.55,78.62,0,DS3
75.18,73.92,72.0,49.55,78.62,0,DS3
75.18,73.92,75.0,49.55,78.62,0,DS3
75.18,73.92,83.0,49.55,78.62,0,DS3
75.18,73.92,56.0,49.55,78.62,0,DS3
75.18,73.92,91.0,49.55,78.62,0,DS3
75.18,73.92,92.0,49.55,78.62,0,DS3
75.18,73.92,77.0,49.55,78.62,0,DS3
75.18,73.92,59.0,49.55,78.62,0,DS3
75.18,73.92,75.0,49.55,78.62,0,DS3
75.18,73.92,55.0,49.55,78.62,0,DS3
75.18,73.92,88.0,49.55,78.62,0,DS3
75.18,73.92,66.0,49.55,78.62,0,DS3
75.18,73.92,66.0,49.55,78.62,0,DS3
75.18,73.92,97.0,49.55,78.62,0,DS3
75.18,73.92,71.0,49.55,78.62,0,DS3
75.18,73.92,89.0,49.55,78.62,0,DS3
75.18,73.92,82.0,49.55,78.62,0,DS3
75.18,73.92,66.0,49.55,78.62,0,DS3
75.18,73.92,56.0,49.55,78.62,0,DS3
75.18,73.92,90.0,49.55,78.62,0,DS3
75.18,73.92,88.0,49.55,78.62,0,DS3
75.18,73.92,58.0,49.55,78.62,0,DS3
75.18,73.92,62.0,49.55,78.62,0,DS3
75.18,73.92,88.0,49.55,78.62,0,DS3
75.18,73.92,99.0,49.55,78.62,0,DS3
75.18,73.92,92.0,49.55,78.62,0,DS3
75.18,73.92,84.0,49.55,78.62,0,DS3
75.18,73.92,96.0,49.55,78.62,0,DS3
75.18,73.92,64.0,49.55,78.62,0,DS3
75.18,73.92,50.0,49.55,78.62,0,DS3
75.18,73.92,66.0,49.55,78.62,0,DS3
75.18,73.92,99.0,49.55,78.62,0,DS3
75.18,73.92,94.0,49.55,78.62,0,DS3
75.18,73.92,53.0,49.55,78.62,0,DS3
75.18,73.92,75.0,49.55,78.62,0,DS3
75.18,73.92,54.0,49.55,78.62,0,DS3
75.18,73.92,89.0,49.55,78.62,0,DS3
75.18,73.92,69.0,49.55,78.62,0,DS3
75.18,73.92,96.0,49.55,78.62,0,DS3
75.18,73.92,53.0,49.55,78.62,0,DS3
75.18,73.92,87.0,49.55,78.62,0,DS3
75.18,73.92,70.0,49.55,78.62,0,DS3
75.18,73.92,63.0,49.55,78.62,0,DS3
75.18,73.92,76.0,49.55,78.62,0,DS3
75.18,73.92,74.0,49.55,78.62,0,DS3
75.18,73.92,67.0,49.55,78.62,0,DS3
75.18,73.92,82.0,49.55,78.62,0,DS3
75.18,73.92,83.0,49.55,78.62,0,DS3
75.18,73.92,54.0,49.55,78.62,0,DS3
75.18,73.92,80.0,49.55,78.62,0,DS3
75.18,73.92,86.0,49.55,78.62,0,DS3
75.18,73.92,54.0,49.55,78.62,0,DS3
75.18,73.92,83.0,49.55,78.62,0,DS3
75.18,73.92,90.0,49.55,78.62,0,DS3
75.18,73.92,92.0,49.55,78.62,0,DS3
75.18,73.92,52.0,49.55,78.62,0,DS3
75.18,73.92,85.0,49.55,78.62,0,DS3
75.18,73.92,90.0,49.55,78.62,0,DS3
75.18,73.92,70.0,49.55,78.62,0,DS3
75.18,73.92,77.0,49.55,78.62,0,DS3
75.18,73.92,63.0,49.55,78.62,0,DS3
75.18,73.92,66.0,49.55,78.62,0,DS3
75.18,73.92,75.0,49.55,78.62,0,DS3
75.18,73.92,58.0,49.55,78.62,0,DS3
75.18,73.92,69.0,49.55,78.62,0,DS3
75.18,73.92,65.0,49.55,78.62,0,DS3
75.18,73.92,62.0,49.55,78.62,0,DS3
75.18,73.92,74.0,49.55,78.62,0,DS3
75.18,73.92,92.0,49.55,78.62,0,DS3
75.18,73.92,62.0,49.55,78.62,0,DS3
75.18,73.92,83.0,49.55,78.62,0,DS3
75.18,73.92,63.0,49.55,78.62,0,DS3
75.18,73.92,57.0,49.55,78.62,0,DS3
75.18,73.92,97.0,49.55,78.62,0,DS3
75.18,73.92,82.0,49.55,78.62,0,DS3
75.18,73.92,55.0,49.55,78.62,0,DS3
75.18,73.92,82.0,49.55,78.62,0,DS3
75.18,73.92,59.0,49.55,78.62,0,DS3
75.18,73.92,94.0,49.55,78.62,0,DS3
75.18,73.92,62.0,49.55,78.62,0,DS3
75.18,73.92,90.0,49.55,78.62,0,DS3
75.18,73.92,60.0,49.55,78.62,0,DS3
75.18,73.92,78.0,49.55,78.62,0,DS3
75.18,73.92,96.0,49.55,78.62,0,DS3
75.18,73.92,65.0,49.55,78.62,0,DS3
75.18,73.92,54.0,49.55,78.62,0,DS3
75.18,73.92,78.0,49.55,78.62,0,DS3
75.18,73.92,59.0,49.55,78.62,0,DS3
75.18,73.92,86.0,49.55,78.62,0,DS3
75.18,73.92,80.0,49.55,78.62,0,DS3
75.18,73.92,67.0,49.55,78.62,0,DS3
75.18,73.92,85.0,49.55,78.62,0,DS3
75.18,73.92,62.0,49.55,78.62,0,DS3
75.18,73.92,96.0,49.55,78.62,0,DS3
75.18,73.92,67.0,49.55,78.62,0,DS3
75.18,73.92,88.0,49.55,78.62,0,DS3
75.18,73.92,63.0,49.55,78.62,0,DS3
75.18,73.92,86.0,49.55,78.62,0,DS3
75.18,73.92,52.0,49.55,78.62,0,DS3
75.18,73.92,65.0,49.55,78.62,0,DS3
75.18,73.92,55.0,49.55,78.62,0,DS3
75.18,73.92,73.0,49.55,78.62,0,DS3
75.18,73.92,72.0,49.55,78.62,0,DS3
75.18,73.92,68.0,49.55,78.62,0,DS3
75.18,73.92,99.0,49.55,78.62,0,DS3
75.18,73.92,62.0,49.55,78.62,0,DS3
75.18,73.92,90.0,49.55,78.62,0,DS3
75.18,73.92,72.0,49.55,78.62,0,DS3
75.18,73.92,67.0,49.55,78.62,0,DS3
75.18,73.92,60.0,49.55,78.62,0,DS3
75.18,73.92,82.0,49.55,78.62,0,DS3
75.18,73.92,67.0,49.55,78.62,0,DS3
75.18,73.92,91.0,49.55,78.62,0,DS3
75.18,73.92,98.0,49.55,78.62,0,DS3
75.18,73.92,61.0,49.55,78.62,0,DS3
75.18,73.92,56.0,49.55,78.62,0,DS3
75.18,73.92,66.0,49.55,78.62,0,DS3
75.18,73.92,73.0,49.55,78.62,0,DS3
75.18,73.92,65.0,49.55,78.62,0,DS3
75.18,73.92,99.0,49.55,78.62,0,DS3
75.18,73.92,89.0,49.55,78.62,0,DS3
75.18,73.92,98.0,49.55,78.62,0,DS3
75.18,73.92,69.0,49.55,78.62,0,DS3
75.18,73.92,65.0,49.55,78.62,0,DS3
75.18,73.92,70.0,49.55,78.62,0,DS3
75.18,73.92,76.0,49.55,78.62,0,DS3
75.18,73.92,87.0,49.55,78.62,0,DS3
75.18,73.92,94.0,49.55,78.62,0,DS3
75.18,73.92,73.0,49.55,78.62,0,DS3
75.18,73.92,64.0,49.55,78.62,0,DS3
75.18,73.92,66.0,49.55,78.62,0,DS3
75.18,73.92,85.0,49.55,78.62,0,DS3
75.18,73.92,78.0,49.55,78.62,0,DS3
75.18,73.92,74.0,49.55,78.62,0,DS3
75.18,73.92,60.0,49.55,78.62,0,DS3
75.18,73.92,94.0,49.55,78.62,0,DS3
75.18,73.92,89.0,49.55,78.62,0,DS3
75.18,73.92,57.0,49.55,78.62,0,DS3
75.18,73.92,68.0,49.55,78.62,0,DS3
75.18,73.92,77.0,49.55,78.62,0,DS3
75.18,73.92,73.0,49.55,78.62,0,DS3
75.18,73.92,70.0,49.55,78.62,0,DS3
75.18,73.92,86.0,49.55,78.62,0,DS3
75.18,73.92,53.0,49.55,78.62,0,DS3
75.18,73.92,74.0,49.55,78.62,0,DS3
75.18,73.92,63.0,49.55,78.62,0,DS3
75.18,73.92,54.0,49.55,78.62,0,DS3
75.18,73.92,73.0,49.55,78.62,0,DS3
75.18,73.92,59.0,49.55,78.62,0,DS3
75.18,73.92,63.0,49.55,78.62,0,DS3
75.18,73.92,75.0,49.55,78.62,0,DS3
75.18,73.92,99.0,49.55,78.62,0,DS3
75.18,73.92,84.0,49.55,78.62,0,DS3
75.18,73.92,64.0,49.55,78.62,0,DS3
75.18,73.92,69.0,49.55,78.62,0,DS3
75.18,73.92,70.0,49.55,78.62,0,DS3
75.18,73.92,58.0,49.55,78.62,0,DS3
75.18,73.92,58.0,49.55,78.62,0,DS3
75.18,73.92,57.0,49.55,78.62,0,DS3
75.18,73.92,76.0,49.55,78.62,0,DS3
75.18,73.92,84.0,49.55,78.62,0,DS3
75.18,73.92,80.0,49.55,78.62,0,DS3
75.18,73.92,99.0,49.55,78.62,0,DS3
75.18,73.92,56.0,49.55,78.62,0,DS3
75.18,73.92,99.0,49.55,78.62,0,DS3
75.18,73.92,73.0,49.55,78.62,0,DS3
75.18,73.92,61.0,49.55,78.62,0,DS3
75.18,73.92,97.0,49.55,78.62,0,DS3
75.18,73.92,73.0,49.55,78.62,0,DS3
75.18,73.92,67.0,49.55,78.62,0,DS3
75.18,73.92,61.0,49.55,78.62,0,DS3
75.18,73.92,63.0,49.55,78.62,0,DS3
75.18,73.92,99.0,49.55,78.62,0,DS3
75.18,73.92,65.0,49.55,78.62,0,DS3
75.18,73.92,99.0,49.55,78.62,0,DS3
75.18,73.92,67.0,49.55,78.62,0,DS3
75.18,73.92,62.0,49.55,78.62,0,DS3
75.18,73.92,59.0,49.55,78.62,0,DS3
75.18,73.92,71.0,49.55,78.62,0,DS3
75.18,73.92,62.0,49.55,78.62,0,DS3
75.18,73.92,85.0,49.55,78.62,0,DS3
75.18,73.92,62.0,49.55,78.62,0,DS3
75.18,73.92,92.0,49.55,78.62,0,DS3
75.18,73.92,92.0,49.55,78.62,0,DS3
75.18,73.92,64.0,49.55,78.62,0,DS3
75.18,73.92,88.0,49.55,78.62,0,DS3
75.18,73.92,93.0,49.55,78.62,0,DS3
75.18,73.92,80.0,49.55,78.62,0,DS3
75.18,73.92,68.0,49.55,78.62,0,DS3
75.18,73.92,72.0,49.55,78.62,0,DS3
75.18,73.92,89.0,49.55,78.62,0,DS3
75.18,73.92,65.0,49.55,78.62,0,DS3
75.18,73.92,67.0,49.55,78.62,0,DS3
75.18,73.92,58.0,49.55,78.62,0,DS3
75.18,73.92,70.0,49.55,78.62,0,DS3
75.18,73.92,54.0,49.55,78.62,0,DS3
75.18,73.92,66.0,49.55,78.62,0,DS3
75.18,73.92,69.0,49.55,78.62,0,DS3
75.18,73.92,63.0,49.55,78.62,0,DS3
75.18,73.92,55.0,49.55,78.62,0,DS3
75.18,73.92,76.0,49.55,78.62,0,DS3
75.18,73.92,93.0,49.55,78.62,0,DS3
75.18,73.92,67.0,49.55,78.62,0,DS3
75.18,73.92,62.0,49.55,78.62,0,DS3
75.18,73.92,64.0,49.55,78.62,0,DS3
75.18,73.92,93.0,49.55,78.62,0,DS3
75.18,73.92,76.0,49.55,78.62,0,DS3
75.18,73.92,57.0,49.55,78.62,0,DS3
75.18,73.92,85.0,49.55,78.62,0,DS3
75.18,73.92,58.0,49.55,78.62,0,DS3
75.18,73.92,53.0,49.55,78.62,0,DS3
75.18,73.92,63.0,49.55,78.62,0,DS3
75.18,73.92,58.0,49.55,78.62,0,DS3
75.18,73.92,80.0,49.55,78.62,0,DS3
75.18,73.92,74.0,49.55,78.62,0,DS3
75.18,73.92,86.0,49.55,78.62,0,DS3
75.18,73.92,76.0,49.55,78.62,0,DS3
75.18,73.92,71.0,49.55,78.62,0,DS3
75.18,73.92,76.0,49.55,78.62,0,DS3
75.18,73.92,72.0,49.55,78.62,0,DS3
75.18,73.92,52.0,49.55,78.62,0,DS3
75.18,73.92,84.0,49.55,78.62,0,DS3
75.18,73.92,98.0,49.55,78.62,0,DS3
75.18,73.92,71.0,49.55,78.62,0,DS3
75.18,73.92,71.0,49.55,78.62,0,DS3
75.18,73.92,52.0,49.55,78.62,0,DS3
75.18,73.92,95.0,49.55,78.62,0,DS3
75.18,73.92,96.0,49.55,78.62,0,DS3
75.18,73.92,91.0,49.55,78.62,0,DS3
75.18,73.92,55.0,49.55,78.62,0,DS3
75.18,73.92,95.0,49.55,78.62,0,DS3
75.18,73.92,51.0,49.55,78.62,0,DS3
75.18,73.92,72.0,49.55,78.62,0,DS3
75.18,73.92,75.0,49.55,78.62,0,DS3
75.18,73.92,92.0,49.55,78.62,0,DS3
75.18,73.92,88.0,49.55,78.62,0,DS3
75.18,73.92,90.0,49.55,78.62,0,DS3
75.18,73.92,93.0,49.55,78.62,0,DS3
75.18,73.92,74.0,49.55,78.62,0,DS3
75.18,73.92,89.0,49.55,78.62,0,DS3
75.18,73.92,53.0,49.55,78.62,0,DS3
75.18,73.92,72.0,49.55,78.62,0,DS3
75.18,73.92,52.0,49.55,78.62,0,DS3
75.18,73.92,96.0,49.55,78.62,0,DS3
75.18,73.92,98.0,49.55,78.62,0,DS3
75.18,73.92,54.0,49.55,78.62,0,DS3
75.18,73.92,77.0,49.55,78.62,0,DS3
75.18,73.92,66.0,49.55,78.62,0,DS3
75.18,73.92,67.0,49.55,78.62,0,DS3
75.18,73.92,73.0,49.55,78.62,0,DS3
75.18,73.92,56.0,49.55,78.62,0,DS3
75.18,73.92,59.0,49.55,78.62,0,DS3
75.18,73.92,79.0,49.55,78.62,0,DS3
75.18,73.92,51.0,49.55,78.62,0,DS3
75.18,73.92,80.0,49.55,78.62,0,DS3
75.18,73.92,66.0,49.55,78.62,0,DS3
75.18,73.92,92.0,49.55,78.62,0,DS3
75.18,73.92,80.0,49.55,78.62,0,DS3
75.18,73.92,85.0,49.55,78.62,0,DS3
75.18,73.92,56.0,49.55,78.62,0,DS3
75.18,73.92,63.0,49.55,78.62,0,DS3
75.18,73.92,100.0,49.55,78.62,0,DS3
75.18,73.92,72.0,49.55,78.62,0,DS3
75.18,73.92,68.0,49.55,78.62,0,DS3
75.18,73.92,94.0,49.55,78.62,0,DS3
75.18,73.92,52.0,49.55,78.62,0,DS3
75.18,73.92,77.0,49.55,78.62,0,DS3
75.18,73.92,61.0,49.55,78.62,0,DS3
75.18,73.92,68.0,49.55,78.62,0,DS3
75.18,73.92,60.0,49.55,78.62,0,DS3
75.18,73.92,52.0,49.55,78.62,0,DS3
75.18,73.92,71.0,49.55,78.62,0,DS3
75.18,73.92,89.0,49.55,78.62,0,DS3
75.18,73.92,98.0,49.55,78.62,0,DS3
75.18,73.92,81.0,49.55,78.62,0,DS3
75.18,73.92,69.0,49.55,78.62,0,DS3
75.18,73.92,88.0,49.55,78.62,0,DS3
75.18,73.92,75.0,49.55,78.62,0,DS3
75.18,73.92,68.0,49.55,78.62,0,DS3
75.18,73.92,59.0,49.55,78.62,0,DS3
75.18,73.92,90.0,49.55,78.62,0,DS3
75.18,73.92,75.0,49.55,78.62,0,DS3
75.18,73.92,98.0,49.55,78.62,0,DS3
75.18,73.92,90.0,49.55,78.62,0,DS3
75.18,73.92,71.0,49.55,78.62,0,DS3
75.18,73.92,87.0,49.55,78.62,0,DS3
75.18,73.92,73.0,49.55,78.62,0,DS3
75.18,73.92,54.0,49.55,78.62,0,DS3
75.18,73.92,76.0,49.55,78.62,0,DS3
75.18,73.92,93.0,49.55,78.62,0,DS3
75.18,73.92,93.0,49.55,78.62,0,DS3
75.18,73.92,79.0,49.55,78.62,0,DS3
75.18,73.92,69.0,49.55,78.62,0,DS3
75.18,73.92,51.0,49.55,78.62,0,DS3
75.18,73.92,66.0,49.55,78.62,0,DS3
75.18,73.92,99.0,49.55,78.62,0,DS3
75.18,73.92,86.0,49.55,78.62,0,DS3
75.18,73.92,86.0,49.55,78.62,0,DS3
75.18,73.92,88.0,49.55,78.62,0,DS3
75.18,73.92,81.0,49.55,78.62,0,DS3
75.18,73.92,79.0,49.55,78.62,0,DS3
75.18,73.92,73.0,49.55,78.62,0,DS3
75.18,73.92,72.0,49.55,78.62,0,DS3
75.18,73.92,94.0,49.55,78.62,0,DS3
75.18,73.92,70.0,49.55,78.62,0,DS3
75.18,73.92,92.0,49.55,78.62,0,DS3
75.18,73.92,92.0,49.55,78.62,0,DS3
75.18,73.92,89.0,49.55,78.62,0,DS3
75.18,73.92,52.0,49.55,78.62,0,DS3
75.18,73.92,57.0,49.55,78.62,0,DS3
75.18,73.92,66.0,49.55,78.62,0,DS3
75.18,73.92,92.0,49.55,78.62,0,DS3
75.18,73.92,94.0,49.55,78.62,0,DS3
75.18,73.92,52.0,49.55,78.62,0,DS3
75.18,73.92,66.0,49.55,78.62,0,DS3
75.18,73.92,93.0,49.55,78.62,0,DS3
75.18,73.92,62.0,49.55,78.62,0,DS3
75.18,73.92,99.0,49.55,78.62,0,DS3
75.18,73.92,74.0,49.55,78.62,0,DS3
75.18,73.92,97.0,49.55,78.62,0,DS3
75.18,73.92,71.0,49.55,78.62,0,DS3
75.18,73.92,66.0,49.55,78.62,0,DS3
75.18,73.92,68.0,49.55,78.62,0,DS3
75.18,73.92,94.0,49.55,78.62,0,DS3
75.18,73.92,67.0,49.55,78.62,0,DS3
75.18,73.92,83.0,49.55,78.62,0,DS3
75.18,73.92,73.0,49.55,78.62,0,DS3
75.18,73.92,97.0,49.55,78.62,0,DS3
75.18,73.92,58.0,49.55,78.62,0,DS3
75.18,73.92,71.0,49.55,78.62,0,DS3
75.18,73.92,56.0,49.55,78.62,0,DS3
75.18,73.92,79.0,49.55,78.62,0,DS3
75.18,73.92,70.0,49.55,78.62,0,DS3
75.18,73.92,53.0,49.55,78.62,0,DS3
75.18,73.92,92.0,49.55,78.62,0,DS3
75.18,73.92,69.0,49.55,78.62,0,DS3
75.18,73.92,75.0,49.55,78.62,0,DS3
75.18,73.92,70.0,49.55,78.62,0,DS3
75.18,73.92,74.0,49.55,78.62,0,DS3
75.18,73.92,51.0,49.55,78.62,0,DS3
75.18,73.92,91.0,49.55,78.62,0,DS3
75.18,73.92,67.0,49.55,78.62,0,DS3
75.18,73.92,86.0,49.55,78.62,0,DS3
75.18,73.92,53.0,49.55,78.62,0,DS3
75.18,73.92,76.0,49.55,78.62,0,DS3
75.18,73.92,95.0,49.55,78.62,0,DS3
75.18,73.92,70.0,49.55,78.62,0,DS3
75.18,73.92,60.0,49.55,78.62,0,DS3
75.18,73.92,55.0,49.55,78.62,0,DS3
75.18,73.92,93.0,49.55,78.62,0,DS3
75.18,73.92,62.0,49.55,78.62,0,DS3
75.18,73.92,99.0,49.55,78.62,0,DS3
75.18,73.92,62.0,49.55,78.62,0,DS3
75.18,73.92,74.0,49.55,78.62,0,DS3
75.18,73.92,73.0,49.55,78.62,0,DS3
75.18,73.92,53.0,49.55,78.62,0,DS3
75.18,73.92,77.0,49.55,78.62,0,DS3
75.18,73.92,84.0,49.55,78.62,0,DS3
75.18,73.92,87.0,49.55,78.62,0,DS3
75.18,73.92,76.0,49.55,78.62,0,DS3
75.18,73.92,91.0,49.55,78.62,0,DS3
75.18,73.92,88.0,49.55,78.62,0,DS3
75.18,73.92,60.0,49.55,78.62,0,DS3
75.18,73.92,70.0,49.55,78.62,0,DS3
75.18,73.92,57.0,49.55,78.62,0,DS3
75.18,73.92,57.0,49.55,78.62,0,DS3
75.18,73.92,86.0,49.55,78.62,0,DS3
75.18,73.92,77.0,49.55,78.62,0,DS3
75.18,73.92,80.0,49.55,78.62,0,DS3
75.18,73.92,87.0,49.55,78.62,0,DS3
75.18,73.92,64.0,49.55,78.62,0,DS3
75.18,73.92,70.0,49.55,78.62,0,DS3
75.18,73.92,80.0,49.55,78.62,0,DS3
75.18,73.92,55.0,49.55,78.62,0,DS3
75.18,73.92,92.0,49.55,78.62,0,DS3
75.18,73.92,67.0,49.55,78.62,0,DS3
75.18,73.92,83.0,49.55,78.62,0,DS3
75.18,73.92,100.0,49.55,78.62,0,DS3
75.18,73.92,74.0,49.55,78.62,0,DS3
75.18,73.92,61.0,49.55,78.62,0,DS3
75.18,73.92,61.0,49.55,78.62,0,DS3
75.18,73.92,53.0,49.55,78.62,0,DS3
75.18,73.92,88.0,49.55,78.62,0,DS3
75.18,73.92,65.0,49.55,78.62,0,DS3
75.18,73.92,59.0,49.55,78.62,0,DS3
75.18,73.92,86.0,49.55,78.62,0,DS3
75.18,73.92,65.0,49.55,78.62,0,DS3
75.18,73.92,80.0,49.55,78.62,0,DS3
75.18,73.92,71.0,49.55,78.62,0,DS3
75.18,73.92,67.0,49.55,78.62,0,DS3
75.18,73.92,74.0,49.55,78.62,0,DS3
75.18,73.92,66.0,49.55,78.62,0,DS3
75.18,73.92,94.0,49.55,78.62,0,DS3
75.18,73.92,54.0,49.55,78.62,0,DS3
75.18,73.92,52.0,49.55,78.62,0,DS3
75.18,73.92,70.0,49.55,78.62,0,DS3
75.18,73.92,59.0,49.55,78.62,0,DS3
75.18,73.92,87.0,49.55,78.62,0,DS3
75.18,73.92,68.0,49.55,78.62,0,DS3
75.18,73.92,63.0,49.55,78.62,0,DS3
75.18,73.92,68.0,49.55,78.62,0,DS3
75.18,73.92,61.0,49.55,78.62,0,DS3
75.18,73.92,65.0,49.55,78.62,0,DS3
75.18,73.92,78.0,49.55,78.62,0,DS3
75.18,73.92,93.0,49.55,78.62,0,DS3
75.18,73.92,69.0,49.55,78.62,0,DS3
75.18,73.92,66.0,49.55,78.62,0,DS3
75.18,73.92,89.0,49.55,78.62,0,DS3
75.18,73.92,51.0,49.55,78.62,0,DS3
75.18,73.92,65.0,49.55,78.62,0,DS3
75.18,73.92,73.0,49.55,78.62,0,DS3
75.18,73.92,80.0,49.55,78.62,0,DS3
75.18,73.92,58.0,49.55,78.62,0,DS3
75.18,73.92,72.0,49.55,78.62,0,DS3
75.18,73.92,78.0,49.55,78.62,0,DS3
75.18,73.92,76.0,49.55,78.62,0,DS3
75.18,73.92,79.0,49.55,78.62,0,DS3
75.18,73.92,83.0,49.55,78.62,0,DS3
75.18,73.92,69.0,49.55,78.62,0,DS3
75.18,73.92,53.0,49.55,78.62,0,DS3
75.18,73.92,53.0,49.55,78.62,0,DS3
75.18,73.92,93.0,49.55,78.62,0,DS3
75.18,73.92,84.0,49.55,78.62,0,DS3
75.18,73.92,88.0,49.55,78.62,0,DS3
75.18,73.92,96.0,49.55,78.62,0,DS3
75.18,73.92,88.0,49.55,78.62,0,DS3
75.18,73.92,85.0,49.55,78.62,0,DS3
75.18,73.92,83.0,49.55,78.62,0,DS3
75.18,73.92,63.0,49.55,78.62,0,DS3
75.18,73.92,98.0,49.55,78.62,0,DS3
75.18,73.92,77.0,49.55,78.62,0,DS3
75.18,73.92,61.0,49.55,78.62,0,DS3
75.18,73.92,60.0,49.55,78.62,0,DS3
75.18,73.92,91.0,49.55,78.62,0,DS3
75.18,73.92,63.0,49.55,78.62,0,DS3
75.18,73.92,52.0,49.55,78.62,0,DS3
75.18,73.92,71.0,49.55,78.62,0,DS3
75.18,73.92,91.0,49.55,78.62,0,DS3
75.18,73.92,71.0,49.55,78.62,0,DS3
75.18,73.92,90.0,49.55,78.62,0,DS3
75.18,73.92,91.0,49.55,78.62,0,DS3
75.18,73.92,93.0,49.55,78.62,0,DS3
75.18,73.92,79.0,49.55,78.62,0,DS3
75.18,73.92,85.0,49.55,78.62,0,DS3
75.18,73.92,63.0,49.55,78.62,0,DS3
75.18,73.92,55.0,49.55,78.62,0,DS3
75.18,73.92,77.0,49.55,78.62,0,DS3
75.18,73.92,51.0,49.55,78.62,0,DS3
75.18,73.92,73.0,49.55,78.62,0,DS3
75.18,73.92,55.0,49.55,78.62,0,DS3
75.18,73.92,55.0,49.55,78.62,0,DS3
75.18,73.92,94.0,49.55,78.62,0,DS3
75.18,73.92,82.0,49.55,78.62,0,DS3
75.18,73.92,82.0,49.55,78.62,0,DS3
75.18,73.92,70.0,49.55,78.62,0,DS3
75.18,73.92,71.0,49.55,78.62,0,DS3
75.18,73.92,65.0,49.55,78.62,0,DS3
75.18,73.92,72.0,49.55,78.62,0,DS3
75.18,73.92,79.0,49.55,78.62,0,DS3
75.18,73.92,59.0,49.55,78.62,0,DS3
75.18,73.92,63.0,49.55,78.62,0,DS3
75.18,73.92,75.0,49.55,78.62,0,DS3
75.18,73.92,69.0,49.55,78.62,0,DS3
75.18,73.92,91.0,49.55,78.62,0,DS3
75.18,73.92,91.0,49.55,78.62,0,DS3
75.18,73.92,67.0,49.55,78.62,0,DS3
75.18,73.92,73.0,49.55,78.62,0,DS3
75.18,73.92,99.0,49.55,78.62,0,DS3
75.18,73.92,91.0,49.55,78.62,0,DS3
75.18,73.92,61.0,49.55,78.62,0,DS3
75.18,73.92,64.0,49.55,78.62,0,DS3
75.18,73.92,54.0,49.55,78.62,0,DS3
75.18,73.92,84.0,49.55,78.62,0,DS3
75.18,73.92,66.0,49.55,78.62,0,DS3
75.18,73.92,77.0,49.55,78.62,0,DS3
75.18,73.92,88.0,49.55,78.62,0,DS3
75.18,73.92,92.0,49.55,78.62,0,DS3
75.18,73.92,66.0,49.55,78.62,0,DS3
75.18,73.92,62.0,49.55,78.62,0,DS3
75.18,73.92,92.0,49.55,78.62,0,DS3
75.18,73.92,69.0,49.55,78.62,0,DS3
75.18,73.92,91.0,49.55,78.62,0,DS3
75.18,73.92,57.0,49.55,78.62,0,DS3
75.18,73.92,96.0,49.55,78.62,0,DS3
75.18,73.92,74.0,49.55,78.62,0,DS3
75.18,73.92,59.0,49.55,78.62,0,DS3
75.18,73.92,77.0,49.55,78.62,0,DS3
75.18,73.92,94.0,49.55,78.62,0,DS3
75.18,73.92,69.0,49.55,78.62,0,DS3
75.18,73.92,59.0,49.55,78.62,0,DS3
75.18,73.92,79.0,49.55,78.62,0,DS3
75.18,73.92,92.0,49.55,78.62,0,DS3
75.18,73.92,56.0,49.55,78.62,0,DS3
75.18,73.92,52.0,49.55,78.62,0,DS3
75.18,73.92,53.0,49.55,78.62,0,DS3
75.18,73.92,62.0,49.55,78.62,0,DS3
75.18,73.92,50.0,49.55,78.62,0,DS3
75.18,73.92,71.0,49.55,78.62,0,DS3
75.18,73.92,85.0,49.55,78.62,0,DS3
75.18,73.92,86.0,49.55,78.62,0,DS3
75.18,73.92,82.0,49.55,78.62,0,DS3
75.18,73.92,65.0,49.55,78.62,0,DS3
75.18,73.92,87.0,49.55,78.62,0,DS3
75.18,73.92,79.0,49.55,78.62,0,DS3
75.18,73.92,93.0,49.55,78.62,0,DS3
75.18,73.92,74.0,49.55,78.62,0,DS3
75.18,73.92,59.0,49.55,78.62,0,DS3
75.18,73.92,82.0,49.55,78.62,0,DS3
75.18,73.92,58.0,49.55,78.62,0,DS3
75.18,73.92,98.0,49.55,78.62,0,DS3
75.18,73.92,85.0,49.55,78.62,0,DS3
75.18,73.92,88.0,49.55,78.62,0,DS3
75.18,73.92,84.0,49.55,78.62,0,DS3
75.18,73.92,55.0,49.55,78.62,0,DS3
75.18,73.92,73.0,49.55,78.62,0,DS3
75.18,73.92,83.0,49.55,78.62,0,DS3
75.18,73.92,61.0,49.55,78.62,0,DS3
75.18,73.92,84.0,49.55,78.62,0,DS3
75.18,73.92,91.0,49.55,78.62,0,DS3
75.18,73.92,64.0,49.55,78.62,0,DS3
75.18,73.92,60.0,49.55,78.62,0,DS3
75.18,73.92,94.0,49.55,78.62,0,DS3
75.18,73.92,50.0,49.55,78.62,0,DS3
75.18,73.92,63.0,49.55,78.62,0,DS3
75.18,73.92,70.0,49.55,78.62,0,DS3
75.18,73.92,84.0,49.55,78.62,0,DS3
75.18,73.92,100.0,49.55,78.62,0,DS3
75.18,73.92,69.0,49.55,78.62,0,DS3
75.18,73.92,97.0,49.55,78.62,0,DS3
75.18,73.92,68.0,49.55,78.62,0,DS3
75.18,73.92,85.0,49.55,78.62,0,DS3
75.18,73.92,58.0,49.55,78.62,0,DS3
75.18,73.92,73.0,49.55,78.62,0,DS3
75.18,73.92,94.0,49.55,78.62,0,DS3
75.18,73.92,66.0,49.55,78.62,0,DS3
75.18,73.92,55.0,49.55,78.62,0,DS3
75.18,73.92,76.0,49.55,78.62,0,DS3
75.18,73.92,72.0,49.55,78.62,0,DS3
75.18,73.92,61.0,49.55,78.62,0,DS3
75.18,73.92,95.0,49.55,78.62,0,DS3
75.18,73.92,80.0,49.55,78.62,0,DS3
75.18,73.92,67.0,49.55,78.62,0,DS3
75.18,73.92,100.0,49.55,78.62,0,DS3
75.18,73.92,57.0,49.55,78.62,0,DS3
75.18,73.92,92.0,49.55,78.62,0,DS3
75.18,73.92,62.0,49.55,78.62,0,DS3
75.18,73.92,62.0,49.55,78.62,0,DS3
75.18,73.92,75.0,49.55,78.62,0,DS3
75.18,73.92,83.0,49.55,78.62,0,DS3
75.18,73.92,85.0,49.55,78.62,0,DS3
75.18,73.92,51.0,49.55,78.62,0,DS3
75.18,73.92,64.0,49.55,78.62,0,DS3
75.18,73.92,83.0,49.55,78.62,0,DS3
75.18,73.92,94.0,49.55,78.62,0,DS3
75.18,73.92,83.0,49.55,78.62,0,DS3
75.18,73.92,63.0,49.55,78.62,0,DS3
75.18,73.92,75.0,49.55,78.62,0,DS3
75.18,73.92,82.0,49.55,78.62,0,DS3
75.18,73.92,57.0,49.55,78.62,0,DS3
75.18,73.92,77.0,49.55,78.62,0,DS3
75.18,73.92,74.0,49.55,78.62,0,DS3
75.18,73.92,67.0,49.55,78.62,0,DS3
75.18,73.92,81.0,49.55,78.62,0,DS3
75.18,73.92,82.0,49.55,78.62,0,DS3
75.18,73.92,99.0,49.55,78.62,0,DS3
75.18,73.92,71.0,49.55,78.62,0,DS3
75.18,73.92,77.0,49.55,78.62,0,DS3
75.18,73.92,58.0,49.55,78.62,0,DS3
75.18,73.92,77.0,49.55,78.62,0,DS3
75.18,73.92,52.0,49.55,78.62,0,DS3
75.18,73.92,57.0,49.55,78.62,0,DS3
75.18,73.92,59.0,49.55,78.62,0,DS3
75.18,73.92,82.0,49.55,78.62,0,DS3
75.18,73.92,78.0,49.55,78.62,0,DS3
75.18,73.92,90.0,49.55,78.62,0,DS3
75.18,73.92,73.0,49.55,78.62,0,DS3
75.18,73.92,74.0,49.55,78.62,0,DS3
75.18,73.92,58.0,49.55,78.62,0,DS3
75.18,73.92,87.0,49.55,78.62,0,DS3
75.18,73.92,50.0,49.55,78.62,0,DS3
75.18,73.92,71.0,49.55,78.62,0,DS3
75.18,73.92,59.0,49.55,78.62,0,DS3
75.18,73.92,89.0,49.55,78.62,0,DS3
75.18,73.92,84.0,49.55,78.62,0,DS3
75.18,73.92,85.0,49.55,78.62,0,DS3
75.18,73.92,57.0,49.55,78.62,0,DS3
75.18,73.92,83.0,49.55,78.62,0,DS3
75.18,73.92,85.0,49.55,78.62,0,DS3
75.18,73.92,50.0,49.55,78.62,0,DS3
75.18,73.92,66.0,49.55,78.62,0,DS3
75.18,73.92,54.0,49.55,78.62,0,DS3
75.18,73.92,84.0,49.55,78.62,0,DS3
75.18,73.92,61.0,49.55,78.62,0,DS3
75.18,73.92,63.0,49.55,78.62,0,DS3
75.18,73.92,54.0,49.55,78.62,0,DS3
75.18,73.92,74.0,49.55,78.62,0,DS3
75.18,73.92,52.0,49.55,78.62,0,DS3
75.18,73.92,92.0,49.55,78.62,0,DS3
75.18,73.92,51.0,49.55,78.62,0,DS3
75.18,73.92,53.0,49.55,78.62,0,DS3
75.18,73.92,82.0,49.55,78.62,0,DS3
75.18,73.92,96.0,49.55,78.62,0,DS3
75.18,73.92,95.0,49.55,78.62,0,DS3
75.18,73.92,54.0,49.55,78.62,0,DS3
75.18,73.92,64.0,49.55,78.62,0,DS3
75.18,73.92,76.0,49.55,78.62,0,DS3
75.18,73.92,51.0,49.55,78.62,0,DS3
75.18,73.92,76.0,49.55,78.62,0,DS3
75.18,73.92,72.0,49.55,78.62,0,DS3
75.18,73.92,79.0,49.55,78.62,0,DS3
75.18,73.92,96.0,49.55,78.62,0,DS3
75.18,73.92,64.0,49.55,78.62,0,DS3
75.18,73.92,82.0,49.55,78.62,0,DS3
75.18,73.92,71.0,49.55,78.62,0,DS3
75.18,73.92,72.0,49.55,78.62,0,DS3
75.18,73.92,82.0,49.55,78.62,0,DS3
75.18,73.92,98.0,49.55,78.62,0,DS3
75.18,73.92,93.0,49.55,78.62,0,DS3
75.18,73.92,82.0,49.55,78.62,0,DS3
75.18,73.92,73.0,49.55,78.62,0,DS3
75.18,73.92,71.0,49.55,78.62,0,DS3
75.18,73.92,89.0,49.55,78.62,0,DS3
75.18,73.92,61.0,49.55,78.62,0,DS3
75.18,73.92,79.0,49.55,78.62,0,DS3
75.18,73.92,75.0,49.55,78.62,0,DS3
75.18,73.92,82.0,49.55,78.62,0,DS3
75.18,73.92,59.0,49.55,78.62,0,DS3
75.18,73.92,85.0,49.55,78.62,0,DS3
75.18,73.92,81.0,49.55,78.62,0,DS3
75.18,73.92,59.0,49.55,78.62,0,DS3
75.18,73.92,72.0,49.55,78.62,0,DS3
75.18,73.92,84.0,49.55,78.62,0,DS3
75.18,73.92,95.0,49.55,78.62,0,DS3
75.18,73.92,56.0,49.55,78.62,0,DS3
75.18,73.92,50.0,49.55,78.62,0,DS3
75.18,73.92,58.0,49.55,78.62,0,DS3
75.18,73.92,99.0,49.55,78.62,0,DS3
75.18,73.92,88.0,49.55,78.62,0,DS3
75.18,73.92,81.0,49.55,78.62,0,DS3
75.18,73.92,57.0,49.55,78.62,0,DS3
75.18,73.92,71.0,49.55,78.62,0,DS3
75.18,73.92,86.0,49.55,78.62,0,DS3
75.18,73.92,95.0,49.55,78.62,0,DS3
75.18,73.92,69.0,49.55,78.62,0,DS3
75.18,73.92,100.0,49.55,78.62,0,DS3
75.18,73.92,57.0,49.55,78.62,0,DS3
75.18,73.92,69.0,49.55,78.62,0,DS3
75.18,73.92,94.0,49.55,78.62,0,DS3
75.18,73.92,82.0,49.55,78.62,0,DS3
75.18,73.92,91.0,49.55,78.62,0,DS3
75.18,73.92,95.0,49.55,78.62,0,DS3
75.18,73.92,75.0,49.55,78.62,0,DS3
75.18,73.92,62.0,49.55,78.62,0,DS3
75.18,73.92,85.0,49.55,78.62,0,DS3
75.18,73.92,78.0,49.55,78.62,0,DS3
75.18,73.92,89.0,49.55,78.62,0,DS3
75.18,73.92,76.0,49.55,78.62,0,DS3
75.18,73.92,91.0,49.55,78.62,0,DS3
75.18,73.92,95.0,49.55,78.62,0,DS3
75.18,73.92,87.0,49.55,78.62,0,DS3
75.18,73.92,87.0,49.55,78.62,0,DS3
75.18,73.92,79.0,49.55,78.62,0,DS3
75.18,73.92,74.0,49.55,78.62,0,DS3
75.18,73.92,99.0,49.55,78.62,0,DS3
75.18,73.92,82.0,49.55,78.62,0,DS3
75.18,73.92,92.0,49.55,78.62,0,DS3
75.18,73.92,75.0,49.55,78.62,0,DS3
75.18,73.92,78.0,49.55,78.62,0,DS3
75.18,73.92,83.0,49.55,78.62,0,DS3
75.18,73.92,86.0,49.55,78.62,0,DS3
75.18,73.92,72.0,49.55,78.62,0,DS3
75.18,73.92,68.0,49.55,78.62,0,DS3
75.18,73.92,62.0,49.55,78.62,0,DS3
75.18,73.92,71.0,49.55,78.62,0,DS3
75.18,73.92,61.0,49.55,78.62,0,DS3
75.18,73.92,71.0,49.55,78.62,0,DS3
75.18,73.92,94.0,49.55,78.62,0,DS3
75.18,73.92,99.0,49.55,78.62,0,DS3
75.18,73.92,79.0,49.55,78.62,0,DS3
75.18,73.92,57.0,49.55,78.62,0,DS3
75.18,73.92,71.0,49.55,78.62,0,DS3
75.18,73.92,80.0,49.55,78.62,0,DS3
75.18,73.92,69.0,49.55,78.62,0,DS3
75.18,73.92,60.0,49.55,78.62,0,DS3
75.18,73.92,61.0,49.55,78.62,0,DS3
75.18,73.92,74.0,49.55,78.62,0,DS3
75.18,73.92,61.0,49.55,78.62,0,DS3
75.18,73.92,62.0,49.55,78.62,0,DS3
75.18,73.92,94.0,49.55,78.62,0,DS3
75.18,73.92,89.0,49.55,78.62,0,DS3
75.18,73.92,53.0,49.55,78.62,0,DS3
75.18,73.92,66.0,49.55,78.62,0,DS3
75.18,73.92,77.0,49.55,78.62,0,DS3
75.18,73.92,53.0,49.55,78.62,0,DS3
75.18,73.92,84.0,49.55,78.62,0,DS3
75.18,73.92,69.0,49.55,78.62,0,DS3
75.18,73.92,70.0,49.55,78.62,0,DS3
75.18,73.92,63.0,49.55,78.62,0,DS3
75.18,73.92,67.0,49.55,78.62,0,DS3
75.18,73.92,93.0,49.55,78.62,0,DS3
75.18,73.92,89.0,49.55,78.62,0,DS3
75.18,73.92,97.0,49.55,78.62,0,DS3
75.18,73.92,85.0,49.55,78.62,0,DS3
75.18,73.92,79.0,49.55,78.62,0,DS3
75.18,73.92,63.0,49.55,78.62,0,DS3
75.18,73.92,83.0,49.55,78.62,0,DS3
75.18,73.92,95.0,49.55,78.62,0,DS3
75.18,73.92,53.0,49.55,78.62,0,DS3
75.18,73.92,72.0,49.55,78.62,0,DS3
75.18,73.92,57.0,49.55,78.62,0,DS3
75.18,73.92,91.0,49.55,78.62,0,DS3
75.18,73.92,81.0,49.55,78.62,0,DS3
75.18,73.92,94.0,49.55,78.62,0,DS3
75.18,73.92,53.0,49.55,78.62,0,DS3
75.18,73.92,95.0,49.55,78.62,0,DS3
75.18,73.92,53.0,49.55,78.62,0,DS3
75.18,73.92,64.0,49.55,78.62,0,DS3
75.18,73.92,58.0,49.55,78.62,0,DS3
75.18,73.92,57.0,49.55,78.62,0,DS3
75.18,73.92,59.0,49.55,78.62,0,DS3
75.18,73.92,74.0,49.55,78.62,0,DS3
75.18,73.92,89.0,49.55,78.62,0,DS3
75.18,73.92,95.0,49.55,78.62,0,DS3
75.18,73.92,78.0,49.55,78.62,0,DS3
75.18,73.92,58.0,49.55,78.62,0,DS3
75.18,73.92,54.0,49.55,78.62,0,DS3
75.18,73.92,75.0,49.55,78.62,0,DS3
75.18,73.92,88.0,49.55,78.62,0,DS3
75.18,73.92,81.0,49.55,78.62,0,DS3
75.18,73.92,79.0,49.55,78.62,0,DS3
75.18,73.92,52.0,49.55,78.62,0,DS3
75.18,73.92,71.0,49.55,78.62,0,DS3
75.18,73.92,78.0,49.55,78.62,0,DS3
75.18,73.92,80.0,49.55,78.62,0,DS3
75.18,73.92,50.0,49.55,78.62,0,DS3
75.18,73.92,60.0,49.55,78.62,0,DS3
75.18,73.92,97.0,49.55,78.62,0,DS3
75.18,73.92,75.0,49.55,78.62,0,DS3
75.18,73.92,85.0,49.55,78.62,0,DS3
75.18,73.92,65.0,49.55,78.62,0,DS3
75.18,73.92,79.0,49.55,78.62,0,DS3
75.18,73.92,68.0,49.55,78.62,0,DS3
75.18,73.92,65.0,49.55,78.62,0,DS3
75.18,73.92,71.0,49.55,78.62,0,DS3
75.18,73.92,73.0,49.55,78.62,0,DS3
75.18,73.92,67.0,49.55,78.62,0,DS3
75.18,73.92,63.0,49.55,78.62,0,DS3
75.18,73.92,81.0,49.55,78.62,0,DS3
75.18,73.92,69.0,49.55,78.62,0,DS3
75.18,73.92,60.0,49.55,78.62,0,DS3
75.18,73.92,88.0,49.55,78.62,0,DS3
75.18,73.92,86.0,49.55,78.62,0,DS3
75.18,73.92,94.0,49.55,78.62,0,DS3
75.18,73.92,78.0,49.55,78.62,0,DS3
75.18,73.92,64.0,49.55,78.62,0,DS3
75.18,73.92,93.0,49.55,78.62,0,DS3
75.18,73.92,64.0,49.55,78.62,0,DS3
75.18,73.92,83.0,49.55,78.62,0,DS3
75.18,73.92,60.0,49.55,78.62,0,DS3
75.18,73.92,81.0,49.55,78.62,0,DS3
75.18,73.92,92.0,49.55,78.62,0,DS3
75.18,73.92,77.0,49.55,78.62,0,DS3
75.18,73.92,74.0,49.55,78.62,0,DS3
75.18,73.92,100.0,49.55,78.62,0,DS3
75.18,73.92,51.0,49.55,78.62,0,DS3
75.18,73.92,67.0,49.55,78.62,0,DS3
75.18,73.92,96.0,49.55,78.62,0,DS3
75.18,73.92,82.0,49.55,78.62,0,DS3
75.18,73.92,77.0,49.55,78.62,0,DS3
75.18,73.92,82.0,49.55,78.62,0,DS3
75.18,73.92,66.0,49.55,78.62,0,DS3
75.18,73.92,54.0,49.55,78.62,0,DS3
75.18,73.92,64.0,49.55,78.62,0,DS3
75.18,73.92,67.0,49.55,78.62,0,DS3
75.18,73.92,74.0,49.55,78.62,0,DS3
75.18,73.92,70.0,49.55,78.62,0,DS3
75.18,73.92,76.0,49.55,78.62,0,DS3
75.18,73.92,60.0,49.55,78.62,0,DS3
75.18,73.92,59.0,49.55,78.62,0,DS3
75.18,73.92,68.0,49.55,78.62,0,DS3
75.18,73.92,74.0,49.55,78.62,0,DS3
75.18,73.92,67.0,49.55,78.62,0,DS3
75.18,73.92,79.0,49.55,78.62,0,DS3
75.18,73.92,66.0,49.55,78.62,0,DS3
75.18,73.92,59.0,49.55,78.62,0,DS3
75.18,73.92,93.0,49.55,78.62,0,DS3
75.18,73.92,60.0,49.55,78.62,0,DS3
75.18,73.92,98.0,49.55,78.62,0,DS3
75.18,73.92,99.0,49.55,78.62,0,DS3
75.18,73.92,85.0,49.55,78.62,0,DS3
75.18,73.92,75.0,49.55,78.62,0,DS3
75.18,73.92,90.0,49.55,78.62,0,DS3
75.18,73.92,94.0,49.55,78.62,0,DS3
75.18,73.92,85.0,49.55,78.62,0,DS3
75.18,73.92,55.0,49.55,78.62,0,DS3
75.18,73.92,50.0,49.55,78.62,0,DS3
75.18,73.92,60.0,49.55,78.62,0,DS3
75.18,73.92,59.0,49.55,78.62,0,DS3
75.18,73.92,59.0,49.55,78.62,0,DS3
75.18,73.92,75.0,49.55,78.62,0,DS3
75.18,73.92,76.0,49.55,78.62,0,DS3
75.18,73.92,86.0,49.55,78.62,0,DS3
75.18,73.92,60.0,49.55,78.62,0,DS3
75.18,73.92,55.0,49.55,78.62,0,DS3
75.18,73.92,83.0,49.55,78.62,0,DS3
75.18,73.92,74.0,49.55,78.62,0,DS3
75.18,73.92,83.0,49.55,78.62,0,DS3
75.18,73.92,69.0,49.55,78.62,0,DS3
75.18,73.92,88.0,49.55,78.62,0,DS3
75.18,73.92,84.0,49.55,78.62,0,DS3
75.18,73.92,83.0,49.55,78.62,0,DS3
75.18,73.92,51.0,49.55,78.62,0,DS3
75.18,73.92,93.0,49.55,78.62,0,DS3
75.18,73.92,69.0,49.55,78.62,0,DS3
75.18,73.92,57.0,49.55,78.62,0,DS3
75.18,73.92,88.0,49.55,78.62,0,DS3
75.18,73.92,74.0,49.55,78.62,0,DS3
75.18,73.92,52.0,49.55,78.62,0,DS3
75.18,73.92,89.0,49.55,78.62,0,DS3
75.18,73.92,72.0,49.55,78.62,0,DS3
75.18,73.92,88.0,49.55,78.62,0,DS3
75.18,73.92,88.0,49.55,78.62,0,DS3
75.18,73.92,55.0,49.55,78.62,0,DS3
75.18,73.92,81.0,49.55,78.62,0,DS3
75.18,73.92,68.0,49.55,78.62,0,DS3
75.18,73.92,77.0,49.55,78.62,0,DS3
75.18,73.92,54.0,49.55,78.62,0,DS3
75.18,73.92,79.0,49.55,78.62,0,DS3
75.18,73.92,89.0,49.55,78.62,0,DS3
75.18,73.92,99.0,49.55,78.62,0,DS3
75.18,73.92,66.0,49.55,78.62,0,DS3
75.18,73.92,58.0,49.55,78.62,0,DS3
75.18,73.92,68.0,49.55,78.62,0,DS3
75.18,73.92,51.0,49.55,78.62,0,DS3
75.18,73.92,70.0,49.55,78.62,0,DS3
75.18,73.92,96.0,49.55,78.62,0,DS3
75.18,73.92,60.0,49.55,78.62,0,DS3
75.18,73.92,74.0,49.55,78.62,0,DS3
75.18,73.92,79.0,49.55,78.62,0,DS3
75.18,73.92,59.0,49.55,78.62,0,DS3
75.18,73.92,67.0,49.55,78.62,0,DS3
75.18,73.92,96.0,49.55,78.62,0,DS3
75.18,73.92,65.0,49.55,78.62,0,DS3
75.18,73.92,82.0,49.55,78.62,0,DS3
75.18,73.92,57.0,49.55,78.62,0,DS3
75.18,73.92,83.0,49.55,78.62,0,DS3
75.18,73.92,64.0,49.55,78.62,0,DS3
75.18,73.92,62.0,49.55,78.62,0,DS3
75.18,73.92,56.0,49.55,78.62,0,DS3
75.18,73.92,52.0,49.55,78.62,0,DS3
75.18,73.92,98.0,49.55,78.62,0,DS3
75.18,73.92,71.0,49.55,78.62,0,DS3
75.18,73.92,89.0,49.55,78.62,0,DS3
75.18,73.92,96.0,49.55,78.62,0,DS3
75.18,73.92,60.0,49.55,78.62,0,DS3
75.18,73.92,93.0,49.55,78.62,0,DS3
75.18,73.92,85.0,49.55,78.62,0,DS3
75.18,73.92,79.0,49.55,78.62,0,DS3
75.18,73.92,90.0,49.55,78.62,0,DS3
75.18,73.92,56.0,49.55,78.62,0,DS3
75.18,73.92,63.0,49.55,78.62,0,DS3
75.18,73.92,57.0,49.55,78.62,0,DS3
75.18,73.92,95.0,49.55,78.62,0,DS3
75.18,73.92,55.0,49.55,78.62,0,DS3
75.18,73.92,99.0,49.55,78.62,0,DS3
75.18,73.92,55.0,49.55,78.62,0,DS3
75.18,73.92,83.0,49.55,78.62,0,DS3
75.18,73.92,83.0,49.55,78.62,0,DS3
75.18,73.92,97.0,49.55,78.62,0,DS3
75.18,73.92,66.0,49.55,78.62,0,DS3
75.18,73.92,67.0,49.55,78.62,0,DS3
75.18,73.92,92.0,49.55,78.62,0,DS3
75.18,73.92,99.0,49.55,78.62,0,DS3
75.18,73.92,52.0,49.55,78.62,0,DS3
75.18,73.92,82.0,49.55,78.62,0,DS3
75.18,73.92,62.0,49.55,78.62,0,DS3
75.18,73.92,86.0,49.55,78.62,0,DS3
75.18,73.92,89.0,49.55,78.62,0,DS3
75.18,73.92,88.0,49.55,78.62,0,DS3
75.18,73.92,72.0,49.55,78.62,0,DS3
75.18,73.92,58.0,49.55,78.62,0,DS3
75.18,73.92,79.0,49.55,78.62,0,DS3
75.18,73.92,89.0,49.55,78.62,0,DS3
75.18,73.92,96.0,49.55,78.62,0,DS3
75.18,73.92,73.0,49.55,78.62,0,DS3
75.18,73.92,62.0,49.55,78.62,0,DS3
75.18,73.92,56.0,49.55,78.62,0,DS3
75.18,73.92,90.0,49.55,78.62,0,DS3
75.18,73.92,77.0,49.55,78.62,0,DS3
75.18,73.92,84.0,49.55,78.62,0,DS3
75.18,73.92,58.0,49.55,78.62,0,DS3
75.18,73.92,50.0,49.55,78.62,0,DS3
75.18,73.92,98.0,49.55,78.62,0,DS3
75.18,73.92,91.0,49.55,78.62,0,DS3
75.18,73.92,70.0,49.55,78.62,0,DS3
75.18,73.92,73.0,49.55,78.62,0,DS3
75.18,73.92,96.0,49.55,78.62,0,DS3
75.18,73.92,60.0,49.55,78.62,0,DS3
75.18,73.92,90.0,49.55,78.62,0,DS3
75.18,73.92,51.0,49.55,78.62,0,DS3
75.18,73.92,94.0,49.55,78.62,0,DS3
75.18,73.92,79.0,49.55,78.62,0,DS3
75.18,73.92,74.0,49.55,78.62,0,DS3
75.18,73.92,85.0,49.55,78.62,0,DS3
75.18,73.92,53.0,49.55,78.62,0,DS3
75.18,73.92,60.0,49.55,78.62,0,DS3
75.18,73.92,70.0,49.55,78.62,0,DS3
75.18,73.92,81.0,49.55,78.62,0,DS3
75.18,73.92,57.0,49.55,78.62,0,DS3
75.18,73.92,69.0,49.55,78.62,0,DS3
75.18,73.92,63.0,49.55,78.62,0,DS3
75.18,73.92,82.0,49.55,78.62,0,DS3
75.18,73.92,96.0,49.55,78.62,0,DS3
75.18,73.92,58.0,49.55,78.62,0,DS3
75.18,73.92,59.0,49.55,78.62,0,DS3
75.18,73.92,80.0,49.55,78.62,0,DS3
75.18,73.92,73.0,49.55,78.62,0,DS3
75.18,73.92,86.0,49.55,78.62,0,DS3
75.18,73.92,64.0,49.55,78.62,0,DS3
75.18,73.92,77.0,49.55,78.62,0,DS3
75.18,73.92,69.0,49.55,78.62,0,DS3
75.18,73.92,64.0,49.55,78.62,0,DS3
75.18,73.92,86.0,49.55,78.62,0,DS3
75.18,73.92,90.0,49.55,78.62,0,DS3
75.18,73.92,66.0,49.55,78.62,0,DS3
75.18,73.92,81.0,49.55,78.62,0,DS3
75.18,73.92,59.0,49.55,78.62,0,DS3
75.18,73.92,90.0,49.55,78.62,0,DS3
75.18,73.92,64.0,49.55,78.62,0,DS3
75.18,73.92,59.0,49.55,78.62,0,DS3
75.18,73.92,97.0,49.55,78.62,0,DS3
75.18,73.92,71.0,49.55,78.62,0,DS3
75.18,73.92,82.0,49.55,78.62,0,DS3
75.18,73.92,90.0,49.55,78.62,0,DS3
75.18,73.92,84.0,49.55,78.62,0,DS3
75.18,73.92,78.0,49.55,78.62,0,DS3
75.18,73.92,69.0,49.55,78.62,0,DS3
75.18,73.92,96.0,49.55,78.62,0,DS3
75.18,73.92,57.0,49.55,78.62,0,DS3
75.18,73.92,94.0,49.55,78.62,0,DS3
75.18,73.92,85.0,49.55,78.62,0,DS3
75.18,73.92,79.0,49.55,78.62,0,DS3
75.18,73.92,66.0,49.55,78.62,0,DS3
75.18,73.92,57.0,49.55,78.62,0,DS3
75.18,73.92,72.0,49.55,78.62,0,DS3
75.18,73.92,89.0,49.55,78.62,0,DS3
75.18,73.92,87.0,49.55,78.62,0,DS3
75.18,73.92,82.0,49.55,78.62,0,DS3
75.18,73.92,100.0,49.55,78.62,0,DS3
75.18,73.92,99.0,49.55,78.62,0,DS3
75.18,73.92,70.0,49.55,78.62,0,DS3
75.18,73.92,60.0,49.55,78.62,0,DS3
75.18,73.92,73.0,49.55,78.62,0,DS3
75.18,73.92,92.0,49.55,78.62,0,DS3
75.18,73.92,73.0,49.55,78.62,0,DS3
75.18,73.92,67.0,49.55,78.62,0,DS3
75.18,73.92,87.0,49.55,78.62,0,DS3
75.18,73.92,83.0,49.55,78.62,0,DS3
75.18,73.92,98.0,49.55,78.62,0,DS3
75.18,73.92,77.0,49.55,78.62,0,DS3
75.18,73.92,98.0,49.55,78.62,0,DS3
75.18,73.92,65.0,49.55,78.62,0,DS3
75.18,73.92,93.0,49.55,78.62,0,DS3
75.18,73.92,68.0,49.55,78.62,0,DS3
75.18,73.92,90.0,49.55,78.62,0,DS3
75.18,73.92,96.0,49.55,78.62,0,DS3
75.18,73.92,81.0,49.55,78.62,0,DS3
75.18,73.92,86.0,49.55,78.62,0,DS3
75.18,73.92,98.0,49.55,78.62,0,DS3
75.18,73.92,69.0,49.55,78.62,0,DS3
75.18,73.92,76.0,49.55,78.62,0,DS3
75.18,73.92,95.0,49.55,78.62,0,DS3
75.18,73.92,84.0,49.55,78.62,0,DS3
75.18,73.92,94.0,49.55,78.62,0,DS3
75.18,73.92,81.0,49.55,78.62,0,DS3
75.18,73.92,87.0,49.55,78.62,0,DS3
75.18,73.92,51.0,49.55,78.62,0,DS3
75.18,73.92,67.0,49.55,78.62,0,DS3
75.18,73.92,89.0,49.55,78.62,0,DS3
75.18,73.92,70.0,49.55,78.62,0,DS3
75.18,73.92,68.0,49.55,78.62,0,DS3
75.18,73.92,98.0,49.55,78.62,0,DS3
75.18,73.92,78.0,49.55,78.62,0,DS3
75.18,73.92,60.0,49.55,78.62,0,DS3
75.18,73.92,74.0,49.55,78.62,0,DS3
75.18,73.92,76.0,49.55,78.62,0,DS3
75.18,73.92,99.0,49.55,78.62,0,DS3
75.18,73.92,86.0,49.55,78.62,0,DS3
75.18,73.92,76.0,49.55,78.62,0,DS3
75.18,73.92,72.0,49.55,78.62,0,DS3
75.18,73.92,96.0,49.55,78.62,0,DS3
75.18,73.92,82.0,49.55,78.62,0,DS3
75.18,73.92,68.0,49.55,78.62,0,DS3
75.18,73.92,73.0,49.55,78.62,0,DS3
75.18,73.92,64.0,49.55,78.62,0,DS3
75.18,73.92,98.0,49.55,78.62,0,DS3
75.18,73.92,85.0,49.55,78.62,0,DS3
75.18,73.92,70.0,49.55,78.62,0,DS3
75.18,73.92,59.0,49.55,78.62,0,DS3
75.18,73.92,59.0,49.55,78.62,0,DS3
75.18,73.92,74.0,49.55,78.62,0,DS3
75.18,73.92,73.0,49.55,78.62,0,DS3
75.18,73.92,71.0,49.55,78.62,0,DS3
75.18,73.92,93.0,49.55,78.62,0,DS3
75.18,73.92,99.0,49.55,78.62,0,DS3
75.18,73.92,68.0,49.55,78.62,0,DS3
75.18,73.92,65.0,49.55,78.62,0,DS3
75.18,73.92,89.0,49.55,78.62,0,DS3
75.18,73.92,72.0,49.55,78.62,0,DS3
75.18,73.92,61.0,49.55,78.62,0,DS3
75.18,73.92,59.0,49.55,78.62,0,DS3
75.18,73.92,64.0,49.55,78.62,0,DS3
75.18,73.92,50.0,49.55,78.62,0,DS3
75.18,73.92,97.0,49.55,78.62,0,DS3
75.18,73.92,72.0,49.55,78.62,0,DS3
75.18,73.92,54.0,49.55,78.62,0,DS3
75.18,73.92,58.0,49.55,78.62,0,DS3
75.18,73.92,66.0,49.55,78.62,0,DS3
75.18,73.92,78.0,49.55,78.62,0,DS3
75.18,73.92,85.0,49.55,78.62,0,DS3
75.18,73.92,65.0,49.55,78.62,0,DS3
75.18,73.92,98.0,49.55,78.62,0,DS3
75.18,73.92,88.0,49.55,78.62,0,DS3
75.18,73.92,91.0,49.55,78.62,0,DS3
75.18,73.92,66.0,49.55,78.62,0,DS3
75.18,73.92,69.0,49.55,78.62,0,DS3
75.18,73.92,77.0,49.55,78.62,0,DS3
75.18,73.92,73.0,49.55,78.62,0,DS3
75.18,73.92,63.0,49.55,78.62,0,DS3
75.18,73.92,100.0,49.55,78.62,0,DS3
75.18,73.92,92.0,49.55,78.62,0,DS3
75.18,73.92,62.0,49.55,78.62,0,DS3
75.18,73.92,95.0,49.55,78.62,0,DS3
75.18,73.92,79.0,49.55,78.62,0,DS3
75.18,73.92,51.0,49.55,78.62,0,DS3
75.18,73.92,67.0,49.55,78.62,0,DS3
75.18,73.92,51.0,49.55,78.62,0,DS3
75.18,73.92,54.0,49.55,78.62,0,DS3
75.18,73.92,59.0,49.55,78.62,0,DS3
75.18,73.92,74.0,49.55,78.62,0,DS3
75.18,73.92,69.0,49.55,78.62,0,DS3
75.18,73.92,57.0,49.55,78.62,0,DS3
75.18,73.92,70.0,49.55,78.62,0,DS3
75.18,73.92,65.0,49.55,78.62,0,DS3
75.18,73.92,71.0,49.55,78.62,0,DS3
75.18,73.92,59.0,49.55,78.62,0,DS3
75.18,73.92,80.0,49.55,78.62,0,DS3
75.18,73.92,52.0,49.55,78.62,0,DS3
75.18,73.92,69.0,49.55,78.62,0,DS3
75.18,73.92,95.0,49.55,78.62,0,DS3
75.18,73.92,71.0,49.55,78.62,0,DS3
75.18,73.92,72.0,49.55,78.62,0,DS3
75.18,73.92,53.0,49.55,78.62,0,DS3
75.18,73.92,80.0,49.55,78.62,0,DS3
75.18,73.92,97.0,49.55,78.62,0,DS3
75.18,73.92,65.0,49.55,78.62,0,DS3
75.18,73.92,70.0,49.55,78.62,0,DS3
75.18,73.92,79.0,49.55,78.62,0,DS3
75.18,73.92,55.0,49.55,78.62,0,DS3
75.18,73.92,98.0,49.55,78.62,0,DS3
75.18,73.92,73.0,49.55,78.62,0,DS3
75.18,73.92,56.0,49.55,78.62,0,DS3
75.18,73.92,67.0,49.55,78.62,0,DS3
75.18,73.92,69.0,49.55,78.62,0,DS3
75.18,73.92,67.0,49.55,78.62,0,DS3
75.18,73.92,85.0,49.55,78.62,0,DS3
75.18,73.92,67.0,49.55,78.62,0,DS3
75.18,73.92,66.0,49.55,78.62,0,DS3
75.18,73.92,66.0,49.55,78.62,0,DS3
75.18,73.92,89.0,49.55,78.62,0,DS3
75.18,73.92,65.0,49.55,78.62,0,DS3
75.18,73.92,51.0,49.55,78.62,0,DS3
75.18,73.92,68.0,49.55,78.62,0,DS3
75.18,73.92,64.0,49.55,78.62,0,DS3
75.18,73.92,95.0,49.55,78.62,0,DS3
75.18,73.92,74.0,49.55,78.62,0,DS3
75.18,73.92,62.0,49.55,78.62,0,DS3
75.18,73.92,99.0,49.55,78.62,0,DS3
75.18,73.92,62.0,49.55,78.62,0,DS3
75.18,73.92,88.0,49.55,78.62,0,DS3
75.18,73.92,82.0,49.55,78.62,0,DS3
75.18,73.92,73.0,49.55,78.62,0,DS3
75.18,73.92,70.0,49.55,78.62,0,DS3
75.18,73.92,94.0,49.55,78.62,0,DS3
75.18,73.92,74.0,49.55,78.62,0,DS3
75.18,73.92,69.0,49.55,78.62,0,DS3
75.18,73.92,68.0,49.55,78.62,0,DS3
75.18,73.92,64.0,49.55,78.62,0,DS3
75.18,73.92,70.0,49.55,78.62,0,DS3
75.18,73.92,56.0,49.55,78.62,0,DS3
75.18,73.92,53.0,49.55,78.62,0,DS3
75.18,73.92,77.0,49.55,78.62,0,DS3
75.18,73.92,73.0,49.55,78.62,0,DS3
75.18,73.92,59.0,49.55,78.62,0,DS3
75.18,73.92,55.0,49.55,78.62,0,DS3
75.18,73.92,57.0,49.55,78.62,0,DS3
75.18,73.92,66.0,49.55,78.62,0,DS3
75.18,73.92,73.0,49.55,78.62,0,DS3
75.18,73.92,60.0,49.55,78.62,0,DS3
75.18,73.92,88.0,49.55,78.62,0,DS3
75.18,73.92,60.0,49.55,78.62,0,DS3
75.18,73.92,56.0,49.55,78.62,0,DS3
75.18,73.92,100.0,49.55,78.62,0,DS3
75.18,73.92,72.0,49.55,78.62,0,DS3
75.18,73.92,59.0,49.55,78.62,0,DS3
75.18,73.92,95.0,49.55,78.62,0,DS3
75.18,73.92,62.0,49.55,78.62,0,DS3
75.18,73.92,96.0,49.55,78.62,0,DS3
75.18,73.92,56.0,49.55,78.62,0,DS3
75.18,73.92,92.0,49.55,78.62,0,DS3
75.18,73.92,59.0,49.55,78.62,0,DS3
75.18,73.92,97.0,49.55,78.62,0,DS3
75.18,73.92,79.0,49.55,78.62,0,DS3
75.18,73.92,59.0,49.55,78.62,0,DS3
75.18,73.92,92.0,49.55,78.62,0,DS3
75.18,73.92,70.0,49.55,78.62,0,DS3
75.18,73.92,87.0,49.55,78.62,0,DS3
75.18,73.92,82.0,49.55,78.62,0,DS3
75.18,73.92,86.0,49.55,78.62,0,DS3
75.18,73.92,67.0,49.55,78.62,0,DS3
75.18,73.92,97.0,49.55,78.62,0,DS3
75.18,73.92,78.0,49.55,78.62,0,DS3
75.18,73.92,54.0,49.55,78.62,0,DS3
75.18,73.92,53.0,49.55,78.62,0,DS3
75.18,73.92,87.0,49.55,78.62,0,DS3
75.18,73.92,92.0,49.55,78.62,0,DS3
75.18,73.92,85.0,49.55,78.62,0,DS3
75.18,73.92,64.0,49.55,78.62,0,DS3
75.18,73.92,61.0,49.55,78.62,0,DS3
75.18,73.92,78.0,49.55,78.62,0,DS3
75.18,73.92,60.0,49.55,78.62,0,DS3
75.18,73.92,69.0,49.55,78.62,0,DS3
75.18,73.92,81.0,49.55,78.62,0,DS3
75.18,73.92,64.0,49.55,78.62,0,DS3
75.18,73.92,69.0,49.55,78.62,0,DS3
75.18,73.92,68.0,49.55,78.62,0,DS3
75.18,73.92,73.0,49.55,78.62,0,DS3
75.18,73.92,84.0,49.55,78.62,0,DS3
75.18,73.92,89.0,49.55,78.62,0,DS3
75.18,73.92,83.0,49.55,78.62,0,DS3
75.18,73.92,51.0,49.55,78.62,0,DS3
75.18,73.92,95.0,49.55,78.62,0,DS3
75.18,73.92,79.0,49.55,78.62,0,DS3
75.18,73.92,96.0,49.55,78.62,0,DS3
75.18,73.92,98.0,49.55,78.62,0,DS3
75.18,73.92,73.0,49.55,78.62,0,DS3
75.18,73.92,96.0,49.55,78.62,0,DS3
75.18,73.92,68.0,49.55,78.62,0,DS3
75.18,73.92,63.0,49.55,78.62,0,DS3
75.18,73.92,54.0,49.55,78.62,0,DS3
75.18,73.92,73.0,49.55,78.62,0,DS3
75.18,73.92,84.0,49.55,78.62,0,DS3
75.18,73.92,99.0,49.55,78.62,0,DS3
75.18,73.92,76.0,49.55,78.62,0,DS3
75.18,73.92,87.0,49.55,78.62,0,DS3
75.18,73.92,95.0,49.55,78.62,0,DS3
75.18,73.92,77.0,49.55,78.62,0,DS3
75.18,73.92,58.0,49.55,78.62,0,DS3
75.18,73.92,92.0,49.55,78.62,0,DS3
75.18,73.92,79.0,49.55,78.62,0,DS3
75.18,73.92,88.0,49.55,78.62,0,DS3
75.18,73.92,83.0,49.55,78.62,0,DS3
75.18,73.92,53.0,49.55,78.62,0,DS3
75.18,73.92,58.0,49.55,78.62,0,DS3
75.18,73.92,64.0,49.55,78.62,0,DS3
75.18,73.92,64.0,49.55,78.62,0,DS3
75.18,73.92,92.0,49.55,78.62,0,DS3
75.18,73.92,80.0,49.55,78.62,0,DS3
75.18,73.92,54.0,49.55,78.62,0,DS3
75.18,73.92,69.0,49.55,78.62,0,DS3
75.18,73.92,78.0,49.55,78.62,0,DS3
75.18,73.92,63.0,49.55,78.62,0,DS3
75.18,73.92,52.0,49.55,78.62,0,DS3
75.18,73.92,69.0,49.55,78.62,0,DS3
75.18,73.92,73.0,49.55,78.62,0,DS3
75.18,73.92,95.0,49.55,78.62,0,DS3
75.18,73.92,95.0,49.55,78.62,0,DS3
75.18,73.92,75.0,49.55,78.62,0,DS3
75.18,73.92,74.0,49.55,78.62,0,DS3
75.18,73.92,82.0,49.55,78.62,0,DS3
75.18,73.92,63.0,49.55,78.62,0,DS3
75.18,73.92,64.0,49.55,78.62,0,DS3
75.18,73.92,50.0,49.55,78.62,0,DS3
75.18,73.92,54.0,49.55,78.62,0,DS3
75.18,73.92,59.0,49.55,78.62,0,DS3
75.18,73.92,82.0,49.55,78.62,0,DS3
75.18,73.92,61.0,49.55,78.62,0,DS3
75.18,73.92,56.0,49.55,78.62,0,DS3
75.18,73.92,81.0,49.55,78.62,0,DS3
75.18,73.92,83.0,49.55,78.62,0,DS3
75.18,73.92,53.0,49.55,78.62,0,DS3
75.18,73.92,89.0,49.55,78.62,0,DS3
75.18,73.92,80.0,49.55,78.62,0,DS3
75.18,73.92,70.0,49.55,78.62,0,DS3
75.18,73.92,99.0,49.55,78.62,0,DS3
75.18,73.92,51.0,49.55,78.62,0,DS3
75.18,73.92,77.0,49.55,78.62,0,DS3
75.18,73.92,58.0,49.55,78.62,0,DS3
75.18,73.92,66.0,49.55,78.62,0,DS3
75.18,73.92,57.0,49.55,78.62,0,DS3
75.18,73.92,83.0,49.55,78.62,0,DS3
75.18,73.92,70.0,49.55,78.62,0,DS3
75.18,73.92,99.0,49.55,78.62,0,DS3
75.18,73.92,83.0,49.55,78.62,0,DS3
75.18,73.92,96.0,49.55,78.62,0,DS3
75.18,73.92,62.0,49.55,78.62,0,DS3
75.18,73.92,66.0,49.55,78.62,0,DS3
75.18,73.92,68.0,49.55,78.62,0,DS3
75.18,73.92,92.0,49.55,78.62,0,DS3
75.18,73.92,61.0,49.55,78.62,0,DS3
75.18,73.92,97.0,49.55,78.62,0,DS3
75.18,73.92,52.0,49.55,78.62,0,DS3
75.18,73.92,94.0,49.55,78.62,0,DS3
75.18,73.92,73.0,49.55,78.62,0,DS3
75.18,73.92,76.0,49.55,78.62,0,DS3
75.18,73.92,100.0,49.55,78.62,0,DS3
75.18,73.92,94.0,49.55,78.62,0,DS3
75.18,73.92,95.0,49.55,78.62,0,DS3
75.18,73.92,79.0,49.55,78.62,0,DS3
75.18,73.92,98.0,49.55,78.62,0,DS3
75.18,73.92,84.0,49.55,78.62,0,DS3
75.18,73.92,91.0,49.55,78.62,0,DS3
75.18,73.92,86.0,49.55,78.62,0,DS3
75.18,73.92,89.0,49.55,78.62,0,DS3
75.18,73.92,82.0,49.55,78.62,0,DS3
75.18,73.92,86.0,49.55,78.62,0,DS3
75.18,73.92,72.0,49.55,78.62,0,DS3
75.18,73.92,85.0,49.55,78.62,0,DS3
75.18,73.92,64.0,49.55,78.62,0,DS3
75.18,73.92,82.0,49.55,78.62,0,DS3
75.18,73.92,76.0,49.55,78.62,0,DS3
75.18,73.92,95.0,49.55,78.62,0,DS3
75.18,73.92,84.0,49.55,78.62,0,DS3
75.18,73.92,80.0,49.55,78.62,0,DS3
75.18,73.92,66.0,49.55,78.62,0,DS3
75.18,73.92,93.0,49.55,78.62,0,DS3
75.18,73.92,53.0,49.55,78.62,0,DS3
75.18,73.92,95.0,49.55,78.62,0,DS3
75.18,73.92,83.0,49.55,78.62,0,DS3
75.18,73.92,59.0,49.55,78.62,0,DS3
75.18,73.92,95.0,49.55,78.62,0,DS3
75.18,73.92,66.0,49.55,78.62,0,DS3
75.18,73.92,58.0,49.55,78.62,0,DS3
75.18,73.92,66.0,49.55,78.62,0,DS3
75.18,73.92,98.0,49.55,78.62,0,DS3
75.18,73.92,88.0,49.55,78.62,0,DS3
75.18,73.92,96.0,49.55,78.62,0,DS3
75.18,73.92,65.0,49.55,78.62,0,DS3
75.18,73.92,54.0,49.55,78.62,0,DS3
75.18,73.92,78.0,49.55,78.62,0,DS3
75.18,73.92,74.0,49.55,78.62,0,DS3
75.18,73.92,86.0,49.55,78.62,0,DS3
75.18,73.92,77.0,49.55,78.62,0,DS3
75.18,73.92,70.0,49.55,78.62,0,DS3
75.18,73.92,50.0,49.55,78.62,0,DS3
75.18,73.92,73.0,49.55,78.62,0,DS3
75.18,73.92,56.0,49.55,78.62,0,DS3
75.18,73.92,96.0,49.55,78.62,0,DS3
75.18,73.92,96.0,49.55,78.62,0,DS3
75.18,73.92,90.0,49.55,78.62,0,DS3
75.18,73.92,58.0,49.55,78.62,0,DS3
75.18,73.92,57.0,49.55,78.62,0,DS3
75.18,73.92,78.0,49.55,78.62,0,DS3
75.18,73.92,86.0,49.55,78.62,0,DS3
75.18,73.92,95.0,49.55,78.62,0,DS3
75.18,73.92,95.0,49.55,78.62,0,DS3
75.18,73.92,58.0,49.55,78.62,0,DS3
75.18,73.92,100.0,49.55,78.62,0,DS3
75.18,73.92,58.0,49.55,78.62,0,DS3
75.18,73.92,92.0,49.55,78.62,0,DS3
75.18,73.92,79.0,49.55,78.62,0,DS3
75.18,73.92,84.0,49.55,78.62,0,DS3
75.18,73.92,80.0,49.55,78.62,0,DS3
75.18,73.92,93.0,49.55,78.62,0,DS3
75.18,73.92,82.0,49.55,78.62,0,DS3
75.18,73.92,92.0,49.55,78.62,0,DS3
75.18,73.92,58.0,49.55,78.62,0,DS3
75.18,73.92,93.0,49.55,78.62,0,DS3
75.18,73.92,100.0,49.55,78.62,0,DS3
75.18,73.92,83.0,49.55,78.62,0,DS3
75.18,73.92,99.0,49.55,78.62,0,DS3
75.18,73.92,61.0,49.55,78.62,0,DS3
75.18,73.92,91.0,49.55,78.62,0,DS3
75.18,73.92,58.0,49.55,78.62,0,DS3
75.18,73.92,76.0,49.55,78.62,0,DS3
75.18,73.92,83.0,49.55,78.62,0,DS3
75.18,73.92,83.0,49.55,78.62,0,DS3
75.18,73.92,84.0,49.55,78.62,0,DS3
75.18,73.92,66.0,49.55,78.62,0,DS3
75.18,73.92,99.0,49.55,78.62,0,DS3
75.18,73.92,50.0,49.55,78.62,0,DS3
75.18,73.92,81.0,49.55,78.62,0,DS3
75.18,73.92,93.0,49.55,78.62,0,DS3
75.18,73.92,95.0,49.55,78.62,0,DS3
75.18,73.92,86.0,49.55,78.62,0,DS3
75.18,73.92,79.0,49.55,78.62,0,DS3
75.18,73.92,73.0,49.55,78.62,0,DS3
75.18,73.92,72.0,49.55,78.62,0,DS3
75.18,73.92,71.0,49.55,78.62,0,DS3
75.18,73.92,85.0,49.55,78.62,0,DS3
75.18,73.92,87.0,49.55,78.62,0,DS3
75.18,73.92,76.0,49.55,78.62,0,DS3
75.18,73.92,87.0,49.55,78.62,0,DS3
75.18,73.92,76.0,49.55,78.62,0,DS3
75.18,73.92,55.0,49.55,78.62,0,DS3
75.18,73.92,93.0,49.55,78.62,0,DS3
75.18,73.92,94.0,49.55,78.62,0,DS3
75.18,73.92,63.0,49.55,78.62,0,DS3
75.18,73.92,89.0,49.55,78.62,0,DS3
75.18,73.92,76.0,49.55,78.62,0,DS3
75.18,73.92,56.0,49.55,78.62,0,DS3
75.18,73.92,70.0,49.55,78.62,0,DS3
75.18,73.92,54.0,49.55,78.62,0,DS3
75.18,73.92,89.0,49.55,78.62,0,DS3
75.18,73.92,60.0,49.55,78.62,0,DS3
75.18,73.92,58.0,49.55,78.62,0,DS3
75.18,73.92,60.0,49.55,78.62,0,DS3
75.18,73.92,61.0,49.55,78.62,0,DS3
75.18,73.92,84.0,49.55,78.62,0,DS3
75.18,73.92,82.0,49.55,78.62,0,DS3
75.18,73.92,56.0,49.55,78.62,0,DS3
75.18,73.92,86.0,49.55,78.62,0,DS3
75.18,73.92,67.0,49.55,78.62,0,DS3
75.18,73.92,73.0,49.55,78.62,0,DS3
75.18,73.92,56.0,49.55,78.62,0,DS3
75.18,73.92,85.0,49.55,78.62,0,DS3
75.18,73.92,69.0,49.55,78.62,0,DS3
75.18,73.92,82.0,49.55,78.62,0,DS3
75.18,73.92,71.0,49.55,78.62,0,DS3
75.18,73.92,52.0,49.55,78.62,0,DS3
75.18,73.92,85.0,49.55,78.62,0,DS3
75.18,73.92,78.0,49.55,78.62,0,DS3
75.18,73.92,72.0,49.55,78.62,0,DS3
75.18,73.92,60.0,49.55,78.62,0,DS3
75.18,73.92,81.0,49.55,78.62,0,DS3
75.18,73.92,64.0,49.55,78.62,0,DS3
75.18,73.92,71.0,49.55,78.62,0,DS3
75.18,73.92,53.0,49.55,78.62,0,DS3
75.18,73.92,89.0,49.55,78.62,0,DS3
75.18,73.92,55.0,49.55,78.62,0,DS3
75.18,73.92,95.0,49.55,78.62,0,DS3
75.18,73.92,93.0,49.55,78.62,0,DS3
75.18,73.92,99.0,49.55,78.62,0,DS3
75.18,73.92,95.0,49.55,78.62,0,DS3
75.18,73.92,99.0,49.55,78.62,0,DS3
75.18,73.92,94.0,49.55,78.62,0,DS3
75.18,73.92,56.0,49.55,78.62,0,DS3
75.18,73.92,72.0,49.55,78.62,0,DS3
75.18,73.92,54.0,49.55,78.62,0,DS3
75.18,73.92,77.0,49.55,78.62,0,DS3
75.18,73.92,76.0,49.55,78.62,0,DS3
75.18,73.92,96.0,49.55,78.62,0,DS3
75.18,73.92,98.0,49.55,78.62,0,DS3
75.18,73.92,63.0,49.55,78.62,0,DS3
75.18,73.92,79.0,49.55,78.62,0,DS3
75.18,73.92,73.0,49.55,78.62,0,DS3
75.18,73.92,77.0,49.55,78.62,0,DS3
75.18,73.92,77.0,49.55,78.62,0,DS3
75.18,73.92,96.0,49.55,78.62,0,DS3
75.18,73.92,95.0,49.55,78.62,0,DS3
75.18,73.92,56.0,49.55,78.62,0,DS3
75.18,73.92,67.0,49.55,78.62,0,DS3
75.18,73.92,88.0,49.55,78.62,0,DS3
75.18,73.92,84.0,49.55,78.62,0,DS3
75.18,73.92,82.0,49.55,78.62,0,DS3
75.18,73.92,100.0,49.55,78.62,0,DS3
75.18,73.92,67.0,49.55,78.62,0,DS3
75.18,73.92,76.0,49.55,78.62,0,DS3
75.18,73.92,99.0,49.55,78.62,0,DS3
75.18,73.92,85.0,49.55,78.62,0,DS3
75.18,73.92,82.0,49.55,78.62,0,DS3
75.18,73.92,58.0,49.55,78.62,0,DS3
75.18,73.92,62.0,49.55,78.62,0,DS3
75.18,73.92,69.0,49.55,78.62,0,DS3
75.18,73.92,73.0,49.55,78.62,0,DS3
75.18,73.92,75.0,49.55,78.62,0,DS3
75.18,73.92,95.0,49.55,78.62,0,DS3
75.18,73.92,55.0,49.55,78.62,0,DS3
75.18,73.92,62.0,49.55,78.62,0,DS3
75.18,73.92,57.0,49.55,78.62,0,DS3
75.18,73.92,87.0,49.55,78.62,0,DS3
75.18,73.92,99.0,49.55,78.62,0,DS3
75.18,73.92,95.0,49.55,78.62,0,DS3
75.18,73.92,86.0,49.55,78.62,0,DS3
75.18,73.92,51.0,49.55,78.62,0,DS3
75.18,73.92,67.0,49.55,78.62,0,DS3
75.18,73.92,93.0,49.55,78.62,0,DS3
75.18,73.92,83.0,49.55,78.62,0,DS3
75.18,73.92,60.0,49.55,78.62,0,DS3
75.18,73.92,73.0,49.55,78.62,0,DS3
75.18,73.92,54.0,49.55,78.62,0,DS3
75.18,73.92,76.0,49.55,78.62,0,DS3
75.18,73.92,95.0,49.55,78.62,0,DS3
75.18,73.92,52.0,49.55,78.62,0,DS3
75.18,73.92,81.0,49.55,78.62,0,DS3
75.18,73.92,62.0,49.55,78.62,0,DS3
75.18,73.92,100.0,49.55,78.62,0,DS3
75.18,73.92,53.0,49.55,78.62,0,DS3
75.18,73.92,81.0,49.55,78.62,0,DS3
75.18,73.92,63.0,49.55,78.62,0,DS3
75.18,73.92,94.0,49.55,78.62,0,DS3
75.18,73.92,56.0,49.55,78.62,0,DS3
75.18,73.92,71.0,49.55,78.62,0,DS3
75.18,73.92,59.0,49.55,78.62,0,DS3
75.18,73.92,90.0,49.55,78.62,0,DS3
75.18,73.92,68.0,49.55,78.62,0,DS3
75.18,73.92,59.0,49.55,78.62,0,DS3
75.18,73.92,86.0,49.55,78.62,0,DS3
75.18,73.92,91.0,49.55,78.62,0,DS3
75.18,73.92,73.0,49.55,78.62,0,DS3
75.18,73.92,69.0,49.55,78.62,0,DS3
75.18,73.92,82.0,49.55,78.62,0,DS3
75.18,73.92,83.0,49.55,78.62,0,DS3
75.18,73.92,83.0,49.55,78.62,0,DS3
75.18,73.92,64.0,49.55,78.62,0,DS3
75.18,73.92,97.0,49.55,78.62,0,DS3
75.18,73.92,61.0,49.55,78.62,0,DS3
75.18,73.92,69.0,49.55,78.62,0,DS3
75.18,73.92,64.0,49.55,78.62,0,DS3
75.18,73.92,97.0,49.55,78.62,0,DS3
75.18,73.92,91.0,49.55,78.62,0,DS3
75.18,73.92,91.0,49.55,78.62,0,DS3
75.18,73.92,50.0,49.55,78.62,0,DS3
75.18,73.92,84.0,49.55,78.62,0,DS3
75.18,73.92,62.0,49.55,78.62,0,DS3
75.18,73.92,98.0,49.55,78.62,0,DS3
75.18,73.92,77.0,49.55,78.62,0,DS3
75.18,73.92,78.0,49.55,78.62,0,DS3
75.18,73.92,68.0,49.55,78.62,0,DS3
75.18,73.92,77.0,49.55,78.62,0,DS3
75.18,73.92,87.0,49.55,78.62,0,DS3
75.18,73.92,78.0,49.55,78.62,0,DS3
75.18,73.92,82.0,49.55,78.62,0,DS3
75.18,73.92,74.0,49.55,78.62,0,DS3
75.18,73.92,86.0,49.55,78.62,0,DS3
75.18,73.92,95.0,49.55,78.62,0,DS3
75.18,73.92,53.0,49.55,78.62,0,DS3
75.18,73.92,55.0,49.55,78.62,0,DS3
75.18,73.92,84.0,49.55,78.62,0,DS3
75.18,73.92,69.0,49.55,78.62,0,DS3
75.18,73.92,64.0,49.55,78.62,0,DS3
75.18,73.92,59.0,49.55,78.62,0,DS3
75.18,73.92,79.0,49.55,78.62,0,DS3
75.18,73.92,67.0,49.55,78.62,0,DS3
75.18,73.92,75.0,49.55,78.62,0,DS3
75.18,73.92,98.0,49.55,78.62,0,DS3
75.18,73.92,88.0,49.55,78.62,0,DS3
75.18,73.92,90.0,49.55,78.62,0,DS3
75.18,73.92,56.0,49.55,78.62,0,DS3
75.18,73.92,66.0,49.55,78.62,0,DS3
75.18,73.92,55.0,49.55,78.62,0,DS3
75.18,73.92,98.0,49.55,78.62,0,DS3
75.18,73.92,84.0,49.55,78.62,0,DS3
75.18,73.92,51.0,49.55,78.62,0,DS3
75.18,73.92,74.0,49.55,78.62,0,DS3
75.18,73.92,63.0,49.55,78.62,0,DS3
75.18,73.92,77.0,49.55,78.62,0,DS3
75.18,73.92,59.0,49.55,78.62,0,DS3
75.18,73.92,53.0,49.55,78.62,0,DS3
75.18,73.92,66.0,49.55,78.62,0,DS3
75.18,73.92,65.0,49.55,78.62,0,DS3
75.18,73.92,86.0,49.55,78.62,0,DS3
75.18,73.92,74.0,49.55,78.62,0,DS3
75.18,73.92,65.0,49.55,78.62,0,DS3
75.18,73.92,79.0,49.55,78.62,0,DS3
75.18,73.92,54.0,49.55,78.62,0,DS3
75.18,73.92,83.0,49.55,78.62,0,DS3
75.18,73.92,57.0,49.55,78.62,0,DS3
75.18,73.92,64.0,49.55,78.62,0,DS3
75.18,73.92,64.0,49.55,78.62,0,DS3
75.18,73.92,73.0,49.55,78.62,0,DS3
75.18,73.92,98.0,49.55,78.62,0,DS3
75.18,73.92,66.0,49.55,78.62,0,DS3
75.18,73.92,64.0,49.55,78.62,0,DS3
75.18,73.92,58.0,49.55,78.62,0,DS3
75.18,73.92,70.0,49.55,78.62,0,DS3
75.18,73.92,59.0,49.55,78.62,0,DS3
75.18,73.92,57.0,49.55,78.62,0,DS3
75.18,73.92,93.0,49.55,78.62,0,DS3
75.18,73.92,53.0,49.55,78.62,0,DS3
75.18,73.92,86.0,49.55,78.62,0,DS3
75.18,73.92,60.0,49.55,78.62,0,DS3
75.18,73.92,51.0,49.55,78.62,0,DS3
75.18,73.92,90.0,49.55,78.62,0,DS3
75.18,73.92,85.0,49.55,78.62,0,DS3
75.18,73.92,67.0,49.55,78.62,0,DS3
75.18,73.92,54.0,49.55,78.62,0,DS3
75.18,73.92,68.0,49.55,78.62,0,DS3
75.18,73.92,59.0,49.55,78.62,0,DS3
75.18,73.92,97.0,49.55,78.62,0,DS3
75.18,73.92,76.0,49.55,78.62,0,DS3
75.18,73.92,98.0,49.55,78.62,0,DS3
75.18,73.92,68.0,49.55,78.62,0,DS3
75.18,73.92,78.0,49.55,78.62,0,DS3
75.18,73.92,60.0,49.55,78.62,0,DS3
75.18,73.92,90.0,49.55,78.62,0,DS3
75.18,73.92,52.0,49.55,78.62,0,DS3
75.18,73.92,85.0,49.55,78.62,0,DS3
75.18,73.92,70.0,49.55,78.62,0,DS3
75.18,73.92,79.0,49.55,78.62,0,DS3
75.18,73.92,80.0,49.55,78.62,0,DS3
75.18,73.92,86.0,49.55,78.62,0,DS3
75.18,73.92,60.0,49.55,78.62,0,DS3
75.18,73.92,77.0,49.55,78.62,0,DS3
75.18,73.92,71.0,49.55,78.62,0,DS3
75.18,73.92,64.0,49.55,78.62,0,DS3
75.18,73.92,75.0,49.55,78.62,0,DS3
75.18,73.92,98.0,49.55,78.62,0,DS3
75.18,73.92,97.0,49.55,78.62,0,DS3
75.18,73.92,64.0,49.55,78.62,0,DS3
75.18,73.92,94.0,49.55,78.62,0,DS3
75.18,73.92,94.0,49.55,78.62,0,DS3
75.18,73.92,62.0,49.55,78.62,0,DS3
75.18,73.92,80.0,49.55,78.62,0,DS3
75.18,73.92,93.0,49.55,78.62,0,DS3
75.18,73.92,76.0,49.55,78.62,0,DS3
75.18,73.92,68.0,49.55,78.62,0,DS3
75.18,73.92,83.0,49.55,78.62,0,DS3
75.18,73.92,59.0,49.55,78.62,0,DS3
75.18,73.92,58.0,49.55,78.62,0,DS3
75.18,73.92,92.0,49.55,78.62,0,DS3
75.18,73.92,52.0,49.55,78.62,0,DS3
75.18,73.92,90.0,49.55,78.62,0,DS3
75.18,73.92,65.0,49.55,78.62,0,DS3
75.18,73.92,74.0,49.55,78.62,0,DS3
75.18,73.92,77.0,49.55,78.62,0,DS3
75.18,73.92,88.0,49.55,78.62,0,DS3
75.18,73.92,94.0,49.55,78.62,0,DS3
75.18,73.92,90.0,49.55,78.62,0,DS3
75.18,73.92,79.0,49.55,78.62,0,DS3
75.18,73.92,67.0,49.55,78.62,0,DS3
75.18,73.92,76.0,49.55,78.62,0,DS3
75.18,73.92,52.0,49.55,78.62,0,DS3
75.18,73.92,62.0,49.55,78.62,0,DS3
75.18,73.92,68.0,49.55,78.62,0,DS3
75.18,73.92,66.0,49.55,78.62,0,DS3
75.18,73.92,55.0,49.55,78.62,0,DS3
75.18,73.92,53.0,49.55,78.62,0,DS3
75.18,73.92,71.0,49.55,78.62,0,DS3
75.18,73.92,54.0,49.55,78.62,0,DS3
75.18,73.92,64.0,49.55,78.62,0,DS3
75.18,73.92,74.0,49.55,78.62,0,DS3
75.18,73.92,60.0,49.55,78.62,0,DS3
75.18,73.92,54.0,49.55,78.62,0,DS3
75.18,73.92,72.0,49.55,78.62,0,DS3
75.18,73.92,72.0,49.55,78.62,0,DS3
75.18,73.92,96.0,49.55,78.62,0,DS3
75.18,73.92,56.0,49.55,78.62,0,DS3
75.18,73.92,81.0,49.55,78.62,0,DS3
75.18,73.92,66.0,49.55,78.62,0,DS3
75.18,73.92,56.0,49.55,78.62,0,DS3
75.18,73.92,70.0,49.55,78.62,0,DS3
75.18,73.92,71.0,49.55,78.62,0,DS3
75.18,73.92,68.0,49.55,78.62,0,DS3
75.18,73.92,88.0,49.55,78.62,0,DS3
75.18,73.92,92.0,49.55,78.62,0,DS3
75.18,73.92,57.0,49.55,78.62,0,DS3
75.18,73.92,58.0,49.55,78.62,0,DS3
75.18,73.92,71.0,49.55,78.62,0,DS3
75.18,73.92,66.0,49.55,78.62,0,DS3
75.18,73.92,91.0,49.55,78.62,0,DS3
75.18,73.92,100.0,49.55,78.62,0,DS3
75.18,73.92,59.0,49.55,78.62,0,DS3
75.18,73.92,88.0,49.55,78.62,0,DS3
75.18,73.92,80.0,49.55,78.62,0,DS3
75.18,73.92,82.0,49.55,78.62,0,DS3
75.18,73.92,63.0,49.55,78.62,0,DS3
75.18,73.92,55.0,49.55,78.62,0,DS3
75.18,73.92,77.0,49.55,78.62,0,DS3
75.18,73.92,81.0,49.55,78.62,0,DS3
75.18,73.92,98.0,49.55,78.62,0,DS3
75.18,73.92,84.0,49.55,78.62,0,DS3
75.18,73.92,72.0,49.55,78.62,0,DS3
75.18,73.92,100.0,49.55,78.62,0,DS3
75.18,73.92,69.0,49.55,78.62,0,DS3
75.18,73.92,58.0,49.55,78.62,0,DS3
75.18,73.92,81.0,49.55,78.62,0,DS3
75.18,73.92,63.0,49.55,78.62,0,DS3
75.18,73.92,96.0,49.55,78.62,0,DS3
75.18,73.92,71.0,49.55,78.62,0,DS3
75.18,73.92,57.0,49.55,78.62,0,DS3
75.18,73.92,57.0,49.55,78.62,0,DS3
75.18,73.92,82.0,49.55,78.62,0,DS3
75.18,73.92,68.0,49.55,78.62,0,DS3
75.18,73.92,68.0,49.55,78.62,0,DS3
75.18,73.92,81.0,49.55,78.62,0,DS3
75.18,73.92,61.0,49.55,78.62,0,DS3
75.18,73.92,57.0,49.55,78.62,0,DS3
75.18,73.92,83.0,49.55,78.62,0,DS3
75.18,73.92,50.0,49.55,78.62,0,DS3
75.18,73.92,95.0,49.55,78.62,0,DS3
75.18,73.92,59.0,49.55,78.62,0,DS3
75.18,73.92,72.0,49.55,78.62,0,DS3
75.18,73.92,61.0,49.55,78.62,0,DS3
75.18,73.92,61.0,49.55,78.62,0,DS3
75.18,73.92,92.0,49.55,78.62,0,DS3
75.18,73.92,79.0,49.55,78.62,0,DS3
75.18,73.92,66.0,49.55,78.62,0,DS3
75.18,73.92,63.0,49.55,78.62,0,DS3
75.18,73.92,61.0,49.55,78.62,0,DS3
75.18,73.92,78.0,49.55,78.62,0,DS3
75.18,73.92,87.0,49.55,78.62,0,DS3
75.18,73.92,63.0,49.55,78.62,0,DS3
75.18,73.92,67.0,49.55,78.62,0,DS3
75.18,73.92,86.0,49.55,78.62,0,DS3
75.18,73.92,87.0,49.55,78.62,0,DS3
75.18,73.92,60.0,49.55,78.62,0,DS3
75.18,73.92,69.0,49.55,78.62,0,DS3
75.18,73.92,93.0,49.55,78.62,0,DS3
75.18,73.92,87.0,49.55,78.62,0,DS3
75.18,73.92,58.0,49.55,78.62,0,DS3
75.18,73.92,69.0,49.55,78.62,0,DS3
75.18,73.92,99.0,49.55,78.62,0,DS3
75.18,73.92,76.0,49.55,78.62,0,DS3
75.18,73.92,86.0,49.55,78.62,0,DS3
75.18,73.92,55.0,49.55,78.62,0,DS3
75.18,73.92,92.0,49.55,78.62,0,DS3
75.18,73.92,80.0,49.55,78.62,0,DS3
75.18,73.92,59.0,49.55,78.62,0,DS3
75.18,73.92,69.0,49.55,78.62,0,DS3
75.18,73.92,54.0,49.55,78.62,0,DS3
75.18,73.92,89.0,49.55,78.62,0,DS3
75.18,73.92,87.0,49.55,78.62,0,DS3
75.18,73.92,75.0,49.55,78.62,0,DS3
75.18,73.92,73.0,49.55,78.62,0,DS3
75.18,73.92,73.0,49.55,78.62,0,DS3
75.18,73.92,52.0,49.55,78.62,0,DS3
75.18,73.92,68.0,49.55,78.62,0,DS3
75.18,73.92,56.0,49.55,78.62,0,DS3
75.18,73.92,59.0,49.55,78.62,0,DS3
75.18,73.92,98.0,49.55,78.62,0,DS3
75.18,73.92,63.0,49.55,78.62,0,DS3
75.18,73.92,74.0,49.55,78.62,0,DS3
75.18,73.92,94.0,49.55,78.62,0,DS3
75.18,73.92,71.0,49.55,78.62,0,DS3
75.18,73.92,76.0,49.55,78.62,0,DS3
75.18,73.92,58.0,49.55,78.62,0,DS3
75.18,73.92,64.0,49.55,78.62,0,DS3
75.18,73.92,75.0,49.55,78.62,0,DS3
75.18,73.92,68.0,49.55,78.62,0,DS3
75.18,73.92,52.0,49.55,78.62,0,DS3
75.18,73.92,70.0,49.55,78.62,0,DS3
75.18,73.92,91.0,49.55,78.62,0,DS3
75.18,73.92,56.0,49.55,78.62,0,DS3
75.18,73.92,51.0,49.55,78.62,0,DS3
75.18,73.92,56.0,49.55,78.62,0,DS3
75.18,73.92,84.0,49.55,78.62,0,DS3
75.18,73.92,90.0,49.55,78.62,0,DS3
75.18,73.92,52.0,49.55,78.62,0,DS3
75.18,73.92,94.0,49.55,78.62,0,DS3
75.18,73.92,81.0,49.55,78.62,0,DS3
75.18,73.92,76.0,49.55,78.62,0,DS3
75.18,73.92,63.0,49.55,78.62,0,DS3
75.18,73.92,69.0,49.55,78.62,0,DS3
75.18,73.92,97.0,49.55,78.62,0,DS3
75.18,73.92,96.0,49.55,78.62,0,DS3
75.18,73.92,81.0,49.55,78.62,0,DS3
75.18,73.92,79.0,49.55,78.62,0,DS3
75.18,73.92,61.0,49.55,78.62,0,DS3
75.18,73.92,98.0,49.55,78.62,0,DS3
75.18,73.92,88.0,49.55,78.62,0,DS3
75.18,73.92,69.0,49.55,78.62,0,DS3
75.18,73.92,91.0,49.55,78.62,0,DS3
75.18,73.92,61.0,49.55,78.62,0,DS3
75.18,73.92,61.0,49.55,78.62,0,DS3
75.18,73.92,90.0,49.55,78.62,0,DS3
75.18,73.92,78.0,49.55,78.62,0,DS3
75.18,73.92,78.0,49.55,78.62,0,DS3
75.18,73.92,79.0,49.55,78.62,0,DS3
75.18,73.92,56.0,49.55,78.62,0,DS3
75.18,73.92,67.0,49.55,78.62,0,DS3
75.18,73.92,79.0,49.55,78.62,0,DS3
75.18,73.92,62.0,49.55,78.62,0,DS3
75.18,73.92,75.0,49.55,78.62,0,DS3
75.18,73.92,78.0,49.55,78.62,0,DS3
75.18,73.92,97.0,49.55,78.62,0,DS3
75.18,73.92,62.0,49.55,78.62,0,DS3
75.18,73.92,72.0,49.55,78.62,0,DS3
75.18,73.92,99.0,49.55,78.62,0,DS3
75.18,73.92,59.0,49.55,78.62,0,DS3
75.18,73.92,89.0,49.55,78.62,0,DS3
75.18,73.92,59.0,49.55,78.62,0,DS3
75.18,73.92,93.0,49.55,78.62,0,DS3
75.18,73.92,74.0,49.55,78.62,0,DS3
75.18,73.92,99.0,49.55,78.62,0,DS3
75.18,73.92,59.0,49.55,78.62,0,DS3
75.18,73.92,84.0,49.55,78.62,0,DS3
75.18,73.92,85.0,49.55,78.62,0,DS3
75.18,73.92,86.0,49.55,78.62,0,DS3
75.18,73.92,55.0,49.55,78.62,0,DS3
75.18,73.92,64.0,49.55,78.62,0,DS3
75.18,73.92,67.0,49.55,78.62,0,DS3
75.18,73.92,66.0,49.55,78.62,0,DS3
75.18,73.92,84.0,49.55,78.62,0,DS3
75.18,73.92,53.0,49.55,78.62,0,DS3
75.18,73.92,87.0,49.55,78.62,0,DS3
75.18,73.92,76.0,49.55,78.62,0,DS3
75.18,73.92,59.0,49.55,78.62,0,DS3
75.18,73.92,61.0,49.55,78.62,0,DS3
75.18,73.92,55.0,49.55,78.62,0,DS3
75.18,73.92,73.0,49.55,78.62,0,DS3
75.18,73.92,80.0,49.55,78.62,0,DS3
75.18,73.92,79.0,49.55,78.62,0,DS3
75.18,73.92,98.0,49.55,78.62,0,DS3
75.18,73.92,65.0,49.55,78.62,0,DS3
75.18,73.92,88.0,49.55,78.62,0,DS3
75.18,73.92,86.0,49.55,78.62,0,DS3
75.18,73.92,53.0,49.55,78.62,0,DS3
75.18,73.92,97.0,49.55,78.62,0,DS3
75.18,73.92,97.0,49.55,78.62,0,DS3
75.18,73.92,70.0,49.55,78.62,0,DS3
75.18,73.92,71.0,49.55,78.62,0,DS3
75.18,73.92,91.0,49.55,78.62,0,DS3
75.18,73.92,75.0,49.55,78.62,0,DS3
75.18,73.92,90.0,49.55,78.62,0,DS3
75.18,73.92,52.0,49.55,78.62,0,DS3
75.18,73.92,63.0,49.55,78.62,0,DS3
75.18,73.92,55.0,49.55,78.62,0,DS3
75.18,73.92,73.0,49.55,78.62,0,DS3
75.18,73.92,93.0,49.55,78.62,0,DS3
75.18,73.92,78.0,49.55,78.62,0,DS3
75.18,73.92,76.0,49.55,78.62,0,DS3
75.18,73.92,68.0,49.55,78.62,0,DS3
75.18,73.92,53.0,49.55,78.62,0,DS3
75.18,73.92,88.0,49.55,78.62,0,DS3
75.18,73.92,79.0,49.55,78.62,0,DS3
75.18,73.92,97.0,49.55,78.62,0,DS3
75.18,73.92,72.0,49.55,78.62,0,DS3
75.18,73.92,70.0,49.55,78.62,0,DS3
75.18,73.92,99.0,49.55,78.62,0,DS3
75.18,73.92,57.0,49.55,78.62,0,DS3
75.18,73.92,63.0,49.55,78.62,0,DS3
75.18,73.92,74.0,49.55,78.62,0,DS3
75.18,73.92,76.0,49.55,78.62,0,DS3
75.18,73.92,77.0,49.55,78.62,0,DS3
75.18,73.92,61.0,49.55,78.62,0,DS3
75.18,73.92,96.0,49.55,78.62,0,DS3
75.18,73.92,85.0,49.55,78.62,0,DS3
75.18,73.92,63.0,49.55,78.62,0,DS3
75.18,73.92,65.0,49.55,78.62,0,DS3
75.18,73.92,94.0,49.55,78.62,0,DS3
75.18,73.92,69.0,49.55,78.62,0,DS3
75.18,73.92,78.0,49.55,78.62,0,DS3
75.18,73.92,56.0,49.55,78.62,0,DS3
75.18,73.92,63.0,49.55,78.62,0,DS3
75.18,73.92,71.0,49.55,78.62,0,DS3
75.18,73.92,83.0,49.55,78.62,0,DS3
75.18,73.92,64.0,49.55,78.62,0,DS3
75.18,73.92,98.0,49.55,78.62,0,DS3
75.18,73.92,61.0,49.55,78.62,0,DS3
75.18,73.92,89.0,49.55,78.62,0,DS3
75.18,73.92,68.0,49.55,78.62,0,DS3
75.18,73.92,92.0,49.55,78.62,0,DS3
75.18,73.92,96.0,49.55,78.62,0,DS3
75.18,73.92,59.0,49.55,78.62,0,DS3
75.18,73.92,75.0,49.55,78.62,0,DS3
75.18,73.92,58.0,49.55,78.62,0,DS3
75.18,73.92,85.0,49.55,78.62,0,DS3
75.18,73.92,92.0,49.55,78.62,0,DS3
75.18,73.92,69.0,49.55,78.62,0,DS3
75.18,73.92,70.0,49.55,78.62,0,DS3
75.18,73.92,60.0,49.55,78.62,0,DS3
75.18,73.92,65.0,49.55,78.62,0,DS3
75.18,73.92,66.0,49.55,78.62,0,DS3
75.18,73.92,58.0,49.55,78.62,0,DS3
75.18,73.92,65.0,49.55,78.62,0,DS3
75.18,73.92,95.0,49.55,78.62,0,DS3
75.18,73.92,66.0,49.55,78.62,0,DS3
75.18,73.92,64.0,49.55,78.62,0,DS3
75.18,73.92,69.0,49.55,78.62,0,DS3
75.18,73.92,98.0,49.55,78.62,0,DS3
75.18,73.92,88.0,49.55,78.62,0,DS3
75.18,73.92,60.0,49.55,78.62,0,DS3
75.18,73.92,88.0,49.55,78.62,0,DS3
75.18,73.92,88.0,49.55,78.62,0,DS3
75.18,73.92,98.0,49.55,78.62,0,DS3
75.18,73.92,95.0,49.55,78.62,0,DS3
75.18,73.92,55.0,49.55,78.62,0,DS3
75.18,73.92,73.0,49.55,78.62,0,DS3
75.18,73.92,85.0,49.55,78.62,0,DS3
75.18,73.92,99.0,49.55,78.62,0,DS3
75.18,73.92,54.0,49.55,78.62,0,DS3
75.18,73.92,68.0,49.55,78.62,0,DS3
75.18,73.92,75.0,49.55,78.62,0,DS3
75.18,73.92,71.0,49.55,78.62,0,DS3
75.18,73.92,73.0,49.55,78.62,0,DS3
75.18,73.92,68.0,49.55,78.62,0,DS3
75.18,73.92,99.0,49.55,78.62,0,DS3
75.18,73.92,90.0,49.55,78.62,0,DS3
75.18,73.92,87.0,49.55,78.62,0,DS3
75.18,73.92,71.0,49.55,78.62,0,DS3
75.18,73.92,94.0,49.55,78.62,0,DS3
75.18,73.92,55.0,49.55,78.62,0,DS3
75.18,73.92,57.0,49.55,78.62,0,DS3
75.18,73.92,98.0,49.55,78.62,0,DS3
75.18,73.92,78.0,49.55,78.62,0,DS3
75.18,73.92,58.0,49.55,78.62,0,DS3
75.18,73.92,97.0,49.55,78.62,0,DS3
75.18,73.92,99.0,49.55,78.62,0,DS3
75.18,73.92,94.0,49.55,78.62,0,DS3
75.18,73.92,62.0,49.55,78.62,0,DS3
75.18,73.92,64.0,49.55,78.62,0,DS3
75.18,73.92,70.0,49.55,78.62,0,DS3
75.18,73.92,79.0,49.55,78.62,0,DS3
75.18,73.92,100.0,49.55,78.62,0,DS3
75.18,73.92,98.0,49.55,78.62,0,DS3
75.18,73.92,96.0,49.55,78.62,0,DS3
75.18,73.92,54.0,49.55,78.62,0,DS3
75.18,73.92,88.0,49.55,78.62,0,DS3
75.18,73.92,94.0,49.55,78.62,0,DS3
75.18,73.92,67.0,49.55,78.62,0,DS3
75.18,73.92,61.0,49.55,78.62,0,DS3
75.18,73.92,87.0,49.55,78.62,0,DS3
75.18,73.92,55.0,49.55,78.62,0,DS3
75.18,73.92,97.0,49.55,78.62,0,DS3
75.18,73.92,58.0,49.55,78.62,0,DS3
75.18,73.92,73.0,49.55,78.62,0,DS3
75.18,73.92,99.0,49.55,78.62,0,DS3
75.18,73.92,99.0,49.55,78.62,0,DS3
75.18,73.92,89.0,49.55,78.62,0,DS3
75.18,73.92,92.0,49.55,78.62,0,DS3
75.18,73.92,98.0,49.55,78.62,0,DS3
75.18,73.92,96.0,49.55,78.62,0,DS3
75.18,73.92,81.0,49.55,78.62,0,DS3
75.18,73.92,87.0,49.55,78.62,0,DS3
75.18,73.92,80.0,49.55,78.62,0,DS3
75.18,73.92,75.0,49.55,78.62,0,DS3
75.18,73.92,94.0,49.55,78.62,0,DS3
75.18,73.92,87.0,49.55,78.62,0,DS3
75.18,73.92,93.0,49.55,78.62,0,DS3
75.18,73.92,55.0,49.55,78.62,0,DS3
75.18,73.92,79.0,49.55,78.62,0,DS3
75.18,73.92,66.0,49.55,78.62,0,DS3
75.18,73.92,76.0,49.55,78.62,0,DS3
75.18,73.92,81.0,49.55,78.62,0,DS3
75.18,73.92,92.0,49.55,78.62,0,DS3
75.18,73.92,52.0,49.55,78.62,0,DS3
75.18,73.92,58.0,49.55,78.62,0,DS3
75.18,73.92,96.0,49.55,78.62,0,DS3
75.18,73.92,98.0,49.55,78.62,0,DS3
75.18,73.92,53.0,49.55,78.62,0,DS3
75.18,73.92,67.0,49.55,78.62,0,DS3
75.18,73.92,50.0,49.55,78.62,0,DS3
75.18,73.92,88.0,49.55,78.62,0,DS3
75.18,73.92,84.0,49.55,78.62,0,DS3
75.18,73.92,78.0,49.55,78.62,0,DS3
75.18,73.92,85.0,49.55,78.62,0,DS3
75.18,73.92,77.0,49.55,78.62,0,DS3
75.18,73.92,62.0,49.55,78.62,0,DS3
75.18,73.92,88.0,49.55,78.62,0,DS3
75.18,73.92,89.0,49.55,78.62,0,DS3
75.18,73.92,93.0,49.55,78.62,0,DS3
75.18,73.92,98.0,49.55,78.62,0,DS3
75.18,73.92,87.0,49.55,78.62,0,DS3
75.18,73.92,53.0,49.55,78.62,0,DS3
75.18,73.92,51.0,49.55,78.62,0,DS3
75.18,73.92,87.0,49.55,78.62,0,DS3
75.18,73.92,53.0,49.55,78.62,0,DS3
75.18,73.92,66.0,49.55,78.62,0,DS3
75.18,73.92,57.0,49.55,78.62,0,DS3
75.18,73.92,98.0,49.55,78.62,0,DS3
75.18,73.92,66.0,49.55,78.62,0,DS3
75.18,73.92,53.0,49.55,78.62,0,DS3
75.18,73.92,97.0,49.55,78.62,0,DS3
75.18,73.92,80.0,49.55,78.62,0,DS3
75.18,73.92,52.0,49.55,78.62,0,DS3
75.18,73.92,92.0,49.55,78.62,0,DS3
75.18,73.92,58.0,49.55,78.62,0,DS3
75.18,73.92,90.0,49.55,78.62,0,DS3
75.18,73.92,80.0,49.55,78.62,0,DS3
75.18,73.92,59.0,49.55,78.62,0,DS3
75.18,73.92,88.0,49.55,78.62,0,DS3
75.18,73.92,73.0,49.55,78.62,0,DS3
75.18,73.92,82.0,49.55,78.62,0,DS3
75.18,73.92,93.0,49.55,78.62,0,DS3
75.18,73.92,63.0,49.55,78.62,0,DS3
75.18,73.92,68.0,49.55,78.62,0,DS3
75.18,73.92,100.0,49.55,78.62,0,DS3
75.18,73.92,75.0,49.55,78.62,0,DS3
75.18,73.92,78.0,49.55,78.62,0,DS3
75.18,73.92,64.0,49.55,78.62,0,DS3
75.18,73.92,71.0,49.55,78.62,0,DS3
75.18,73.92,75.0,49.55,78.62,0,DS3
75.18,73.92,63.0,49.55,78.62,0,DS3
75.18,73.92,62.0,49.55,78.62,0,DS3
75.18,73.92,80.0,49.55,78.62,0,DS3
75.18,73.92,59.0,49.55,78.62,0,DS3
75.18,73.92,78.0,49.55,78.62,0,DS3
75.18,73.92,85.0,49.55,78.62,0,DS3
75.18,73.92,60.0,49.55,78.62,0,DS3
75.18,73.92,87.0,49.55,78.62,0,DS3
75.18,73.92,68.0,49.55,78.62,0,DS3
75.18,73.92,100.0,49.55,78.62,0,DS3
75.18,73.92,99.0,49.55,78.62,0,DS3
75.18,73.92,90.0,49.55,78.62,0,DS3
75.18,73.92,67.0,49.55,78.62,0,DS3
75.18,73.92,97.0,49.55,78.62,0,DS3
75.18,73.92,100.0,49.55,78.62,0,DS3
75.18,73.92,73.0,49.55,78.62,0,DS3
75.18,73.92,81.0,49.55,78.62,0,DS3
75.18,73.92,50.0,49.55,78.62,0,DS3
75.18,73.92,52.0,49.55,78.62,0,DS3
75.18,73.92,75.0,49.55,78.62,0,DS3
75.18,73.92,80.0,49.55,78.62,0,DS3
75.18,73.92,66.0,49.55,78.62,0,DS3
75.18,73.92,55.0,49.55,78.62,0,DS3
75.18,73.92,89.0,49.55,78.62,0,DS3
75.18,73.92,71.0,49.55,78.62,0,DS3
75.18,73.92,82.0,49.55,78.62,0,DS3
75.18,73.92,83.0,49.55,78.62,0,DS3
75.18,73.92,77.0,49.55,78.62,0,DS3
75.18,73.92,59.0,49.55,78.62,0,DS3
75.18,73.92,81.0,49.55,78.62,0,DS3
75.18,73.92,66.0,49.55,78.62,0,DS3
75.18,73.92,91.0,49.55,78.62,0,DS3
75.18,73.92,60.0,49.55,78.62,0,DS3
75.18,73.92,65.0,49.55,78.62,0,DS3
75.18,73.92,72.0,49.55,78.62,0,DS3
75.18,73.92,87.0,49.55,78.62,0,DS3
75.18,73.92,86.0,49.55,78.62,0,DS3
75.18,73.92,67.0,49.55,78.62,0,DS3
75.18,73.92,76.0,49.55,78.62,0,DS3
75.18,73.92,62.0,49.55,78.62,0,DS3
75.18,73.92,89.0,49.55,78.62,0,DS3
75.18,73.92,60.0,49.55,78.62,0,DS3
75.18,73.92,91.0,49.55,78.62,0,DS3
75.18,73.92,97.0,49.55,78.62,0,DS3
75.18,73.92,100.0,49.55,78.62,0,DS3
75.18,73.92,93.0,49.55,78.62,0,DS3
75.18,73.92,61.0,49.55,78.62,0,DS3
75.18,73.92,71.0,49.55,78.62,0,DS3
75.18,73.92,54.0,49.55,78.62,0,DS3
75.18,73.92,58.0,49.55,78.62,0,DS3
75.18,73.92,52.0,49.55,78.62,0,DS3
75.18,73.92,82.0,49.55,78.62,0,DS3
75.18,73.92,77.0,49.55,78.62,0,DS3
75.18,73.92,96.0,49.55,78.62,0,DS3
75.18,73.92,73.0,49.55,78.62,0,DS3
75.18,73.92,82.0,49.55,78.62,0,DS3
75.18,73.92,70.0,49.55,78.62,0,DS3
75.18,73.92,91.0,49.55,78.62,0,DS3
75.18,73.92,96.0,49.55,78.62,0,DS3
75.18,73.92,72.0,49.55,78.62,0,DS3
75.18,73.92,54.0,49.55,78.62,0,DS3
75.18,73.92,58.0,49.55,78.62,0,DS3
75.18,73.92,86.0,49.55,78.62,0,DS3
75.18,73.92,66.0,49.55,78.62,0,DS3
75.18,73.92,89.0,49.55,78.62,0,DS3
75.18,73.92,87.0,49.55,78.62,0,DS3
75.18,73.92,85.0,49.55,78.62,0,DS3
75.18,73.92,91.0,49.55,78.62,0,DS3
75.18,73.92,88.0,49.55,78.62,0,DS3
75.18,73.92,82.0,49.55,78.62,0,DS3
75.18,73.92,50.0,49.55,78.62,0,DS3
75.18,73.92,76.0,49.55,78.62,0,DS3
75.18,73.92,80.0,49.55,78.62,0,DS3
75.18,73.92,98.0,49.55,78.62,0,DS3
75.18,73.92,83.0,49.55,78.62,0,DS3
75.18,73.92,79.0,49.55,78.62,0,DS3
75.18,73.92,77.0,49.55,78.62,0,DS3
75.18,73.92,55.0,49.55,78.62,0,DS3
75.18,73.92,71.0,49.55,78.62,0,DS3
75.18,73.92,57.0,49.55,78.62,0,DS3
75.18,73.92,53.0,49.55,78.62,0,DS3
75.18,73.92,66.0,49.55,78.62,0,DS3
75.18,73.92,82.0,49.55,78.62,0,DS3
75.18,73.92,93.0,49.55,78.62,0,DS3
75.18,73.92,91.0,49.55,78.62,0,DS3
75.18,73.92,65.0,49.55,78.62,0,DS3
75.18,73.92,52.0,49.55,78.62,0,DS3
75.18,73.92,70.0,49.55,78.62,0,DS3
75.18,73.92,66.0,49.55,78.62,0,DS3
75.18,73.92,69.0,49.55,78.62,0,DS3
75.18,73.92,78.0,49.55,78.62,0,DS3
75.18,73.92,52.0,49.55,78.62,0,DS3
75.18,73.92,69.0,49.55,78.62,0,DS3
75.18,73.92,78.0,49.55,78.62,0,DS3
75.18,73.92,72.0,49.55,78.62,0,DS3
75.18,73.92,83.0,49.55,78.62,0,DS3
75.18,73.92,59.0,49.55,78.62,0,DS3
75.18,73.92,58.0,49.55,78.62,0,DS3
75.18,73.92,65.0,49.55,78.62,0,DS3
75.18,73.92,55.0,49.55,78.62,0,DS3
75.18,73.92,62.0,49.55,78.62,0,DS3
75.18,73.92,54.0,49.55,78.62,0,DS3
75.18,73.92,70.0,49.55,78.62,0,DS3
75.18,73.92,86.0,49.55,78.62,0,DS3
75.18,73.92,64.0,49.55,78.62,0,DS3
75.18,73.92,50.0,49.55,78.62,0,DS3
75.18,73.92,78.0,49.55,78.62,0,DS3
75.18,73.92,85.0,49.55,78.62,0,DS3
75.18,73.92,70.0,49.55,78.62,0,DS3
75.18,73.92,65.0,49.55,78.62,0,DS3
75.18,73.92,75.0,49.55,78.62,0,DS3
75.18,73.92,55.0,49.55,78.62,0,DS3
75.18,73.92,82.0,49.55,78.62,0,DS3
75.18,73.92,87.0,49.55,78.62,0,DS3
75.18,73.92,85.0,49.55,78.62,0,DS3
75.18,73.92,66.0,49.55,78.62,0,DS3
75.18,73.92,92.0,49.55,78.62,0,DS3
75.18,73.92,97.0,49.55,78.62,0,DS3
75.18,73.92,65.0,49.55,78.62,0,DS3
75.18,73.92,63.0,49.55,78.62,0,DS3
75.18,73.92,85.0,49.55,78.62,0,DS3
75.18,73.92,85.0,49.55,78.62,0,DS3
75.18,73.92,76.0,49.55,78.62,0,DS3
75.18,73.92,96.0,49.55,78.62,0,DS3
75.18,73.92,57.0,49.55,78.62,0,DS3
75.18,73.92,74.0,49.55,78.62,0,DS3
75.18,73.92,52.0,49.55,78.62,0,DS3
75.18,73.92,53.0,49.55,78.62,0,DS3
75.18,73.92,53.0,49.55,78.62,0,DS3
75.18,73.92,75.0,49.55,78.62,0,DS3
75.18,73.92,79.0,49.55,78.62,0,DS3
75.18,73.92,50.0,49.55,78.62,0,DS3
75.18,73.92,82.0,49.55,78.62,0,DS3
75.18,73.92,74.0,49.55,78.62,0,DS3
75.18,73.92,61.0,49.55,78.62,0,DS3
75.18,73.92,51.0,49.55,78.62,0,DS3
75.18,73.92,58.0,49.55,78.62,0,DS3
75.18,73.92,80.0,49.55,78.62,0,DS3
75.18,73.92,83.0,49.55,78.62,0,DS3
75.18,73.92,82.0,49.55,78.62,0,DS3
75.18,73.92,58.0,49.55,78.62,0,DS3
75.18,73.92,96.0,49.55,78.62,0,DS3
75.18,73.92,71.0,49.55,78.62,0,DS3
75.18,73.92,88.0,49.55,78.62,0,DS3
75.18,73.92,58.0,49.55,78.62,0,DS3
75.18,73.92,74.0,49.55,78.62,0,DS3
75.18,73.92,76.0,49.55,78.62,0,DS3
75.18,73.92,89.0,49.55,78.62,0,DS3
75.18,73.92,81.0,49.55,78.62,0,DS3
75.18,73.92,70.0,49.55,78.62,0,DS3
75.18,73.92,64.0,49.55,78.62,0,DS3
75.18,73.92,99.0,49.55,78.62,0,DS3
75.18,73.92,64.0,49.55,78.62,0,DS3
75.18,73.92,56.0,49.55,78.62,0,DS3
75.18,73.92,65.0,49.55,78.62,0,DS3
75.18,73.92,66.0,49.55,78.62,0,DS3
75.18,73.92,56.0,49.55,78.62,0,DS3
75.18,73.92,85.0,49.55,78.62,0,DS3
75.18,73.92,81.0,49.55,78.62,0,DS3
75.18,73.92,66.0,49.55,78.62,0,DS3
75.18,73.92,100.0,49.55,78.62,0,DS3
75.18,73.92,83.0,49.55,78.62,0,DS3
75.18,73.92,85.0,49.55,78.62,0,DS3
75.18,73.92,78.0,49.55,78.62,0,DS3
75.18,73.92,78.0,49.55,78.62,0,DS3
75.18,73.92,51.0,49.55,78.62,0,DS3
75.18,73.92,89.0,49.55,78.62,0,DS3
75.18,73.92,96.0,49.55,78.62,0,DS3
75.18,73.92,56.0,49.55,78.62,0,DS3
75.18,73.92,90.0,49.55,78.62,0,DS3
75.18,73.92,77.0,49.55,78.62,0,DS3
75.18,73.92,64.0,49.55,78.62,0,DS3
75.18,73.92,96.0,49.55,78.62,0,DS3
75.18,73.92,51.0,49.55,78.62,0,DS3
75.18,73.92,64.0,49.55,78.62,0,DS3
75.18,73.92,94.0,49.55,78.62,0,DS3
75.18,73.92,74.0,49.55,78.62,0,DS3
75.18,73.92,80.0,49.55,78.62,0,DS3
75.18,73.92,87.0,49.55,78.62,0,DS3
75.18,73.92,57.0,49.55,78.62,0,DS3
75.18,73.92,61.0,49.55,78.62,0,DS3
75.18,73.92,100.0,49.55,78.62,0,DS3
75.18,73.92,62.0,49.55,78.62,0,DS3
75.18,73.92,77.0,49.55,78.62,0,DS3
75.18,73.92,65.0,49.55,78.62,0,DS3
75.18,73.92,93.0,49.55,78.62,0,DS3
75.18,73.92,98.0,49.55,78.62,0,DS3
75.18,73.92,57.0,49.55,78.62,0,DS3
75.18,73.92,80.0,49.55,78.62,0,DS3
75.18,73.92,91.0,49.55,78.62,0,DS3
75.18,73.92,91.0,49.55,78.62,0,DS3
75.18,73.92,72.0,49.55,78.62,0,DS3
75.18,73.92,61.0,49.55,78.62,0,DS3
75.18,73.92,69.0,49.55,78.62,0,DS3
75.18,73.92,88.0,49.55,78.62,0,DS3
75.18,73.92,100.0,49.55,78.62,0,DS3
75.18,73.92,78.0,49.55,78.62,0,DS3
75.18,73.92,60.0,49.55,78.62,0,DS3
75.18,73.92,52.0,49.55,78.62,0,DS3
75.18,73.92,97.0,49.55,78.62,0,DS3
75.18,73.92,74.0,49.55,78.62,0,DS3
75.18,73.92,86.0,49.55,78.62,0,DS3
75.18,73.92,83.0,49.55,78.62,0,DS3
75.18,73.92,95.0,49.55,78.62,0,DS3
75.18,73.92,63.0,49.55,78.62,0,DS3
75.18,73.92,72.0,49.55,78.62,0,DS3
75.18,73.92,96.0,49.55,78.62,0,DS3
75.18,73.92,79.0,49.55,78.62,0,DS3
75.18,73.92,54.0,49.55,78.62,0,DS3
75.18,73.92,60.0,49.55,78.62,0,DS3
75.18,73.92,62.0,49.55,78.62,0,DS3
75.18,73.92,100.0,49.55,78.62,0,DS3
75.18,73.92,61.0,49.55,78.62,0,DS3
75.18,73.92,93.0,49.55,78.62,0,DS3
75.18,73.92,54.0,49.55,78.62,0,DS3
75.18,73.92,59.0,49.55,78.62,0,DS3
75.18,73.92,94.0,49.55,78.62,0,DS3
75.18,73.92,95.0,49.55,78.62,0,DS3
75.18,73.92,59.0,49.55,78.62,0,DS3
75.18,73.92,61.0,49.55,78.62,0,DS3
75.18,73.92,77.0,49.55,78.62,0,DS3
75.18,73.92,53.0,49.55,78.62,0,DS3
75.18,73.92,97.0,49.55,78.62,0,DS3
75.18,73.92,68.0,49.55,78.62,0,DS3
75.18,73.92,74.0,49.55,78.62,0,DS3
75.18,73.92,55.0,49.55,78.62,0,DS3
75.18,73.92,52.0,49.55,78.62,0,DS3
75.18,73.92,73.0,49.55,78.62,0,DS3
75.18,73.92,56.0,49.55,78.62,0,DS3
75.18,73.92,82.0,49.55,78.62,0,DS3
75.18,73.92,90.0,49.55,78.62,0,DS3
75.18,73.92,52.0,49.55,78.62,0,DS3
75.18,73.92,81.0,49.55,78.62,0,DS3
75.18,73.92,91.0,49.55,78.62,0,DS3
75.18,73.92,72.0,49.55,78.62,0,DS3
75.18,73.92,98.0,49.55,78.62,0,DS3
75.18,73.92,56.0,49.55,78.62,0,DS3
75.18,73.92,66.0,49.55,78.62,0,DS3
75.18,73.92,62.0,49.55,78.62,0,DS3
75.18,73.92,100.0,49.55,78.62,0,DS3
75.18,73.92,65.0,49.55,78.62,0,DS3
75.18,73.92,69.0,49.55,78.62,0,DS3
75.18,73.92,92.0,49.55,78.62,0,DS3
75.18,73.92,96.0,49.55,78.62,0,DS3
75.18,73.92,97.0,49.55,78.62,0,DS3
75.18,73.92,78.0,49.55,78.62,0,DS3
75.18,73.92,83.0,49.55,78.62,0,DS3
75.18,73.92,67.0,49.55,78.62,0,DS3
75.18,73.92,80.0,49.55,78.62,0,DS3
75.18,73.92,65.0,49.55,78.62,0,DS3
75.18,73.92,87.0,49.55,78.62,0,DS3
75.18,73.92,65.0,49.55,78.62,0,DS3
75.18,73.92,94.0,49.55,78.62,0,DS3
75.18,73.92,57.0,49.55,78.62,0,DS3
75.18,73.92,79.0,49.55,78.62,0,DS3
75.18,73.92,76.0,49.55,78.62,0,DS3
75.18,73.92,63.0,49.55,78.62,0,DS3
75.18,73.92,51.0,49.55,78.62,0,DS3
75.18,73.92,57.0,49.55,78.62,0,DS3
75.18,73.92,98.0,49.55,78.62,0,DS3
75.18,73.92,97.0,49.55,78.62,0,DS3
75.18,73.92,56.0,49.55,78.62,0,DS3
75.18,73.92,69.0,49.55,78.62,0,DS3
75.18,73.92,73.0,49.55,78.62,0,DS3
75.18,73.92,74.0,49.55,78.62,0,DS3
75.18,73.92,65.0,49.55,78.62,0,DS3
75.18,73.92,96.0,49.55,78.62,0,DS3
75.18,73.92,95.0,49.55,78.62,0,DS3
75.18,73.92,51.0,49.55,78.62,0,DS3
75.18,73.92,83.0,49.55,78.62,0,DS3
75.18,73.92,54.0,49.55,78.62,0,DS3
75.18,73.92,80.0,49.55,78.62,0,DS3
75.18,73.92,93.0,49.55,78.62,0,DS3
75.18,73.92,82.0,49.55,78.62,0,DS3
75.18,73.92,73.0,49.55,78.62,0,DS3
75.18,73.92,98.0,49.55,78.62,0,DS3
75.18,73.92,87.0,49.55,78.62,0,DS3
75.18,73.92,62.0,49.55,78.62,0,DS3
75.18,73.92,69.0,49.55,78.62,0,DS3
75.18,73.92,88.0,49.55,78.62,0,DS3
75.18,73.92,51.0,49.55,78.62,0,DS3
75.18,73.92,53.0,49.55,78.62,0,DS3
75.18,73.92,93.0,49.55,78.62,0,DS3
75.18,73.92,52.0,49.55,78.62,0,DS3
75.18,73.92,84.0,49.55,78.62,0,DS3
75.18,73.92,66.0,49.55,78.62,0,DS3
75.18,73.92,91.0,49.55,78.62,0,DS3
75.18,73.92,92.0,49.55,78.62,0,DS3
75.18,73.92,98.0,49.55,78.62,0,DS3
75.18,73.92,55.0,49.55,78.62,0,DS3
75.18,73.92,71.0,49.55,78.62,0,DS3
75.18,73.92,79.0,49.55,78.62,0,DS3
75.18,73.92,96.0,49.55,78.62,0,DS3
75.18,73.92,63.0,49.55,78.62,0,DS3
75.18,73.92,54.0,49.55,78.62,0,DS3
75.18,73.92,60.0,49.55,78.62,0,DS3
75.18,73.92,75.0,49.55,78.62,0,DS3
75.18,73.92,84.0,49.55,78.62,0,DS3
75.18,73.92,85.0,49.55,78.62,0,DS3
75.18,73.92,54.0,49.55,78.62,0,DS3
75.18,73.92,88.0,49.55,78.62,0,DS3
75.18,73.92,83.0,49.55,78.62,0,DS3
75.18,73.92,70.0,49.55,78.62,0,DS3
75.18,73.92,79.0,49.55,78.62,0,DS3
75.18,73.92,88.0,49.55,78.62,0,DS3
75.18,73.92,63.0,49.55,78.62,0,DS3
75.18,73.92,97.0,49.55,78.62,0,DS3
75.18,73.92,57.0,49.55,78.62,0,DS3
75.18,73.92,95.0,49.55,78.62,0,DS3
75.18,73.92,87.0,49.55,78.62,0,DS3
75.18,73.92,83.0,49.55,78.62,0,DS3
75.18,73.92,54.0,49.55,78.62,0,DS3
75.18,73.92,96.0,49.55,78.62,0,DS3
75.18,73.92,65.0,49.55,78.62,0,DS3
75.18,73.92,87.0,49.55,78.62,0,DS3
75.18,73.92,94.0,49.55,78.62,0,DS3
75.18,73.92,62.0,49.55,78.62,0,DS3
75.18,73.92,96.0,49.55,78.62,0,DS3
75.18,73.92,81.0,49.55,78.62,0,DS3
75.18,73.92,83.0,49.55,78.62,0,DS3
75.18,73.92,96.0,49.55,78.62,0,DS3
75.18,73.92,76.0,49.55,78.62,0,DS3
75.18,73.92,72.0,49.55,78.62,0,DS3
75.18,73.92,82.0,49.55,78.62,0,DS3
75.18,73.92,78.0,49.55,78.62,0,DS3
75.18,73.92,53.0,49.55,78.62,0,DS3
75.18,73.92,59.0,49.55,78.62,0,DS3
75.18,73.92,51.0,49.55,78.62,0,DS3
75.18,73.92,55.0,49.55,78.62,0,DS3
75.18,73.92,86.0,49.55,78.62,0,DS3
75.18,73.92,50.0,49.55,78.62,0,DS3
75.18,73.92,65.0,49.55,78.62,0,DS3
75.18,73.92,72.0,49.55,78.62,0,DS3
75.18,73.92,97.0,49.55,78.62,0,DS3
75.18,73.92,66.0,49.55,78.62,0,DS3
75.18,73.92,89.0,49.55,78.62,0,DS3
75.18,73.92,70.0,49.55,78.62,0,DS3
75.18,73.92,55.0,49.55,78.62,0,DS3
75.18,73.92,55.0,49.55,78.62,0,DS3
75.18,73.92,72.0,49.55,78.62,0,DS3
75.18,73.92,53.0,49.55,78.62,0,DS3
75.18,73.92,79.0,49.55,78.62,0,DS3
75.18,73.92,75.0,49.55,78.62,0,DS3
75.18,73.92,85.0,49.55,78.62,0,DS3
75.18,73.92,59.0,49.55,78.62,0,DS3
75.18,73.92,80.0,49.55,78.62,0,DS3
75.18,73.92,59.0,49.55,78.62,0,DS3
75.18,73.92,86.0,49.55,78.62,0,DS3
75.18,73.92,65.0,49.55,78.62,0,DS3
75.18,73.92,81.0,49.55,78.62,0,DS3
75.18,73.92,94.0,49.55,78.62,0,DS3
75.18,73.92,74.0,49.55,78.62,0,DS3
75.18,73.92,60.0,49.55,78.62,0,DS3
75.18,73.92,94.0,49.55,78.62,0,DS3
75.18,73.92,68.0,49.55,78.62,0,DS3
75.18,73.92,87.0,49.55,78.62,0,DS3
75.18,73.92,66.0,49.55,78.62,0,DS3
75.18,73.92,65.0,49.55,78.62,0,DS3
75.18,73.92,82.0,49.55,78.62,0,DS3
75.18,73.92,58.0,49.55,78.62,0,DS3
75.18,73.92,93.0,49.55,78.62,0,DS3
75.18,73.92,69.0,49.55,78.62,0,DS3
75.18,73.92,51.0,49.55,78.62,0,DS3
75.18,73.92,65.0,49.55,78.62,0,DS3
75.18,73.92,89.0,49.55,78.62,0,DS3
75.18,73.92,93.0,49.55,78.62,0,DS3
75.18,73.92,78.0,49.55,78.62,0,DS3
75.18,73.92,65.0,49.55,78.62,0,DS3
75.18,73.92,76.0,49.55,78.62,0,DS3
75.18,73.92,92.0,49.55,78.62,0,DS3
75.18,73.92,66.0,49.55,78.62,0,DS3
75.18,73.92,69.0,49.55,78.62,0,DS3
75.18,73.92,77.0,49.55,78.62,0,DS3
75.18,73.92,94.0,49.55,78.62,0,DS3
75.18,73.92,79.0,49.55,78.62,0,DS3
75.18,73.92,60.0,49.55,78.62,0,DS3
75.18,73.92,54.0,49.55,78.62,0,DS3
75.18,73.92,55.0,49.55,78.62,0,DS3
75.18,73.92,98.0,49.55,78.62,0,DS3
75.18,73.92,91.0,49.55,78.62,0,DS3
75.18,73.92,88.0,49.55,78.62,0,DS3
75.18,73.92,75.0,49.55,78.62,0,DS3
75.18,73.92,84.0,49.55,78.62,0,DS3
75.18,73.92,56.0,49.55,78.62,0,DS3
75.18,73.92,81.0,49.55,78.62,0,DS3
75.18,73.92,91.0,49.55,78.62,0,DS3
75.18,73.92,53.0,49.55,78.62,0,DS3
75.18,73.92,65.0,49.55,78.62,0,DS3
75.18,73.92,56.0,49.55,78.62,0,DS3
75.18,73.92,63.0,49.55,78.62,0,DS3
75.18,73.92,89.0,49.55,78.62,0,DS3
75.18,73.92,67.0,49.55,78.62,0,DS3
75.18,73.92,84.0,49.55,78.62,0,DS3
75.18,73.92,89.0,49.55,78.62,0,DS3
75.18,73.92,91.0,49.55,78.62,0,DS3
75.18,73.92,94.0,49.55,78.62,0,DS3
75.18,73.92,80.0,49.55,78.62,0,DS3
75.18,73.92,64.0,49.55,78.62,0,DS3
75.18,73.92,58.0,49.55,78.62,0,DS3
75.18,73.92,75.0,49.55,78.62,0,DS3
75.18,73.92,55.0,49.55,78.62,0,DS3
75.18,73.92,96.0,49.55,78.62,0,DS3
75.18,73.92,72.0,49.55,78.62,0,DS3
75.18,73.92,94.0,49.55,78.62,0,DS3
75.18,73.92,85.0,49.55,78.62,0,DS3
75.18,73.92,93.0,49.55,78.62,0,DS3
75.18,73.92,94.0,49.55,78.62,0,DS3
75.18,73.92,53.0,49.55,78.62,0,DS3
75.18,73.92,86.0,49.55,78.62,0,DS3
75.18,73.92,61.0,49.55,78.62,0,DS3
75.18,73.92,99.0,49.55,78.62,0,DS3
75.18,73.92,89.0,49.55,78.62,0,DS3
75.18,73.92,50.0,49.55,78.62,0,DS3
75.18,73.92,96.0,49.55,78.62,0,DS3
75.18,73.92,65.0,49.55,78.62,0,DS3
75.18,73.92,71.0,49.55,78.62,0,DS3
75.18,73.92,81.0,49.55,78.62,0,DS3
75.18,73.92,96.0,49.55,78.62,0,DS3
75.18,73.92,96.0,49.55,78.62,0,DS3
75.18,73.92,78.0,49.55,78.62,0,DS3
75.18,73.92,66.0,49.55,78.62,0,DS3
75.18,73.92,64.0,49.55,78.62,0,DS3
75.18,73.92,68.0,49.55,78.62,0,DS3
75.18,73.92,59.0,49.55,78.62,0,DS3
75.18,73.92,83.0,49.55,78.62,0,DS3
75.18,73.92,76.0,49.55,78.62,0,DS3
75.18,73.92,89.0,49.55,78.62,0,DS3
75.18,73.92,55.0,49.55,78.62,0,DS3
75.18,73.92,70.0,49.55,78.62,0,DS3
75.18,73.92,62.0,49.55,78.62,0,DS3
75.18,73.92,77.0,49.55,78.62,0,DS3
75.18,73.92,73.0,49.55,78.62,0,DS3
75.18,73.92,72.0,49.55,78.62,0,DS3
75.18,73.92,66.0,49.55,78.62,0,DS3
75.18,73.92,86.0,49.55,78.62,0,DS3
75.18,73.92,74.0,49.55,78.62,0,DS3
75.18,73.92,60.0,49.55,78.62,0,DS3
75.18,73.92,77.0,49.55,78.62,0,DS3
75.18,73.92,80.0,49.55,78.62,0,DS3
75.18,73.92,51.0,49.55,78.62,0,DS3
75.18,73.92,60.0,49.55,78.62,0,DS3
75.18,73.92,62.0,49.55,78.62,0,DS3
75.18,73.92,62.0,49.55,78.62,0,DS3
75.18,73.92,62.0,49.55,78.62,0,DS3
75.18,73.92,64.0,49.55,78.62,0,DS3
75.18,73.92,63.0,49.55,78.62,0,DS3
75.18,73.92,94.0,49.55,78.62,0,DS3
75.18,73.92,66.0,49.55,78.62,0,DS3
75.18,73.92,67.0,49.55,78.62,0,DS3
75.18,73.92,63.0,49.55,78.62,0,DS3
75.18,73.92,98.0,49.55,78.62,0,DS3
75.18,73.92,77.0,49.55,78.62,0,DS3
75.18,73.92,81.0,49.55,78.62,0,DS3
75.18,73.92,87.0,49.55,78.62,0,DS3
75.18,73.92,67.0,49.55,78.62,0,DS3
75.18,73.92,98.0,49.55,78.62,0,DS3
75.18,73.92,58.0,49.55,78.62,0,DS3
75.18,73.92,73.0,49.55,78.62,0,DS3
75.18,73.92,57.0,49.55,78.62,0,DS3
75.18,73.92,90.0,49.55,78.62,0,DS3
75.18,73.92,55.0,49.55,78.62,0,DS3
75.18,73.92,78.0,49.55,78.62,0,DS3
75.18,73.92,55.0,49.55,78.62,0,DS3
75.18,73.92,73.0,49.55,78.62,0,DS3
75.18,73.92,64.0,49.55,78.62,0,DS3
75.18,73.92,95.0,49.55,78.62,0,DS3
75.18,73.92,53.0,49.55,78.62,0,DS3
75.18,73.92,82.0,49.55,78.62,0,DS3
75.18,73.92,85.0,49.55,78.62,0,DS3
75.18,73.92,94.0,49.55,78.62,0,DS3
75.18,73.92,94.0,49.55,78.62,0,DS3
75.18,73.92,99.0,49.55,78.62,0,DS3
75.18,73.92,63.0,49.55,78.62,0,DS3
75.18,73.92,64.0,49.55,78.62,0,DS3
75.18,73.92,70.0,49.55,78.62,0,DS3
75.18,73.92,77.0,49.55,78.62,0,DS3
75.18,73.92,68.0,49.55,78.62,0,DS3
75.18,73.92,87.0,49.55,78.62,0,DS3
75.18,73.92,50.0,49.55,78.62,0,DS3
75.18,73.92,51.0,49.55,78.62,0,DS3
75.18,73.92,86.0,49.55,78.62,0,DS3
75.18,73.92,94.0,49.55,78.62,0,DS3
75.18,73.92,89.0,49.55,78.62,0,DS3
75.18,73.92,56.0,49.55,78.62,0,DS3
75.18,73.92,97.0,49.55,78.62,0,DS3
75.18,73.92,76.0,49.55,78.62,0,DS3
75.18,73.92,87.0,49.55,78.62,0,DS3
75.18,73.92,60.0,49.55,78.62,0,DS3
75.18,73.92,77.0,49.55,78.62,0,DS3
75.18,73.92,67.0,49.55,78.62,0,DS3
75.18,73.92,99.0,49.55,78.62,0,DS3
75.18,73.92,74.0,49.55,78.62,0,DS3
75.18,73.92,88.0,49.55,78.62,0,DS3
75.18,73.92,80.0,49.55,78.62,0,DS3
75.18,73.92,55.0,49.55,78.62,0,DS3
75.18,73.92,77.0,49.55,78.62,0,DS3
75.18,73.92,77.0,49.55,78.62,0,DS3
75.18,73.92,86.0,49.55,78.62,0,DS3
75.18,73.92,66.0,49.55,78.62,0,DS3
75.18,73.92,93.0,49.55,78.62,0,DS3
75.18,73.92,81.0,49.55,78.62,0,DS3
75.18,73.92,52.0,49.55,78.62,0,DS3
75.18,73.92,85.0,49.55,78.62,0,DS3
75.18,73.92,95.0,49.55,78.62,0,DS3
75.18,73.92,84.0,49.55,78.62,0,DS3
75.18,73.92,69.0,49.55,78.62,0,DS3
75.18,73.92,80.0,49.55,78.62,0,DS3
75.18,73.92,59.0,49.55,78.62,0,DS3
75.18,73.92,80.0,49.55,78.62,0,DS3
75.18,73.92,75.0,49.55,78.62,0,DS3
75.18,73.92,51.0,49.55,78.62,0,DS3
75.18,73.92,66.0,49.55,78.62,0,DS3
75.18,73.92,60.0,49.55,78.62,0,DS3
75.18,73.92,70.0,49.55,78.62,0,DS3
75.18,73.92,62.0,49.55,78.62,0,DS3
75.18,73.92,92.0,49.55,78.62,0,DS3
75.18,73.92,85.0,49.55,78.62,0,DS3
75.18,73.92,87.0,49.55,78.62,0,DS3
75.18,73.92,68.0,49.55,78.62,0,DS3
75.18,73.92,50.0,49.55,78.62,0,DS3
75.18,73.92,61.0,49.55,78.62,0,DS3
75.18,73.92,88.0,49.55,78.62,0,DS3
75.18,73.92,80.0,49.55,78.62,0,DS3
75.18,73.92,77.0,49.55,78.62,0,DS3
75.18,73.92,64.0,49.55,78.62,0,DS3
75.18,73.92,54.0,49.55,78.62,0,DS3
75.18,73.92,89.0,49.55,78.62,0,DS3
75.18,73.92,52.0,49.55,78.62,0,DS3
75.18,73.92,53.0,49.55,78.62,0,DS3
75.18,73.92,65.0,49.55,78.62,0,DS3
75.18,73.92,79.0,49.55,78.62,0,DS3
75.18,73.92,100.0,49.55,78.62,0,DS3
75.18,73.92,55.0,49.55,78.62,0,DS3
75.18,73.92,74.0,49.55,78.62,0,DS3
75.18,73.92,80.0,49.55,78.62,0,DS3
75.18,73.92,91.0,49.55,78.62,0,DS3
75.18,73.92,84.0,49.55,78.62,0,DS3
75.18,73.92,90.0,49.55,78.62,0,DS3
75.18,73.92,76.0,49.55,78.62,0,DS3
75.18,73.92,72.0,49.55,78.62,0,DS3
75.18,73.92,81.0,49.55,78.62,0,DS3
75.18,73.92,95.0,49.55,78.62,0,DS3
75.18,73.92,78.0,49.55,78.62,0,DS3
75.18,73.92,80.0,49.55,78.62,0,DS3
75.18,73.92,67.0,49.55,78.62,0,DS3
75.18,73.92,80.0,49.55,78.62,0,DS3
75.18,73.92,81.0,49.55,78.62,0,DS3
75.18,73.92,88.0,49.55,78.62,0,DS3
75.18,73.92,79.0,49.55,78.62,0,DS3
75.18,73.92,60.0,49.55,78.62,0,DS3
75.18,73.92,79.0,49.55,78.62,0,DS3
75.18,73.92,65.0,49.55,78.62,0,DS3
75.18,73.92,54.0,49.55,78.62,0,DS3
75.18,73.92,91.0,49.55,78.62,0,DS3
75.18,73.92,53.0,49.55,78.62,0,DS3
75.18,73.92,82.0,49.55,78.62,0,DS3
75.18,73.92,99.0,49.55,78.62,0,DS3
75.18,73.92,54.0,49.55,78.62,0,DS3
75.18,73.92,61.0,49.55,78.62,0,DS3
75.18,73.92,88.0,49.55,78.62,0,DS3
75.18,73.92,55.0,49.55,78.62,0,DS3
75.18,73.92,92.0,49.55,78.62,0,DS3
75.18,73.92,50.0,49.55,78.62,0,DS3
75.18,73.92,94.0,49.55,78.62,0,DS3
75.18,73.92,53.0,49.55,78.62,0,DS3
75.18,73.92,96.0,49.55,78.62,0,DS3
75.18,73.92,93.0,49.55,78.62,0,DS3
75.18,73.92,77.0,49.55,78.62,0,DS3
75.18,73.92,89.0,49.55,78.62,0,DS3
75.18,73.92,54.0,49.55,78.62,0,DS3
75.18,73.92,57.0,49.55,78.62,0,DS3
75.18,73.92,68.0,49.55,78.62,0,DS3
75.18,73.92,77.0,49.55,78.62,0,DS3
75.18,73.92,93.0,49.55,78.62,0,DS3
75.18,73.92,77.0,49.55,78.62,0,DS3
75.18,73.92,83.0,49.55,78.62,0,DS3
75.18,73.92,84.0,49.55,78.62,0,DS3
75.18,73.92,94.0,49.55,78.62,0,DS3
75.18,73.92,89.0,49.55,78.62,0,DS3
75.18,73.92,99.0,49.55,78.62,0,DS3
75.18,73.92,51.0,49.55,78.62,0,DS3
75.18,73.92,60.0,49.55,78.62,0,DS3
75.18,73.92,97.0,49.55,78.62,0,DS3
75.18,73.92,90.0,49.55,78.62,0,DS3
75.18,73.92,63.0,49.55,78.62,0,DS3
75.18,73.92,99.0,49.55,78.62,0,DS3
75.18,73.92,93.0,49.55,78.62,0,DS3
75.18,73.92,53.0,49.55,78.62,0,DS3
75.18,73.92,91.0,49.55,78.62,0,DS3
75.18,73.92,89.0,49.55,78.62,0,DS3
75.18,73.92,61.0,49.55,78.62,0,DS3
75.18,73.92,83.0,49.55,78.62,0,DS3
75.18,73.92,99.0,49.55,78.62,0,DS3
75.18,73.92,84.0,49.55,78.62,0,DS3
75.18,73.92,91.0,49.55,78.62,0,DS3
75.18,73.92,55.0,49.55,78.62,0,DS3
75.18,73.92,86.0,49.55,78.62,0,DS3
75.18,73.92,60.0,49.55,78.62,0,DS3
75.18,73.92,54.0,49.55,78.62,0,DS3
75.18,73.92,78.0,49.55,78.62,0,DS3
75.18,73.92,88.0,49.55,78.62,0,DS3
75.18,73.92,77.0,49.55,78.62,0,DS3
75.18,73.92,97.0,49.55,78.62,0,DS3
75.18,73.92,85.0,49.55,78.62,0,DS3
75.18,73.92,56.0,49.55,78.62,0,DS3
75.18,73.92,97.0,49.55,78.62,0,DS3
75.18,73.92,58.0,49.55,78.62,0,DS3
75.18,73.92,88.0,49.55,78.62,0,DS3
75.18,73.92,57.0,49.55,78.62,0,DS3
75.18,73.92,100.0,49.55,78.62,0,DS3
75.18,73.92,67.0,49.55,78.62,0,DS3
75.18,73.92,75.0,49.55,78.62,0,DS3
75.18,73.92,73.0,49.55,78.62,0,DS3
75.18,73.92,55.0,49.55,78.62,0,DS3
75.18,73.92,75.0,49.55,78.62,0,DS3
75.18,73.92,57.0,49.55,78.62,0,DS3
75.18,73.92,90.0,49.55,78.62,0,DS3
75.18,73.92,98.0,49.55,78.62,0,DS3
75.18,73.92,90.0,49.55,78.62,0,DS3
75.18,73.92,72.0,49.55,78.62,0,DS3
75.18,73.92,50.0,49.55,78.62,0,DS3
75.18,73.92,52.0,49.55,78.62,0,DS3
75.18,73.92,75.0,49.55,78.62,0,DS3
75.18,73.92,84.0,49.55,78.62,0,DS3
75.18,73.92,91.0,49.55,78.62,0,DS3
75.18,73.92,80.0,49.55,78.62,0,DS3
75.18,73.92,99.0,49.55,78.62,0,DS3
75.18,73.92,75.0,49.55,78.62,0,DS3
75.18,73.92,80.0,49.55,78.62,0,DS3
75.18,73.92,62.0,49.55,78.62,0,DS3
75.18,73.92,67.0,49.55,78.62,0,DS3
75.18,73.92,84.0,49.55,78.62,0,DS3
75.18,73.92,80.0,49.55,78.62,0,DS3
75.18,73.92,68.0,49.55,78.62,0,DS3
75.18,73.92,56.0,49.55,78.62,0,DS3
75.18,73.92,67.0,49.55,78.62,0,DS3
75.18,73.92,52.0,49.55,78.62,0,DS3
75.18,73.92,79.0,49.55,78.62,0,DS3
75.18,73.92,66.0,49.55,78.62,0,DS3
75.18,73.92,69.0,49.55,78.62,0,DS3
75.18,73.92,79.0,49.55,78.62,0,DS3
75.18,73.92,79.0,49.55,78.62,0,DS3
75.18,73.92,79.0,49.55,78.62,0,DS3
75.18,73.92,75.0,49.55,78.62,0,DS3
75.18,73.92,74.0,49.55,78.62,0,DS3
75.18,73.92,91.0,49.55,78.62,0,DS3
75.18,73.92,73.0,49.55,78.62,0,DS3
75.18,73.92,77.0,49.55,78.62,0,DS3
75.18,73.92,99.0,49.55,78.62,0,DS3
75.18,73.92,59.0,49.55,78.62,0,DS3
75.18,73.92,86.0,49.55,78.62,0,DS3
75.18,73.92,74.0,49.55,78.62,0,DS3
75.18,73.92,92.0,49.55,78.62,0,DS3
75.18,73.92,70.0,49.55,78.62,0,DS3
75.18,73.92,65.0,49.55,78.62,0,DS3
75.18,73.92,60.0,49.55,78.62,0,DS3
75.18,73.92,94.0,49.55,78.62,0,DS3
75.18,73.92,86.0,49.55,78.62,0,DS3
75.18,73.92,54.0,49.55,78.62,0,DS3
75.18,73.92,86.0,49.55,78.62,0,DS3
75.18,73.92,52.0,49.55,78.62,0,DS3
75.18,73.92,59.0,49.55,78.62,0,DS3
75.18,73.92,80.0,49.55,78.62,0,DS3
75.18,73.92,73.0,49.55,78.62,0,DS3
75.18,73.92,92.0,49.55,78.62,0,DS3
75.18,73.92,80.0,49.55,78.62,0,DS3
75.18,73.92,98.0,49.55,78.62,0,DS3
75.18,73.92,93.0,49.55,78.62,0,DS3
75.18,73.92,67.0,49.55,78.62,0,DS3
75.18,73.92,92.0,49.55,78.62,0,DS3
75.18,73.92,93.0,49.55,78.62,0,DS3
75.18,73.92,98.0,49.55,78.62,0,DS3
75.18,73.92,51.0,49.55,78.62,0,DS3
75.18,73.92,94.0,49.55,78.62,0,DS3
75.18,73.92,53.0,49.55,78.62,0,DS3
75.18,73.92,76.0,49.55,78.62,0,DS3
75.18,73.92,71.0,49.55,78.62,0,DS3
75.18,73.92,96.0,49.55,78.62,0,DS3
75.18,73.92,70.0,49.55,78.62,0,DS3
75.18,73.92,80.0,49.55,78.62,0,DS3
75.18,73.92,85.0,49.55,78.62,0,DS3
75.18,73.92,51.0,49.55,78.62,0,DS3
75.18,73.92,80.0,49.55,78.62,0,DS3
75.18,73.92,76.0,49.55,78.62,0,DS3
75.18,73.92,80.0,49.55,78.62,0,DS3
75.18,73.92,54.0,49.55,78.62,0,DS3
75.18,73.92,53.0,49.55,78.62,0,DS3
75.18,73.92,59.0,49.55,78.62,0,DS3
75.18,73.92,93.0,49.55,78.62,0,DS3
75.18,73.92,68.0,49.55,78.62,0,DS3
75.18,73.92,72.0,49.55,78.62,0,DS3
75.18,73.92,70.0,49.55,78.62,0,DS3
75.18,73.92,86.0,49.55,78.62,0,DS3
75.18,73.92,63.0,49.55,78.62,0,DS3
75.18,73.92,53.0,49.55,78.62,0,DS3
75.18,73.92,69.0,49.55,78.62,0,DS3
75.18,73.92,86.0,49.55,78.62,0,DS3
75.18,73.92,96.0,49.55,78.62,0,DS3
75.18,73.92,53.0,49.55,78.62,0,DS3
75.18,73.92,91.0,49.55,78.62,0,DS3
75.18,73.92,53.0,49.55,78.62,0,DS3
75.18,73.92,67.0,49.55,78.62,0,DS3
75.18,73.92,51.0,49.55,78.62,0,DS3
75.18,73.92,96.0,49.55,78.62,0,DS3
75.18,73.92,85.0,49.55,78.62,0,DS3
75.18,73.92,68.0,49.55,78.62,0,DS3
75.18,73.92,69.0,49.55,78.62,0,DS3
75.18,73.92,82.0,49.55,78.62,0,DS3
75.18,73.92,54.0,49.55,78.62,0,DS3
75.18,73.92,57.0,49.55,78.62,0,DS3
75.18,73.92,92.0,49.55,78.62,0,DS3
75.18,73.92,60.0,49.55,78.62,0,DS3
75.18,73.92,86.0,49.55,78.62,0,DS3
75.18,73.92,61.0,49.55,78.62,0,DS3
75.18,73.92,54.0,49.55,78.62,0,DS3
75.18,73.92,95.0,49.55,78.62,0,DS3
75.18,73.92,95.0,49.55,78.62,0,DS3
75.18,73.92,80.0,49.55,78.62,0,DS3
75.18,73.92,73.0,49.55,78.62,0,DS3
75.18,73.92,78.0,49.55,78.62,0,DS3
75.18,73.92,70.0,49.55,78.62,0,DS3
75.18,73.92,88.0,49.55,78.62,0,DS3
75.18,73.92,88.0,49.55,78.62,0,DS3
75.18,73.92,91.0,49.55,78.62,0,DS3
75.18,73.92,76.0,49.55,78.62,0,DS3
75.18,73.92,90.0,49.55,78.62,0,DS3
75.18,73.92,58.0,49.55,78.62,0,DS3
75.18,73.92,52.0,49.55,78.62,0,DS3
75.18,73.92,82.0,49.55,78.62,0,DS3
75.18,73.92,55.0,49.55,78.62,0,DS3
75.18,73.92,78.0,49.55,78.62,0,DS3
75.18,73.92,86.0,49.55,78.62,0,DS3
75.18,73.92,70.0,49.55,78.62,0,DS3
75.18,73.92,52.0,49.55,78.62,0,DS3
75.18,73.92,94.0,49.55,78.62,0,DS3
75.18,73.92,52.0,49.55,78.62,0,DS3
75.18,73.92,95.0,49.55,78.62,0,DS3
75.18,73.92,53.0,49.55,78.62,0,DS3
75.18,73.92,87.0,49.55,78.62,0,DS3
75.18,73.92,96.0,49.55,78.62,0,DS3
75.18,73.92,95.0,49.55,78.62,0,DS3
75.18,73.92,95.0,49.55,78.62,0,DS3
75.18,73.92,94.0,49.55,78.62,0,DS3
75.18,73.92,76.0,49.55,78.62,0,DS3
75.18,73.92,78.0,49.55,78.62,0,DS3
75.18,73.92,81.0,49.55,78.62,0,DS3
75.18,73.92,95.0,49.55,78.62,0,DS3
75.18,73.92,92.0,49.55,78.62,0,DS3
75.18,73.92,89.0,49.55,78.62,0,DS3
75.18,73.92,84.0,49.55,78.62,0,DS3
75.18,73.92,81.0,49.55,78.62,0,DS3
75.18,73.92,96.0,49.55,78.62,0,DS3
75.18,73.92,60.0,49.55,78.62,0,DS3
75.18,73.92,60.0,49.55,78.62,0,DS3
75.18,73.92,99.0,49.55,78.62,0,DS3
75.18,73.92,78.0,49.55,78.62,0,DS3
75.18,73.92,74.0,49.55,78.62,0,DS3
75.18,73.92,93.0,49.55,78.62,0,DS3
75.18,73.92,92.0,49.55,78.62,0,DS3
75.18,73.92,59.0,49.55,78.62,0,DS3
75.18,73.92,59.0,49.55,78.62,0,DS3
75.18,73.92,90.0,49.55,78.62,0,DS3
75.18,73.92,89.0,49.55,78.62,0,DS3
75.18,73.92,61.0,49.55,78.62,0,DS3
75.18,73.92,92.0,49.55,78.62,0,DS3
75.18,73.92,74.0,49.55,78.62,0,DS3
75.18,73.92,73.0,49.55,78.62,0,DS3
75.18,73.92,99.0,49.55,78.62,0,DS3
75.18,73.92,76.0,49.55,78.62,0,DS3
75.18,73.92,57.0,49.55,78.62,0,DS3
75.18,73.92,64.0,49.55,78.62,0,DS3
75.18,73.92,67.0,49.55,78.62,0,DS3
75.18,73.92,98.0,49.55,78.62,0,DS3
75.18,73.92,63.0,49.55,78.62,0,DS3
75.18,73.92,72.0,49.55,78.62,0,DS3
75.18,73.92,87.0,49.55,78.62,0,DS3
75.18,73.92,64.0,49.55,78.62,0,DS3
75.18,73.92,85.0,49.55,78.62,0,DS3
75.18,73.92,60.0,49.55,78.62,0,DS3
75.18,73.92,62.0,49.55,78.62,0,DS3
75.18,73.92,99.0,49.55,78.62,0,DS3
75.18,73.92,68.0,49.55,78.62,0,DS3
75.18,73.92,86.0,49.55,78.62,0,DS3
75.18,73.92,92.0,49.55,78.62,0,DS3
75.18,73.92,67.0,49.55,78.62,0,DS3
75.18,73.92,68.0,49.55,78.62,0,DS3
75.18,73.92,89.0,49.55,78.62,0,DS3
75.18,73.92,80.0,49.55,78.62,0,DS3
75.18,73.92,68.0,49.55,78.62,0,DS3
75.18,73.92,87.0,49.55,78.62,0,DS3
75.18,73.92,93.0,49.55,78.62,0,DS3
75.18,73.92,62.0,49.55,78.62,0,DS3
75.18,73.92,51.0,49.55,78.62,0,DS3
75.18,73.92,64.0,49.55,78.62,0,DS3
75.18,73.92,84.0,49.55,78.62,0,DS3
75.18,73.92,96.0,49.55,78.62,0,DS3
75.18,73.92,93.0,49.55,78.62,0,DS3
75.18,73.92,61.0,49.55,78.62,0,DS3
75.18,73.92,94.0,49.55,78.62,0,DS3
75.18,73.92,91.0,49.55,78.62,0,DS3
75.18,73.92,87.0,49.55,78.62,0,DS3
75.18,73.92,84.0,49.55,78.62,0,DS3
75.18,73.92,90.0,49.55,78.62,0,DS3
75.18,73.92,93.0,49.55,78.62,0,DS3
75.18,73.92,91.0,49.55,78.62,0,DS3
75.18,73.92,56.0,49.55,78.62,0,DS3
75.18,73.92,86.0,49.55,78.62,0,DS3
75.18,73.92,92.0,49.55,78.62,0,DS3
75.18,73.92,59.0,49.55,78.62,0,DS3
75.18,73.92,61.0,49.55,78.62,0,DS3
75.18,73.92,89.0,49.55,78.62,0,DS3
75.18,73.92,67.0,49.55,78.62,0,DS3
75.18,73.92,70.0,49.55,78.62,0,DS3
75.18,73.92,69.0,49.55,78.62,0,DS3
75.18,73.92,61.0,49.55,78.62,0,DS3
75.18,73.92,97.0,49.55,78.62,0,DS3
75.18,73.92,90.0,49.55,78.62,0,DS3
75.18,73.92,63.0,49.55,78.62,0,DS3
75.18,73.92,55.0,49.55,78.62,0,DS3
75.18,73.92,69.0,49.55,78.62,0,DS3
75.18,73.92,71.0,49.55,78.62,0,DS3
75.18,73.92,50.0,49.55,78.62,0,DS3
75.18,73.92,94.0,49.55,78.62,0,DS3
75.18,73.92,93.0,49.55,78.62,0,DS3
75.18,73.92,93.0,49.55,78.62,0,DS3
75.18,73.92,90.0,49.55,78.62,0,DS3
75.18,73.92,87.0,49.55,78.62,0,DS3
75.18,73.92,82.0,49.55,78.62,0,DS3
75.18,73.92,98.0,49.55,78.62,0,DS3
75.18,73.92,86.0,49.55,78.62,0,DS3
75.18,73.92,82.0,49.55,78.62,0,DS3
75.18,73.92,89.0,49.55,78.62,0,DS3
75.18,73.92,62.0,49.55,78.62,0,DS3
75.18,73.92,98.0,49.55,78.62,0,DS3
75.18,73.92,51.0,49.55,78.62,0,DS3
75.18,73.92,82.0,49.55,78.62,0,DS3
75.18,73.92,54.0,49.55,78.62,0,DS3
75.18,73.92,93.0,49.55,78.62,0,DS3
75.18,73.92,98.0,49.55,78.62,0,DS3
75.18,73.92,70.0,49.55,78.62,0,DS3
75.18,73.92,93.0,49.55,78.62,0,DS3
75.18,73.92,67.0,49.55,78.62,0,DS3
75.18,73.92,58.0,49.55,78.62,0,DS3
75.18,73.92,64.0,49.55,78.62,0,DS3
75.18,73.92,65.0,49.55,78.62,0,DS3
75.18,73.92,82.0,49.55,78.62,0,DS3
75.18,73.92,90.0,49.55,78.62,0,DS3
75.18,73.92,60.0,49.55,78.62,0,DS3
75.18,73.92,54.0,49.55,78.62,0,DS3
75.18,73.92,61.0,49.55,78.62,0,DS3
75.18,73.92,65.0,49.55,78.62,0,DS3
75.18,73.92,64.0,49.55,78.62,0,DS3
75.18,73.92,61.0,49.55,78.62,0,DS3
75.18,73.92,73.0,49.55,78.62,0,DS3
75.18,73.92,93.0,49.55,78.62,0,DS3
75.18,73.92,55.0,49.55,78.62,0,DS3
75.18,73.92,93.0,49.55,78.62,0,DS3
75.18,73.92,75.0,49.55,78.62,0,DS3
75.18,73.92,83.0,49.55,78.62,0,DS3
75.18,73.92,91.0,49.55,78.62,0,DS3
75.18,73.92,65.0,49.55,78.62,0,DS3
75.18,73.92,98.0,49.55,78.62,0,DS3
75.18,73.92,54.0,49.55,78.62,0,DS3
75.18,73.92,76.0,49.55,78.62,0,DS3
75.18,73.92,63.0,49.55,78.62,0,DS3
75.18,73.92,70.0,49.55,78.62,0,DS3
75.18,73.92,72.0,49.55,78.62,0,DS3
75.18,73.92,96.0,49.55,78.62,0,DS3
75.18,73.92,72.0,49.55,78.62,0,DS3
75.18,73.92,85.0,49.55,78.62,0,DS3
75.18,73.92,98.0,49.55,78.62,0,DS3
75.18,73.92,75.0,49.55,78.62,0,DS3
75.18,73.92,70.0,49.55,78.62,0,DS3
75.18,73.92,99.0,49.55,78.62,0,DS3
75.18,73.92,91.0,49.55,78.62,0,DS3
75.18,73.92,97.0,49.55,78.62,0,DS3
75.18,73.92,70.0,49.55,78.62,0,DS3
75.18,73.92,85.0,49.55,78.62,0,DS3
75.18,73.92,62.0,49.55,78.62,0,DS3
75.18,73.92,93.0,49.55,78.62,0,DS3
75.18,73.92,97.0,49.55,78.62,0,DS3
75.18,73.92,63.0,49.55,78.62,0,DS3
75.18,73.92,55.0,49.55,78.62,0,DS3
75.18,73.92,60.0,49.55,78.62,0,DS3
75.18,73.92,82.0,49.55,78.62,0,DS3
75.18,73.92,64.0,49.55,78.62,0,DS3
75.18,73.92,82.0,49.55,78.62,0,DS3
75.18,73.92,68.0,49.55,78.62,0,DS3
75.18,73.92,96.0,49.55,78.62,0,DS3
75.18,73.92,73.0,49.55,78.62,0,DS3
75.18,73.92,75.0,49.55,78.62,0,DS3
75.18,73.92,67.0,49.55,78.62,0,DS3
75.18,73.92,54.0,49.55,78.62,0,DS3
75.18,73.92,75.0,49.55,78.62,0,DS3
75.18,73.92,89.0,49.55,78.62,0,DS3
75.18,73.92,98.0,49.55,78.62,0,DS3
75.18,73.92,54.0,49.55,78.62,0,DS3
75.18,73.92,90.0,49.55,78.62,0,DS3
75.18,73.92,63.0,49.55,78.62,0,DS3
75.18,73.92,91.0,49.55,78.62,0,DS3
75.18,73.92,67.0,49.55,78.62,0,DS3
75.18,73.92,56.0,49.55,78.62,0,DS3
75.18,73.92,81.0,49.55,78.62,0,DS3
75.18,73.92,95.0,49.55,78.62,0,DS3
75.18,73.92,59.0,49.55,78.62,0,DS3
75.18,73.92,51.0,49.55,78.62,0,DS3
75.18,73.92,94.0,49.55,78.62,0,DS3
75.18,73.92,85.0,49.55,78.62,0,DS3
75.18,73.92,90.0,49.55,78.62,0,DS3
75.18,73.92,53.0,49.55,78.62,0,DS3
75.18,73.92,95.0,49.55,78.62,0,DS3
75.18,73.92,71.0,49.55,78.62,0,DS3
75.18,73.92,95.0,49.55,78.62,0,DS3
75.18,73.92,53.0,49.55,78.62,0,DS3
75.18,73.92,94.0,49.55,78.62,0,DS3
75.18,73.92,84.0,49.55,78.62,0,DS3
75.18,73.92,78.0,49.55,78.62,0,DS3
75.18,73.92,53.0,49.55,78.62,0,DS3
75.18,73.92,84.0,49.55,78.62,0,DS3
75.18,73.92,80.0,49.55,78.62,0,DS3
75.18,73.92,86.0,49.55,78.62,0,DS3
75.18,73.92,86.0,49.55,78.62,0,DS3
75.18,73.92,72.0,49.55,78.62,0,DS3
75.18,73.92,60.0,49.55,78.62,0,DS3
75.18,73.92,96.0,49.55,78.62,0,DS3
75.18,73.92,96.0,49.55,78.62,0,DS3
75.18,73.92,61.0,49.55,78.62,0,DS3
75.18,73.92,82.0,49.55,78.62,0,DS3
75.18,73.92,60.0,49.55,78.62,0,DS3
75.18,73.92,93.0,49.55,78.62,0,DS3
75.18,73.92,55.0,49.55,78.62,0,DS3
75.18,73.92,100.0,49.55,78.62,0,DS3
75.18,73.92,81.0,49.55,78.62,0,DS3
75.18,73.92,51.0,49.55,78.62,0,DS3
75.18,73.92,94.0,49.55,78.62,0,DS3
75.18,73.92,84.0,49.55,78.62,0,DS3
75.18,73.92,85.0,49.55,78.62,0,DS3
75.18,73.92,64.0,49.55,78.62,0,DS3
75.18,73.92,67.0,49.55,78.62,0,DS3
75.18,73.92,96.0,49.55,78.62,0,DS3
75.18,73.92,82.0,49.55,78.62,0,DS3
75.18,73.92,51.0,49.55,78.62,0,DS3
75.18,73.92,66.0,49.55,78.62,0,DS3
75.18,73.92,80.0,49.55,78.62,0,DS3
75.18,73.92,57.0,49.55,78.62,0,DS3
75.18,73.92,55.0,49.55,78.62,0,DS3
75.18,73.92,53.0,49.55,78.62,0,DS3
75.18,73.92,82.0,49.55,78.62,0,DS3
75.18,73.92,66.0,49.55,78.62,0,DS3
75.18,73.92,69.0,49.55,78.62,0,DS3
75.18,73.92,53.0,49.55,78.62,0,DS3
75.18,73.92,87.0,49.55,78.62,0,DS3
75.18,73.92,88.0,49.55,78.62,0,DS3
75.18,73.92,91.0,49.55,78.62,0,DS3
75.18,73.92,83.0,49.55,78.62,0,DS3
75.18,73.92,89.0,49.55,78.62,0,DS3
75.18,73.92,79.0,49.55,78.62,0,DS3
75.18,73.92,75.0,49.55,78.62,0,DS3
75.18,73.92,63.0,49.55,78.62,0,DS3
75.18,73.92,53.0,49.55,78.62,0,DS3
75.18,73.92,65.0,49.55,78.62,0,DS3
75.18,73.92,84.0,49.55,78.62,0,DS3
75.18,73.92,96.0,49.55,78.62,0,DS3
75.18,73.92,63.0,49.55,78.62,0,DS3
75.18,73.92,83.0,49.55,78.62,0,DS3
75.18,73.92,74.0,49.55,78.62,0,DS3
75.18,73.92,81.0,49.55,78.62,0,DS3
75.18,73.92,50.0,49.55,78.62,0,DS3
75.18,73.92,56.0,49.55,78.62,0,DS3
75.18,73.92,61.0,49.55,78.62,0,DS3
75.18,73.92,95.0,49.55,78.62,0,DS3
75.18,73.92,52.0,49.55,78.62,0,DS3
75.18,73.92,78.0,49.55,78.62,0,DS3
75.18,73.92,96.0,49.55,78.62,0,DS3
75.18,73.92,83.0,49.55,78.62,0,DS3
75.18,73.92,74.0,49.55,78.62,0,DS3
75.18,73.92,69.0,49.55,78.62,0,DS3
75.18,73.92,81.0,49.55,78.62,0,DS3
75.18,73.92,74.0,49.55,78.62,0,DS3
75.18,73.92,85.0,49.55,78.62,0,DS3
75.18,73.92,81.0,49.55,78.62,0,DS3
75.18,73.92,78.0,49.55,78.62,0,DS3
75.18,73.92,98.0,49.55,78.62,0,DS3
75.18,73.92,92.0,49.55,78.62,0,DS3
75.18,73.92,80.0,49.55,78.62,0,DS3
75.18,73.92,77.0,49.55,78.62,0,DS3
75.18,73.92,86.0,49.55,78.62,0,DS3
75.18,73.92,90.0,49.55,78.62,0,DS3
75.18,73.92,65.0,49.55,78.62,0,DS3
75.18,73.92,83.0,49.55,78.62,0,DS3
75.18,73.92,57.0,49.55,78.62,0,DS3
75.18,73.92,72.0,49.55,78.62,0,DS3
75.18,73.92,97.0,49.55,78.62,0,DS3
75.18,73.92,66.0,49.55,78.62,0,DS3
75.18,73.92,58.0,49.55,78.62,0,DS3
75.18,73.92,57.0,49.55,78.62,0,DS3
75.18,73.92,70.0,49.55,78.62,0,DS3
75.18,73.92,61.0,49.55,78.62,0,DS3
75.18,73.92,71.0,49.55,78.62,0,DS3
75.18,73.92,86.0,49.55,78.62,0,DS3
75.18,73.92,94.0,49.55,78.62,0,DS3
75.18,73.92,56.0,49.55,78.62,0,DS3
75.18,73.92,88.0,49.55,78.62,0,DS3
75.18,73.92,55.0,49.55,78.62,0,DS3
75.18,73.92,69.0,49.55,78.62,0,DS3
75.18,73.92,100.0,49.55,78.62,0,DS3
75.18,73.92,53.0,49.55,78.62,0,DS3
75.18,73.92,51.0,49.55,78.62,0,DS3
75.18,73.92,67.0,49.55,78.62,0,DS3
75.18,73.92,98.0,49.55,78.62,0,DS3
75.18,73.92,51.0,49.55,78.62,0,DS3
75.18,73.92,61.0,49.55,78.62,0,DS3
75.18,73.92,80.0,49.55,78.62,0,DS3
75.18,73.92,62.0,49.55,78.62,0,DS3
75.18,73.92,53.0,49.55,78.62,0,DS3
75.18,73.92,53.0,49.55,78.62,0,DS3
75.18,73.92,78.0,49.55,78.62,0,DS3
75.18,73.92,78.0,49.55,78.62,0,DS3
75.18,73.92,85.0,49.55,78.62,0,DS3
75.18,73.92,57.0,49.55,78.62,0,DS3
75.18,73.92,75.0,49.55,78.62,0,DS3
75.18,73.92,80.0,49.55,78.62,0,DS3
75.18,73.92,61.0,49.55,78.62,0,DS3
75.18,73.92,77.0,49.55,78.62,0,DS3
75.18,73.92,85.0,49.55,78.62,0,DS3
75.18,73.92,100.0,49.55,78.62,0,DS3
75.18,73.92,80.0,49.55,78.62,0,DS3
75.18,73.92,93.0,49.55,78.62,0,DS3
75.18,73.92,92.0,49.55,78.62,0,DS3
75.18,73.92,97.0,49.55,78.62,0,DS3
75.18,73.92,86.0,49.55,78.62,0,DS3
75.18,73.92,61.0,49.55,78.62,0,DS3
75.18,73.92,65.0,49.55,78.62,0,DS3
75.18,73.92,89.0,49.55,78.62,0,DS3
75.18,73.92,76.0,49.55,78.62,0,DS3
75.18,73.92,63.0,49.55,78.62,0,DS3
75.18,73.92,83.0,49.55,78.62,0,DS3
75.18,73.92,95.0,49.55,78.62,0,DS3
75.18,73.92,68.0,49.55,78.62,0,DS3
75.18,73.92,80.0,49.55,78.62,0,DS3
75.18,73.92,79.0,49.55,78.62,0,DS3
75.18,73.92,56.0,49.55,78.62,0,DS3
75.18,73.92,55.0,49.55,78.62,0,DS3
75.18,73.92,94.0,49.55,78.62,0,DS3
75.18,73.92,97.0,49.55,78.62,0,DS3
75.18,73.92,95.0,49.55,78.62,0,DS3
75.18,73.92,70.0,49.55,78.62,0,DS3
75.18,73.92,64.0,49.55,78.62,0,DS3
75.18,73.92,97.0,49.55,78.62,0,DS3
75.18,73.92,94.0,49.55,78.62,0,DS3
75.18,73.92,91.0,49.55,78.62,0,DS3
75.18,73.92,67.0,49.55,78.62,0,DS3
75.18,73.92,82.0,49.55,78.62,0,DS3
75.18,73.92,88.0,49.55,78.62,0,DS3
75.18,73.92,79.0,49.55,78.62,0,DS3
75.18,73.92,80.0,49.55,78.62,0,DS3
75.18,73.92,88.0,49.55,78.62,0,DS3
75.18,73.92,88.0,49.55,78.62,0,DS3
75.18,73.92,62.0,49.55,78.62,0,DS3
75.18,73.92,70.0,49.55,78.62,0,DS3
75.18,73.92,89.0,49.55,78.62,0,DS3
75.18,73.92,63.0,49.55,78.62,0,DS3
75.18,73.92,96.0,49.55,78.62,0,DS3
75.18,73.92,92.0,49.55,78.62,0,DS3
75.18,73.92,95.0,49.55,78.62,0,DS3
75.18,73.92,65.0,49.55,78.62,0,DS3
75.18,73.92,55.0,49.55,78.62,0,DS3
75.18,73.92,55.0,49.55,78.62,0,DS3
75.18,73.92,78.0,49.55,78.62,0,DS3
75.18,73.92,65.0,49.55,78.62,0,DS3
75.18,73.92,63.0,49.55,78.62,0,DS3
75.18,73.92,61.0,49.55,78.62,0,DS3
75.18,73.92,78.0,49.55,78.62,0,DS3
75.18,73.92,77.0,49.55,78.62,0,DS3
75.18,73.92,71.0,49.55,78.62,0,DS3
75.18,73.92,57.0,49.55,78.62,0,DS3
75.18,73.92,96.0,49.55,78.62,0,DS3
75.18,73.92,71.0,49.55,78.62,0,DS3
75.18,73.92,56.0,49.55,78.62,0,DS3
75.18,73.92,52.0,49.55,78.62,0,DS3
75.18,73.92,58.0,49.55,78.62,0,DS3
75.18,73.92,65.0,49.55,78.62,0,DS3
75.18,73.92,82.0,49.55,78.62,0,DS3
75.18,73.92,99.0,49.55,78.62,0,DS3
75.18,73.92,64.0,49.55,78.62,0,DS3
75.18,73.92,89.0,49.55,78.62,0,DS3
75.18,73.92,96.0,49.55,78.62,0,DS3
75.18,73.92,70.0,49.55,78.62,0,DS3
75.18,73.92,63.0,49.55,78.62,0,DS3
75.18,73.92,75.0,49.55,78.62,0,DS3
75.18,73.92,95.0,49.55,78.62,0,DS3
75.18,73.92,51.0,49.55,78.62,0,DS3
75.18,73.92,74.0,49.55,78.62,0,DS3
75.18,73.92,88.0,49.55,78.62,0,DS3
75.18,73.92,80.0,49.55,78.62,0,DS3
75.18,73.92,75.0,49.55,78.62,0,DS3
75.18,73.92,78.0,49.55,78.62,0,DS3
75.18,73.92,81.0,49.55,78.62,0,DS3
75.18,73.92,84.0,49.55,78.62,0,DS3
75.18,73.92,68.0,49.55,78.62,0,DS3
75.18,73.92,76.0,49.55,78.62,0,DS3
75.18,73.92,64.0,49.55,78.62,0,DS3
75.18,73.92,99.0,49.55,78.62,0,DS3
75.18,73.92,59.0,49.55,78.62,0,DS3
75.18,73.92,58.0,49.55,78.62,0,DS3
75.18,73.92,63.0,49.55,78.62,0,DS3
75.18,73.92,96.0,49.55,78.62,0,DS3
75.18,73.92,83.0,49.55,78.62,0,DS3
75.18,73.92,73.0,49.55,78.62,0,DS3
75.18,73.92,96.0,49.55,78.62,0,DS3
75.18,73.92,95.0,49.55,78.62,0,DS3
75.18,73.92,70.0,49.55,78.62,0,DS3
75.18,73.92,78.0,49.55,78.62,0,DS3
75.18,73.92,95.0,49.55,78.62,0,DS3
75.18,73.92,66.0,49.55,78.62,0,DS3
75.18,73.92,70.0,49.55,78.62,0,DS3
75.18,73.92,90.0,49.55,78.62,0,DS3
75.18,73.92,85.0,49.55,78.62,0,DS3
75.18,73.92,52.0,49.55,78.62,0,DS3
75.18,73.92,56.0,49.55,78.62,0,DS3
75.18,73.92,92.0,49.55,78.62,0,DS3
75.18,73.92,51.0,49.55,78.62,0,DS3
75.18,73.92,96.0,49.55,78.62,0,DS3
75.18,73.92,64.0,49.55,78.62,0,DS3
75.18,73.92,80.0,49.55,78.62,0,DS3
75.18,73.92,78.0,49.55,78.62,0,DS3
75.18,73.92,70.0,49.55,78.62,0,DS3
75.18,73.92,52.0,49.55,78.62,0,DS3
75.18,73.92,60.0,49.55,78.62,0,DS3
75.18,73.92,81.0,49.55,78.62,0,DS3
75.18,73.92,72.0,49.55,78.62,0,DS3
75.18,73.92,71.0,49.55,78.62,0,DS3
75.18,73.92,55.0,49.55,78.62,0,DS3
75.18,73.92,67.0,49.55,78.62,0,DS3
75.18,73.92,76.0,49.55,78.62,0,DS3
75.18,73.92,54.0,49.55,78.62,0,DS3
75.18,73.92,53.0,49.55,78.62,0,DS3
75.18,73.92,75.0,49.55,78.62,0,DS3
75.18,73.92,78.0,49.55,78.62,0,DS3
75.18,73.92,63.0,49.55,78.62,0,DS3
75.18,73.92,66.0,49.55,78.62,0,DS3
75.18,73.92,90.0,49.55,78.62,0,DS3
75.18,73.92,93.0,49.55,78.62,0,DS3
75.18,73.92,66.0,49.55,78.62,0,DS3
75.18,73.92,68.0,49.55,78.62,0,DS3
75.18,73.92,92.0,49.55,78.62,0,DS3
75.18,73.92,99.0,49.55,78.62,0,DS3
75.18,73.92,66.0,49.55,78.62,0,DS3
75.18,73.92,89.0,49.55,78.62,0,DS3
75.18,73.92,74.0,49.55,78.62,0,DS3
75.18,73.92,63.0,49.55,78.62,0,DS3
75.18,73.92,84.0,49.55,78.62,0,DS3
75.18,73.92,73.0,49.55,78.62,0,DS3
75.18,73.92,63.0,49.55,78.62,0,DS3
75.18,73.92,55.0,49.55,78.62,0,DS3
75.18,73.92,93.0,49.55,78.62,0,DS3
75.18,73.92,94.0,49.55,78.62,0,DS3
75.18,73.92,54.0,49.55,78.62,0,DS3
75.18,73.92,83.0,49.55,78.62,0,DS3
75.18,73.92,58.0,49.55,78.62,0,DS3
75.18,73.92,82.0,49.55,78.62,0,DS3
75.18,73.92,95.0,49.55,78.62,0,DS3
75.18,73.92,63.0,49.55,78.62,0,DS3
75.18,73.92,67.0,49.55,78.62,0,DS3
75.18,73.92,90.0,49.55,78.62,0,DS3
75.18,73.92,87.0,49.55,78.62,0,DS3
75.18,73.92,70.0,49.55,78.62,0,DS3
75.18,73.92,92.0,49.55,78.62,0,DS3
75.18,73.92,96.0,49.55,78.62,0,DS3
75.18,73.92,73.0,49.55,78.62,0,DS3
75.18,73.92,52.0,49.55,78.62,0,DS3
75.18,73.92,75.0,49.55,78.62,0,DS3
75.18,73.92,87.0,49.55,78.62,0,DS3
75.18,73.92,61.0,49.55,78.62,0,DS3
75.18,73.92,55.0,49.55,78.62,0,DS3
75.18,73.92,64.0,49.55,78.62,0,DS3
75.18,73.92,51.0,49.55,78.62,0,DS3
75.18,73.92,86.0,49.55,78.62,0,DS3
75.18,73.92,57.0,49.55,78.62,0,DS3
75.18,73.92,86.0,49.55,78.62,0,DS3
75.18,73.92,62.0,49.55,78.62,0,DS3
75.18,73.92,100.0,49.55,78.62,0,DS3
75.18,73.92,77.0,49.55,78.62,0,DS3
75.18,73.92,52.0,49.55,78.62,0,DS3
75.18,73.92,89.0,49.55,78.62,0,DS3
75.18,73.92,71.0,49.55,78.62,0,DS3
75.18,73.92,80.0,49.55,78.62,0,DS3
75.18,73.92,98.0,49.55,78.62,0,DS3
75.18,73.92,76.0,49.55,78.62,0,DS3
75.18,73.92,90.0,49.55,78.62,0,DS3
75.18,73.92,65.0,49.55,78.62,0,DS3
75.18,73.92,86.0,49.55,78.62,0,DS3
75.18,73.92,55.0,49.55,78.62,0,DS3
75.18,73.92,95.0,49.55,78.62,0,DS3
75.18,73.92,60.0,49.55,78.62,0,DS3
75.18,73.92,65.0,49.55,78.62,0,DS3
75.18,73.92,98.0,49.55,78.62,0,DS3
75.18,73.92,58.0,49.55,78.62,0,DS3
75.18,73.92,63.0,49.55,78.62,0,DS3
75.18,73.92,79.0,49.55,78.62,0,DS3
75.18,73.92,99.0,49.55,78.62,0,DS3
75.18,73.92,85.0,49.55,78.62,0,DS3
75.18,73.92,56.0,49.55,78.62,0,DS3
75.18,73.92,87.0,49.55,78.62,0,DS3
75.18,73.92,71.0,49.55,78.62,0,DS3
75.18,73.92,100.0,49.55,78.62,0,DS3
75.18,73.92,81.0,49.55,78.62,0,DS3
75.18,73.92,77.0,49.55,78.62,0,DS3
75.18,73.92,78.0,49.55,78.62,0,DS3
75.18,73.92,82.0,49.55,78.62,0,DS3
75.18,73.92,87.0,49.55,78.62,0,DS3
75.18,73.92,54.0,49.55,78.62,0,DS3
75.18,73.92,57.0,49.55,78.62,0,DS3
75.18,73.92,65.0,49.55,78.62,0,DS3
75.18,73.92,74.0,49.55,78.62,0,DS3
75.18,73.92,66.0,49.55,78.62,0,DS3
75.18,73.92,61.0,49.55,78.62,0,DS3
75.18,73.92,96.0,49.55,78.62,0,DS3
75.18,73.92,52.0,49.55,78.62,0,DS3
75.18,73.92,97.0,49.55,78.62,0,DS3
75.18,73.92,95.0,49.55,78.62,0,DS3
75.18,73.92,84.0,49.55,78.62,0,DS3
75.18,73.92,52.0,49.55,78.62,0,DS3
75.18,73.92,61.0,49.55,78.62,0,DS3
75.18,73.92,99.0,49.55,78.62,0,DS3
75.18,73.92,95.0,49.55,78.62,0,DS3
75.18,73.92,98.0,49.55,78.62,0,DS3
75.18,73.92,100.0,49.55,78.62,0,DS3
75.18,73.92,53.0,49.55,78.62,0,DS3
75.18,73.92,79.0,49.55,78.62,0,DS3
75.18,73.92,92.0,49.55,78.62,0,DS3
75.18,73.92,66.0,49.55,78.62,0,DS3
75.18,73.92,72.0,49.55,78.62,0,DS3
75.18,73.92,64.0,49.55,78.62,0,DS3
75.18,73.92,52.0,49.55,78.62,0,DS3
75.18,73.92,54.0,49.55,78.62,0,DS3
75.18,73.92,51.0,49.55,78.62,0,DS3
75.18,73.92,76.0,49.55,78.62,0,DS3
75.18,73.92,81.0,49.55,78.62,0,DS3
75.18,73.92,65.0,49.55,78.62,0,DS3
75.18,73.92,91.0,49.55,78.62,0,DS3
75.18,73.92,94.0,49.55,78.62,0,DS3
26.666666666666668,73.92,20.0,49.55,26.666666666666668,1,DS4
88.88888888888889,73.92,76.66666666666667,49.55,89.0,0,DS4
86.66666666666667,73.92,80.0,49.55,86.66666666666667,0,DS4
64.44444444444444,73.92,48.33333333333333,49.55,64.33333333333333,1,DS4
80.0,73.92,60.0,49.55,80.0,0,DS4
86.66666666666667,73.92,76.66666666666667,49.55,86.66666666666667,0,DS4
88.88888888888889,73.92,76.66666666666667,49.55,89.0,0,DS4
84.44444444444444,73.92,73.33333333333333,49.55,84.33333333333334,0,DS4
88.88888888888889,73.92,78.33333333333333,49.55,89.0,0,DS4
82.22222222222221,73.92,61.66666666666667,49.55,82.33333333333334,0,DS4
86.66666666666667,73.92,78.33333333333333,49.55,86.66666666666667,0,DS4
97.77777777777777,73.92,93.33333333333333,49.55,97.66666666666667,0,DS4
95.55555555555556,73.92,88.33333333333334,49.55,95.66666666666667,0,DS4
0.0,73.92,0.0,49.55,0.0,1,DS4
64.44444444444444,73.92,48.33333333333333,49.55,64.33333333333333,1,DS4
91.11111111111111,73.92,80.0,49.55,91.0,0,DS4
68.88888888888889,73.92,58.33333333333333,49.55,69.0,0,DS4
86.66666666666667,73.92,75.0,49.55,86.66666666666667,0,DS4
88.88888888888889,73.92,80.0,49.55,89.0,0,DS4
95.55555555555556,73.92,91.66666666666666,49.55,95.66666666666667,0,DS4
97.77777777777777,73.92,88.33333333333334,49.55,97.66666666666667,0,DS4
88.88888888888889,73.92,73.33333333333333,49.55,89.0,0,DS4
88.88888888888889,73.92,73.33333333333333,49.55,89.0,0,DS4
93.33333333333333,73.92,88.33333333333334,49.55,93.33333333333333,0,DS4
82.22222222222221,73.92,65.0,49.55,82.33333333333334,0,DS4
73.33333333333333,73.92,60.0,49.55,73.33333333333333,0,DS4
97.77777777777777,73.92,83.33333333333334,49.55,97.66666666666667,0,DS4
88.88888888888889,73.92,80.0,49.55,89.0,0,DS4
86.66666666666667,73.92,75.0,49.55,86.66666666666667,0,DS4
88.88888888888889,73.92,80.0,49.55,89.0,0,DS4
91.11111111111111,73.92,85.0,49.55,91.0,0,DS4
84.44444444444444,73.92,66.66666666666667,49.55,84.33333333333334,0,DS4
91.11111111111111,73.92,85.0,49.55,91.0,0,DS4
95.55555555555556,73.92,90.0,49.55,95.66666666666667,0,DS4
86.66666666666667,73.92,71.66666666666667,49.55,86.66666666666667,0,DS4
91.11111111111111,73.92,88.33333333333334,49.55,91.0,0,DS4
48.888888888888886,73.92,36.666666666666664,49.55,49.0,1,DS4
82.22222222222221,73.92,70.0,49.55,82.33333333333334,0,DS4
80.0,73.92,63.33333333333333,49.55,80.0,0,DS4
88.88888888888889,73.92,83.33333333333334,49.55,89.0,0,DS4
95.55555555555556,73.92,83.33333333333334,49.55,95.66666666666667,0,DS4
100.0,73.92,93.33333333333333,49.55,100.0,0,DS4
82.22222222222221,73.92,68.33333333333333,49.55,82.33333333333334,0,DS4
66.66666666666666,73.92,50.0,49.55,66.66666666666666,0,DS4
93.33333333333333,73.92,80.0,49.55,93.33333333333333,0,DS4
100.0,73.92,88.33333333333334,49.55,100.0,0,DS4
91.11111111111111,73.92,85.0,49.55,91.0,0,DS4
86.66666666666667,73.92,75.0,49.55,86.66666666666667,0,DS4
42.22222222222222,73.92,31.666666666666664,49.55,42.33333333333333,1,DS4
91.11111111111111,73.92,73.33333333333333,49.55,91.0,0,DS4
82.22222222222221,73.92,73.33333333333333,49.55,82.33333333333334,0,DS4
91.11111111111111,73.92,83.33333333333334,49.55,91.0,0,DS4
97.77777777777777,73.92,83.33333333333334,49.55,97.66666666666667,0,DS4
95.55555555555556,73.92,90.0,49.55,95.66666666666667,0,DS4
93.33333333333333,73.92,80.0,49.55,93.33333333333333,0,DS4
82.22222222222221,73.92,75.0,49.55,82.33333333333334,0,DS4
95.55555555555556,73.92,83.33333333333334,49.55,95.66666666666667,0,DS4
82.22222222222221,73.92,75.0,49.55,82.33333333333334,0,DS4
95.55555555555556,73.92,86.66666666666666,49.55,95.66666666666667,0,DS4
93.33333333333333,73.92,81.66666666666667,49.55,93.33333333333333,0,DS4
77.77777777777779,73.92,58.33333333333333,49.55,77.66666666666667,0,DS4
93.33333333333333,73.92,85.0,49.55,93.33333333333333,0,DS4
100.0,73.92,90.0,49.55,100.0,0,DS4
88.88888888888889,73.92,81.66666666666667,49.55,89.0,0,DS4
95.55555555555556,73.92,86.66666666666666,49.55,95.66666666666667,0,DS4
88.88888888888889,73.92,85.0,49.55,89.0,0,DS4
84.44444444444444,73.92,66.66666666666667,49.55,84.33333333333334,0,DS4
93.33333333333333,73.92,86.66666666666666,49.55,93.33333333333333,0,DS4
95.55555555555556,73.92,88.33333333333334,49.55,95.66666666666667,0,DS4
91.11111111111111,73.92,68.33333333333333,49.55,91.0,0,DS4
93.33333333333333,73.92,86.66666666666666,49.55,93.33333333333333,0,DS4
75.55555555555556,73.92,56.666666666666664,49.55,75.66666666666666,0,DS4
88.88888888888889,73.92,75.0,49.55,89.0,0,DS4
88.88888888888889,73.92,70.0,49.55,89.0,0,DS4
95.55555555555556,73.92,85.0,49.55,95.66666666666667,0,DS4
93.33333333333333,73.92,80.0,49.55,93.33333333333333,0,DS4
97.77777777777777,73.92,90.0,49.55,97.66666666666667,0,DS4
91.11111111111111,73.92,76.66666666666667,49.55,91.0,0,DS4
88.88888888888889,73.92,81.66666666666667,49.55,89.0,0,DS4
86.66666666666667,73.92,73.33333333333333,49.55,86.66666666666667,0,DS4
84.44444444444444,73.92,65.0,49.55,84.33333333333334,0,DS4
73.33333333333333,73.92,68.33333333333333,49.55,73.33333333333333,0,DS4
91.11111111111111,73.92,83.33333333333334,49.55,91.0,0,DS4
95.55555555555556,73.92,88.33333333333334,49.55,95.66666666666667,0,DS4
71.11111111111111,73.92,60.0,49.55,71.00000000000001,0,DS4
95.55555555555556,73.92,88.33333333333334,49.55,95.66666666666667,0,DS4
66.66666666666666,73.92,50.0,49.55,66.66666666666666,0,DS4
100.0,73.92,95.0,49.55,100.0,0,DS4
91.11111111111111,73.92,85.0,49.55,91.0,0,DS4
100.0,73.92,90.0,49.55,100.0,0,DS4
91.11111111111111,73.92,78.33333333333333,49.55,91.0,0,DS4
91.11111111111111,73.92,81.66666666666667,49.55,91.0,0,DS4
93.33333333333333,73.92,81.66666666666667,49.55,93.33333333333333,0,DS4
86.66666666666667,73.92,73.33333333333333,49.55,86.66666666666667,0,DS4
88.88888888888889,73.92,68.33333333333333,49.55,89.0,0,DS4
88.88888888888889,73.92,80.0,49.55,89.0,0,DS4
77.77777777777779,73.92,70.0,49.55,77.66666666666667,0,DS4
97.77777777777777,73.92,86.66666666666666,49.55,97.66666666666667,0,DS4
95.55555555555556,73.92,88.33333333333334,49.55,95.66666666666667,0,DS4
86.66666666666667,73.92,70.0,49.55,86.66666666666667,0,DS4
84.44444444444444,73.92,63.33333333333333,49.55,84.33333333333334,0,DS4
93.33333333333333,73.92,75.0,49.55,93.33333333333333,0,DS4
91.11111111111111,73.92,83.33333333333334,49.55,91.0,0,DS4
95.55555555555556,73.92,88.33333333333334,49.55,95.66666666666667,0,DS4
77.77777777777779,73.92,58.33333333333333,49.55,77.66666666666667,0,DS4
88.88888888888889,73.92,80.0,49.55,89.0,0,DS4
86.66666666666667,73.92,71.66666666666667,49.55,86.66666666666667,0,DS4
82.22222222222221,73.92,80.0,49.55,82.33333333333334,0,DS4
88.88888888888889,73.92,75.0,49.55,89.0,0,DS4
91.11111111111111,73.92,71.66666666666667,49.55,91.0,0,DS4
86.66666666666667,73.92,73.33333333333333,49.55,86.66666666666667,0,DS4
91.11111111111111,73.92,73.33333333333333,49.55,91.0,0,DS4
95.55555555555556,73.92,85.0,49.55,95.66666666666667,0,DS4
60.0,73.92,45.0,49.55,60.0,1,DS4
91.11111111111111,73.92,83.33333333333334,49.55,91.0,0,DS4
93.33333333333333,73.92,88.33333333333334,49.55,93.33333333333333,0,DS4
93.33333333333333,73.92,81.66666666666667,49.55,93.33333333333333,0,DS4
88.88888888888889,73.92,80.0,49.55,89.0,0,DS4
91.11111111111111,73.92,81.66666666666667,49.55,91.0,0,DS4
91.11111111111111,73.92,78.33333333333333,49.55,91.0,0,DS4
100.0,73.92,91.66666666666666,49.55,100.0,0,DS4
93.33333333333333,73.92,83.33333333333334,49.55,93.33333333333333,0,DS4
93.33333333333333,73.92,85.0,49.55,93.33333333333333,0,DS4
91.11111111111111,73.92,83.33333333333334,49.55,91.0,0,DS4
93.33333333333333,73.92,80.0,49.55,93.33333333333333,0,DS4
73.33333333333333,73.92,55.00000000000001,49.55,73.33333333333333,0,DS4
93.33333333333333,73.92,81.66666666666667,49.55,93.33333333333333,0,DS4
93.33333333333333,73.92,80.0,49.55,93.33333333333333,0,DS4
0.0,73.92,0.0,49.55,0.0,1,DS4
86.66666666666667,73.92,70.0,49.55,86.66666666666667,0,DS4
80.0,73.92,60.0,49.55,80.0,0,DS4
93.33333333333333,73.92,73.33333333333333,49.55,93.33333333333333,0,DS4
93.33333333333333,73.92,81.66666666666667,49.55,93.33333333333333,0,DS4
84.44444444444444,73.92,63.33333333333333,49.55,84.33333333333334,0,DS4
71.11111111111111,73.92,56.666666666666664,49.55,71.00000000000001,0,DS4
42.22222222222222,73.92,31.666666666666664,49.55,42.33333333333333,1,DS4
93.33333333333333,73.92,88.33333333333334,49.55,93.33333333333333,0,DS4
88.88888888888889,73.92,71.66666666666667,49.55,89.0,0,DS4
93.33333333333333,73.92,85.0,49.55,93.33333333333333,0,DS4
95.55555555555556,73.92,90.0,49.55,95.66666666666667,0,DS4
84.44444444444444,73.92,63.33333333333333,49.55,84.33333333333334,0,DS4
91.11111111111111,73.92,85.0,49.55,91.0,0,DS4
91.11111111111111,73.92,81.66666666666667,49.55,91.0,0,DS4
93.33333333333333,73.92,80.0,49.55,93.33333333333333,0,DS4
73.33333333333333,73.92,55.00000000000001,49.55,73.33333333333333,0,DS4
86.66666666666667,73.92,78.33333333333333,49.55,86.66666666666667,0,DS4
93.33333333333333,73.92,73.33333333333333,49.55,93.33333333333333,0,DS4
100.0,73.92,93.33333333333333,49.55,100.0,0,DS4
88.88888888888889,73.92,78.33333333333333,49.55,89.0,0,DS4
93.33333333333333,73.92,81.66666666666667,49.55,93.33333333333333,0,DS4
93.33333333333333,73.92,80.0,49.55,93.33333333333333,0,DS4
75.55555555555556,73.92,56.666666666666664,49.55,75.66666666666666,0,DS4
75.55555555555556,73.92,56.666666666666664,49.55,75.66666666666666,0,DS4
93.33333333333333,73.92,73.33333333333333,49.55,93.33333333333333,0,DS4
88.88888888888889,73.92,76.66666666666667,49.55,89.0,0,DS4
68.88888888888889,73.92,51.66666666666667,49.55,69.0,0,DS4
95.55555555555556,73.92,88.33333333333334,49.55,95.66666666666667,0,DS4
57.77777777777777,73.92,48.33333333333333,49.55,57.666666666666664,1,DS4
88.88888888888889,73.92,76.66666666666667,49.55,89.0,0,DS4
88.88888888888889,73.92,80.0,49.55,89.0,0,DS4
93.33333333333333,73.92,86.66666666666666,49.55,93.33333333333333,0,DS4
97.77777777777777,73.92,90.0,49.55,97.66666666666667,0,DS4
82.22222222222221,73.92,66.66666666666667,49.55,82.33333333333334,0,DS4
88.88888888888889,73.92,80.0,49.55,89.0,0,DS4
84.44444444444444,73.92,73.33333333333333,49.55,84.33333333333334,0,DS4
77.77777777777779,73.92,71.66666666666667,49.55,77.66666666666667,0,DS4
0.0,73.92,0.0,49.55,0.0,1,DS4
97.77777777777777,73.92,88.33333333333334,49.55,97.66666666666667,0,DS4
84.44444444444444,73.92,70.0,49.55,84.33333333333334,0,DS4
91.11111111111111,73.92,78.33333333333333,49.55,91.0,0,DS4
93.33333333333333,73.92,83.33333333333334,49.55,93.33333333333333,0,DS4
77.77777777777779,73.92,58.33333333333333,49.55,77.66666666666667,0,DS4
80.0,73.92,70.0,49.55,80.0,0,DS4
95.55555555555556,73.92,81.66666666666667,49.55,95.66666666666667,0,DS4
8.88888888888889,73.92,6.666666666666667,49.55,9.000000000000002,1,DS4
82.22222222222221,73.92,68.33333333333333,49.55,82.33333333333334,0,DS4
82.22222222222221,73.92,61.66666666666667,49.55,82.33333333333334,0,DS4
66.66666666666666,73.92,50.0,49.55,66.66666666666666,0,DS4
91.11111111111111,73.92,75.0,49.55,91.0,0,DS4
88.88888888888889,73.92,76.66666666666667,49.55,89.0,0,DS4
64.44444444444444,73.92,48.33333333333333,49.55,64.33333333333333,1,DS4
68.88888888888889,73.92,51.66666666666667,49.55,69.0,0,DS4
77.77777777777779,73.92,61.66666666666667,49.55,77.66666666666667,0,DS4
68.88888888888889,73.92,53.333333333333336,49.55,69.0,0,DS4
93.33333333333333,73.92,88.33333333333334,49.55,93.33333333333333,0,DS4
82.22222222222221,73.92,68.33333333333333,49.55,82.33333333333334,0,DS4
84.44444444444444,73.92,78.33333333333333,49.55,84.33333333333334,0,DS4
62.22222222222222,73.92,46.666666666666664,49.55,62.33333333333333,1,DS4
88.88888888888889,73.92,68.33333333333333,49.55,89.0,0,DS4
73.33333333333333,73.92,55.00000000000001,49.55,73.33333333333333,0,DS4
80.0,73.92,63.33333333333333,49.55,80.0,0,DS4
91.11111111111111,73.92,80.0,49.55,91.0,0,DS4
66.66666666666666,73.92,55.00000000000001,49.55,66.66666666666666,0,DS4
73.33333333333333,73.92,55.00000000000001,49.55,73.33333333333333,0,DS4
93.33333333333333,73.92,81.66666666666667,49.55,93.33333333333333,0,DS4
0.0,73.92,0.0,49.55,0.0,1,DS4
91.11111111111111,73.92,83.33333333333334,49.55,91.0,0,DS4
77.77777777777779,73.92,65.0,49.55,77.66666666666667,0,DS4
91.11111111111111,73.92,78.33333333333333,49.55,91.0,0,DS4
80.0,73.92,63.33333333333333,49.55,80.0,0,DS4
77.77777777777779,73.92,61.66666666666667,49.55,77.66666666666667,0,DS4
68.88888888888889,73.92,51.66666666666667,49.55,69.0,0,DS4
82.22222222222221,73.92,66.66666666666667,49.55,82.33333333333334,0,DS4
97.77777777777777,73.92,80.0,49.55,97.66666666666667,0,DS4
88.88888888888889,73.92,76.66666666666667,49.55,89.0,0,DS4
60.0,73.92,48.33333333333333,49.55,60.0,1,DS4
93.33333333333333,73.92,86.66666666666666,49.55,93.33333333333333,0,DS4
86.66666666666667,73.92,75.0,49.55,86.66666666666667,0,DS4
91.11111111111111,73.92,71.66666666666667,49.55,91.0,0,DS4
75.55555555555556,73.92,56.666666666666664,49.55,75.66666666666666,0,DS4
84.44444444444444,73.92,65.0,49.55,84.33333333333334,0,DS4
84.44444444444444,73.92,66.66666666666667,49.55,84.33333333333334,0,DS4
0.0,73.92,0.0,49.55,0.0,1,DS4
86.66666666666667,73.92,80.0,49.55,86.66666666666667,0,DS4
93.33333333333333,73.92,86.66666666666666,49.55,93.33333333333333,0,DS4
60.0,73.92,45.0,49.55,60.0,1,DS4
91.11111111111111,73.92,75.0,49.55,91.0,0,DS4
86.66666666666667,73.92,65.0,49.55,86.66666666666667,0,DS4
77.77777777777779,73.92,65.0,49.55,77.66666666666667,0,DS4
91.11111111111111,73.92,78.33333333333333,49.55,91.0,0,DS4
84.44444444444444,73.92,63.33333333333333,49.55,84.33333333333334,0,DS4
93.33333333333333,73.92,78.33333333333333,49.55,93.33333333333333,0,DS4
46.666666666666664,73.92,35.0,49.55,46.666666666666664,1,DS4
66.66666666666666,73.92,53.333333333333336,49.55,66.66666666666666,0,DS4
80.0,73.92,63.33333333333333,49.55,80.0,0,DS4
80.0,73.92,63.33333333333333,49.55,80.0,0,DS4
71.11111111111111,73.92,53.333333333333336,49.55,71.00000000000001,0,DS4
64.44444444444444,73.92,48.33333333333333,49.55,64.33333333333333,1,DS4
91.11111111111111,73.92,76.66666666666667,49.55,91.0,0,DS4
80.0,73.92,65.0,49.55,80.0,0,DS4
60.0,73.92,46.666666666666664,49.55,60.0,1,DS4
48.888888888888886,73.92,36.666666666666664,49.55,49.0,1,DS4
82.22222222222221,73.92,61.66666666666667,49.55,82.33333333333334,0,DS4
88.88888888888889,73.92,78.33333333333333,49.55,89.0,0,DS4
77.77777777777779,73.92,60.0,49.55,77.66666666666667,0,DS4
88.88888888888889,73.92,76.66666666666667,49.55,89.0,0,DS4
68.88888888888889,73.92,51.66666666666667,49.55,69.0,0,DS4
86.66666666666667,73.92,71.66666666666667,49.55,86.66666666666667,0,DS4
68.88888888888889,73.92,53.333333333333336,49.55,69.0,0,DS4
80.0,73.92,70.0,49.55,80.0,0,DS4
91.11111111111111,73.92,83.33333333333334,49.55,91.0,0,DS4
91.11111111111111,73.92,78.33333333333333,49.55,91.0,0,DS4
86.66666666666667,73.92,71.66666666666667,49.55,86.66666666666667,0,DS4
93.33333333333333,73.92,80.0,49.55,93.33333333333333,0,DS4
93.33333333333333,73.92,81.66666666666667,49.55,93.33333333333333,0,DS4
88.88888888888889,73.92,70.0,49.55,89.0,0,DS4
57.77777777777777,73.92,43.33333333333333,49.55,57.666666666666664,1,DS4
95.55555555555556,73.92,90.0,49.55,95.66666666666667,0,DS4
88.88888888888889,73.92,81.66666666666667,49.55,89.0,0,DS4
73.33333333333333,73.92,58.33333333333333,49.55,73.33333333333333,0,DS4
68.88888888888889,73.92,51.66666666666667,49.55,69.0,0,DS4
97.77777777777777,73.92,93.33333333333333,49.55,97.66666666666667,0,DS4
91.11111111111111,73.92,86.66666666666666,49.55,91.0,0,DS4
91.11111111111111,73.92,81.66666666666667,49.55,91.0,0,DS4
80.0,73.92,68.33333333333333,49.55,80.0,0,DS4
93.33333333333333,73.92,85.0,49.55,93.33333333333333,0,DS4
80.0,73.92,73.33333333333333,49.55,80.0,0,DS4
91.11111111111111,73.92,78.33333333333333,49.55,91.0,0,DS4
88.88888888888889,73.92,81.66666666666667,49.55,89.0,0,DS4
86.66666666666667,73.92,65.0,49.55,86.66666666666667,0,DS4
93.33333333333333,73.92,88.33333333333334,49.55,93.33333333333333,0,DS4
75.55555555555556,73.92,58.33333333333333,49.55,75.66666666666666,0,DS4
86.66666666666667,73.92,73.33333333333333,49.55,86.66666666666667,0,DS4
88.88888888888889,73.92,80.0,49.55,89.0,0,DS4
73.33333333333333,73.92,58.33333333333333,49.55,73.33333333333333,0,DS4
88.88888888888889,73.92,78.33333333333333,49.55,89.0,0,DS4
51.11111111111111,73.92,38.333333333333336,49.55,51.0,1,DS4
88.88888888888889,73.92,80.0,49.55,89.0,0,DS4
91.11111111111111,73.92,68.33333333333333,49.55,91.0,0,DS4
88.88888888888889,73.92,80.0,49.55,89.0,0,DS4
84.44444444444444,73.92,76.66666666666667,49.55,84.33333333333334,0,DS4
84.44444444444444,73.92,71.66666666666667,49.55,84.33333333333334,0,DS4
73.33333333333333,73.92,66.66666666666667,49.55,73.33333333333333,0,DS4
66.66666666666666,73.92,50.0,49.55,66.66666666666666,0,DS4
75.55555555555556,73.92,56.666666666666664,49.55,75.66666666666666,0,DS4
80.0,73.92,63.33333333333333,49.55,80.0,0,DS4
91.11111111111111,73.92,76.66666666666667,49.55,91.0,0,DS4
91.11111111111111,73.92,68.33333333333333,49.55,91.0,0,DS4
88.88888888888889,73.92,76.66666666666667,49.55,89.0,0,DS4
91.11111111111111,73.92,71.66666666666667,49.55,91.0,0,DS4
84.44444444444444,73.92,70.0,49.55,84.33333333333334,0,DS4
84.44444444444444,73.92,68.33333333333333,49.55,84.33333333333334,0,DS4
77.77777777777779,73.92,63.33333333333333,49.55,77.66666666666667,0,DS4
75.55555555555556,73.92,66.66666666666667,49.55,75.66666666666666,0,DS4
60.0,73.92,48.33333333333333,49.55,60.0,1,DS4
91.11111111111111,73.92,81.66666666666667,49.55,91.0,0,DS4
88.88888888888889,73.92,73.33333333333333,49.55,89.0,0,DS4
88.88888888888889,73.92,76.66666666666667,49.55,89.0,0,DS4
86.66666666666667,73.92,71.66666666666667,49.55,86.66666666666667,0,DS4
86.66666666666667,73.92,68.33333333333333,49.55,86.66666666666667,0,DS4
86.66666666666667,73.92,70.0,49.55,86.66666666666667,0,DS4
88.88888888888889,73.92,70.0,49.55,89.0,0,DS4
88.88888888888889,73.92,73.33333333333333,49.55,89.0,0,DS4
88.88888888888889,73.92,73.33333333333333,49.55,89.0,0,DS4
93.33333333333333,73.92,85.0,49.55,93.33333333333333,0,DS4
77.77777777777779,73.92,61.66666666666667,49.55,77.66666666666667,0,DS4
91.11111111111111,73.92,73.33333333333333,49.55,91.0,0,DS4
91.11111111111111,73.92,78.33333333333333,49.55,91.0,0,DS4
86.66666666666667,73.92,75.0,49.55,86.66666666666667,0,DS4
88.88888888888889,73.92,83.33333333333334,49.55,89.0,0,DS4
88.88888888888889,73.92,73.33333333333333,49.55,89.0,0,DS4
62.22222222222222,73.92,46.666666666666664,49.55,62.33333333333333,1,DS4
53.333333333333336,73.92,40.0,49.55,53.333333333333336,1,DS4
15.555555555555555,73.92,11.666666666666666,49.55,15.666666666666668,1,DS4
82.22222222222221,73.92,63.33333333333333,49.55,82.33333333333334,0,DS4
95.55555555555556,73.92,88.33333333333334,49.55,95.66666666666667,0,DS4
100.0,73.92,93.33333333333333,49.55,100.0,0,DS4
91.11111111111111,73.92,73.33333333333333,49.55,91.0,0,DS4
53.333333333333336,73.92,40.0,49.55,53.333333333333336,1,DS4
86.66666666666667,73.92,75.0,49.55,86.66666666666667,0,DS4
57.77777777777777,73.92,43.33333333333333,49.55,57.666666666666664,1,DS4
88.88888888888889,73.92,71.66666666666667,49.55,89.0,0,DS4
75.55555555555556,73.92,58.33333333333333,49.55,75.66666666666666,0,DS4
93.33333333333333,73.92,81.66666666666667,49.55,93.33333333333333,0,DS4
93.33333333333333,73.92,86.66666666666666,49.55,93.33333333333333,0,DS4
100.0,73.92,95.0,49.55,100.0,0,DS4
88.88888888888889,73.92,73.33333333333333,49.55,89.0,0,DS4
95.55555555555556,73.92,86.66666666666666,49.55,95.66666666666667,0,DS4
93.33333333333333,73.92,81.66666666666667,49.55,93.33333333333333,0,DS4
100.0,73.92,91.66666666666666,49.55,100.0,0,DS4
93.33333333333333,73.92,88.33333333333334,49.55,93.33333333333333,0,DS4
97.77777777777777,73.92,91.66666666666666,49.55,97.66666666666667,0,DS4
88.88888888888889,73.92,78.33333333333333,49.55,89.0,0,DS4
93.33333333333333,73.92,85.0,49.55,93.33333333333333,0,DS4
93.33333333333333,73.92,76.66666666666667,49.55,93.33333333333333,0,DS4
82.22222222222221,73.92,68.33333333333333,49.55,82.33333333333334,0,DS4
95.55555555555556,73.92,90.0,49.55,95.66666666666667,0,DS4
95.55555555555556,73.92,90.0,49.55,95.66666666666667,0,DS4
95.55555555555556,73.92,80.0,49.55,95.66666666666667,0,DS4
77.77777777777779,73.92,65.0,49.55,77.66666666666667,0,DS4
93.33333333333333,73.92,76.66666666666667,49.55,93.33333333333333,0,DS4
95.55555555555556,73.92,80.0,49.55,95.66666666666667,0,DS4
86.66666666666667,73.92,71.66666666666667,49.55,86.66666666666667,0,DS4
48.888888888888886,73.92,36.666666666666664,49.55,49.0,1,DS4
86.66666666666667,73.92,65.0,49.55,86.66666666666667,0,DS4
91.11111111111111,73.92,76.66666666666667,49.55,91.0,0,DS4
95.55555555555556,73.92,90.0,49.55,95.66666666666667,0,DS4
86.66666666666667,73.92,65.0,49.55,86.66666666666667,0,DS4
93.33333333333333,73.92,81.66666666666667,49.55,93.33333333333333,0,DS4
97.77777777777777,73.92,91.66666666666666,49.55,97.66666666666667,0,DS4
33.33333333333333,73.92,25.0,49.55,33.33333333333333,1,DS4
86.66666666666667,73.92,78.33333333333333,49.55,86.66666666666667,0,DS4
77.77777777777779,73.92,66.66666666666667,49.55,77.66666666666667,0,DS4
97.77777777777777,73.92,90.0,49.55,97.66666666666667,0,DS4
97.77777777777777,73.92,91.66666666666666,49.55,97.66666666666667,0,DS4
95.55555555555556,73.92,81.66666666666667,49.55,95.66666666666667,0,DS4
37.77777777777778,73.92,28.333333333333332,49.55,37.66666666666667,1,DS4
95.55555555555556,73.92,90.0,49.55,95.66666666666667,0,DS4
97.77777777777777,73.92,93.33333333333333,49.55,97.66666666666667,0,DS4
91.11111111111111,73.92,73.33333333333333,49.55,91.0,0,DS4
91.11111111111111,73.92,85.0,49.55,91.0,0,DS4
97.77777777777777,73.92,83.33333333333334,49.55,97.66666666666667,0,DS4
97.77777777777777,73.92,91.66666666666666,49.55,97.66666666666667,0,DS4
93.33333333333333,73.92,78.33333333333333,49.55,93.33333333333333,0,DS4
95.55555555555556,73.92,85.0,49.55,95.66666666666667,0,DS4
93.33333333333333,73.92,88.33333333333334,49.55,93.33333333333333,0,DS4
93.33333333333333,73.92,86.66666666666666,49.55,93.33333333333333,0,DS4
95.55555555555556,73.92,90.0,49.55,95.66666666666667,0,DS4
95.55555555555556,73.92,81.66666666666667,49.55,95.66666666666667,0,DS4
100.0,73.92,95.0,49.55,100.0,0,DS4
93.33333333333333,73.92,86.66666666666666,49.55,93.33333333333333,0,DS4
84.44444444444444,73.92,65.0,49.55,84.33333333333334,0,DS4
97.77777777777777,73.92,93.33333333333333,49.55,97.66666666666667,0,DS4
93.33333333333333,73.92,86.66666666666666,49.55,93.33333333333333,0,DS4
95.55555555555556,73.92,91.66666666666666,49.55,95.66666666666667,0,DS4
91.11111111111111,73.92,73.33333333333333,49.55,91.0,0,DS4
84.44444444444444,73.92,71.66666666666667,49.55,84.33333333333334,0,DS4
84.44444444444444,73.92,68.33333333333333,49.55,84.33333333333334,0,DS4
97.77777777777777,73.92,83.33333333333334,49.55,97.66666666666667,0,DS4
88.88888888888889,73.92,81.66666666666667,49.55,89.0,0,DS4
82.22222222222221,73.92,73.33333333333333,49.55,82.33333333333334,0,DS4
88.88888888888889,73.92,81.66666666666667,49.55,89.0,0,DS4
86.66666666666667,73.92,65.0,49.55,86.66666666666667,0,DS4
91.11111111111111,73.92,73.33333333333333,49.55,91.0,0,DS4
93.33333333333333,73.92,86.66666666666666,49.55,93.33333333333333,0,DS4
91.11111111111111,73.92,85.0,49.55,91.0,0,DS4
91.11111111111111,73.92,81.66666666666667,49.55,91.0,0,DS4
95.55555555555556,73.92,71.66666666666667,49.55,95.66666666666667,0,DS4
84.44444444444444,73.92,66.66666666666667,49.55,84.33333333333334,0,DS4
95.55555555555556,73.92,88.33333333333334,49.55,95.66666666666667,0,DS4
84.44444444444444,73.92,68.33333333333333,49.55,84.33333333333334,0,DS4
95.55555555555556,73.92,86.66666666666666,49.55,95.66666666666667,0,DS4
93.33333333333333,73.92,88.33333333333334,49.55,93.33333333333333,0,DS4
88.88888888888889,73.92,81.66666666666667,49.55,89.0,0,DS4
95.55555555555556,73.92,91.66666666666666,49.55,95.66666666666667,0,DS4
82.22222222222221,73.92,66.66666666666667,49.55,82.33333333333334,0,DS4
93.33333333333333,73.92,76.66666666666667,49.55,93.33333333333333,0,DS4
91.11111111111111,73.92,81.66666666666667,49.55,91.0,0,DS4
93.33333333333333,73.92,86.66666666666666,49.55,93.33333333333333,0,DS4
93.33333333333333,73.92,85.0,49.55,93.33333333333333,0,DS4
93.33333333333333,73.92,83.33333333333334,49.55,93.33333333333333,0,DS4
95.55555555555556,73.92,91.66666666666666,49.55,95.66666666666667,0,DS4
82.22222222222221,73.92,63.33333333333333,49.55,82.33333333333334,0,DS4
93.33333333333333,73.92,81.66666666666667,49.55,93.33333333333333,0,DS4
93.33333333333333,73.92,80.0,49.55,93.33333333333333,0,DS4
44.44444444444444,73.92,33.333333333333336,49.55,44.333333333333336,1,DS4
93.33333333333333,73.92,83.33333333333334,49.55,93.33333333333333,0,DS4
97.77777777777777,73.92,85.0,49.55,97.66666666666667,0,DS4
93.33333333333333,73.92,88.33333333333334,49.55,93.33333333333333,0,DS4
97.77777777777777,73.92,81.66666666666667,49.55,97.66666666666667,0,DS4
95.55555555555556,73.92,83.33333333333334,49.55,95.66666666666667,0,DS4
97.77777777777777,73.92,86.66666666666666,49.55,97.66666666666667,0,DS4
95.55555555555556,73.92,88.33333333333334,49.55,95.66666666666667,0,DS4
95.55555555555556,73.92,88.33333333333334,49.55,95.66666666666667,0,DS4
57.77777777777777,73.92,43.33333333333333,49.55,57.666666666666664,1,DS4
93.33333333333333,73.92,80.0,49.55,93.33333333333333,0,DS4
86.66666666666667,73.92,75.0,49.55,86.66666666666667,0,DS4
93.33333333333333,73.92,76.66666666666667,49.55,93.33333333333333,0,DS4
93.33333333333333,73.92,78.33333333333333,49.55,93.33333333333333,0,DS4
80.0,73.92,60.0,49.55,80.0,0,DS4
97.77777777777777,73.92,93.33333333333333,49.55,97.66666666666667,0,DS4
93.33333333333333,73.92,90.0,49.55,93.33333333333333,0,DS4
91.11111111111111,73.92,83.33333333333334,49.55,91.0,0,DS4
48.888888888888886,73.92,36.666666666666664,49.55,49.0,1,DS4
88.88888888888889,73.92,76.66666666666667,49.55,89.0,0,DS4
100.0,73.92,86.66666666666666,49.55,100.0,0,DS4
88.88888888888889,73.92,76.66666666666667,49.55,89.0,0,DS4
33.33333333333333,73.92,25.0,49.55,33.33333333333333,1,DS4
97.77777777777777,73.92,88.33333333333334,49.55,97.66666666666667,0,DS4
86.66666666666667,73.92,78.33333333333333,49.55,86.66666666666667,0,DS4
91.11111111111111,73.92,80.0,49.55,91.0,0,DS4
97.77777777777777,73.92,93.33333333333333,49.55,97.66666666666667,0,DS4
95.55555555555556,73.92,86.66666666666666,49.55,95.66666666666667,0,DS4
93.33333333333333,73.92,83.33333333333334,49.55,93.33333333333333,0,DS4
95.55555555555556,73.92,83.33333333333334,49.55,95.66666666666667,0,DS4
91.11111111111111,73.92,81.66666666666667,49.55,91.0,0,DS4
97.77777777777777,73.92,88.33333333333334,49.55,97.66666666666667,0,DS4
93.33333333333333,73.92,76.66666666666667,49.55,93.33333333333333,0,DS4
88.88888888888889,73.92,83.33333333333334,49.55,89.0,0,DS4
93.33333333333333,73.92,81.66666666666667,49.55,93.33333333333333,0,DS4
93.33333333333333,73.92,81.66666666666667,49.55,93.33333333333333,0,DS4
75.55555555555556,73.92,56.666666666666664,49.55,75.66666666666666,0,DS4
44.44444444444444,73.92,33.333333333333336,49.55,44.333333333333336,1,DS4
93.33333333333333,73.92,73.33333333333333,49.55,93.33333333333333,0,DS4
93.33333333333333,73.92,78.33333333333333,49.55,93.33333333333333,0,DS4
91.11111111111111,73.92,78.33333333333333,49.55,91.0,0,DS4
95.55555555555556,73.92,83.33333333333334,49.55,95.66666666666667,0,DS4
93.33333333333333,73.92,81.66666666666667,49.55,93.33333333333333,0,DS4
95.55555555555556,73.92,88.33333333333334,49.55,95.66666666666667,0,DS4
88.88888888888889,73.92,76.66666666666667,49.55,89.0,0,DS4
91.11111111111111,73.92,78.33333333333333,49.55,91.0,0,DS4
0.0,73.92,0.0,49.55,0.0,1,DS4
91.11111111111111,73.92,81.66666666666667,49.55,91.0,0,DS4
57.77777777777777,73.92,43.33333333333333,49.55,57.666666666666664,1,DS4
93.33333333333333,73.92,83.33333333333334,49.55,93.33333333333333,0,DS4
82.22222222222221,73.92,61.66666666666667,49.55,82.33333333333334,0,DS4
0.0,73.92,0.0,49.55,0.0,1,DS4
97.77777777777777,73.92,83.33333333333334,49.55,97.66666666666667,0,DS4
84.44444444444444,73.92,63.33333333333333,49.55,84.33333333333334,0,DS4
88.88888888888889,73.92,68.33333333333333,49.55,89.0,0,DS4
75.55555555555556,73.92,56.666666666666664,49.55,75.66666666666666,0,DS4
84.44444444444444,73.92,63.33333333333333,49.55,84.33333333333334,0,DS4
88.88888888888889,73.92,71.66666666666667,49.55,89.0,0,DS4
91.11111111111111,73.92,83.33333333333334,49.55,91.0,0,DS4
73.33333333333333,73.92,55.00000000000001,49.55,73.33333333333333,0,DS4
88.88888888888889,73.92,73.33333333333333,49.55,89.0,0,DS4
88.88888888888889,73.92,76.66666666666667,49.55,89.0,0,DS4
91.11111111111111,73.92,85.0,49.55,91.0,0,DS4
84.44444444444444,73.92,66.66666666666667,49.55,84.33333333333334,0,DS4
71.11111111111111,73.92,53.333333333333336,49.55,71.00000000000001,0,DS4
93.33333333333333,73.92,80.0,49.55,93.33333333333333,0,DS4
82.22222222222221,73.92,61.66666666666667,49.55,82.33333333333334,0,DS4
91.11111111111111,73.92,78.33333333333333,49.55,91.0,0,DS4
93.33333333333333,73.92,86.66666666666666,49.55,93.33333333333333,0,DS4
0.0,73.92,0.0,49.55,0.0,1,DS4
91.11111111111111,73.92,80.0,49.55,91.0,0,DS4
84.44444444444444,73.92,73.33333333333333,49.55,84.33333333333334,0,DS4
82.22222222222221,73.92,65.0,49.55,82.33333333333334,0,DS4
91.11111111111111,73.92,76.66666666666667,49.55,91.0,0,DS4
97.77777777777777,73.92,83.33333333333334,49.55,97.66666666666667,0,DS4
93.33333333333333,73.92,83.33333333333334,49.55,93.33333333333333,0,DS4
91.11111111111111,73.92,78.33333333333333,49.55,91.0,0,DS4
88.88888888888889,73.92,83.33333333333334,49.55,89.0,0,DS4
71.11111111111111,73.92,53.333333333333336,49.55,71.00000000000001,0,DS4
95.55555555555556,73.92,81.66666666666667,49.55,95.66666666666667,0,DS4
93.33333333333333,73.92,85.0,49.55,93.33333333333333,0,DS4
97.77777777777777,73.92,86.66666666666666,49.55,97.66666666666667,0,DS4
100.0,73.92,91.66666666666666,49.55,100.0,0,DS4
51.11111111111111,73.92,38.333333333333336,49.55,51.0,1,DS4
93.33333333333333,73.92,88.33333333333334,49.55,93.33333333333333,0,DS4
88.88888888888889,73.92,66.66666666666667,49.55,89.0,0,DS4
84.44444444444444,73.92,65.0,49.55,84.33333333333334,0,DS4
82.22222222222221,73.92,68.33333333333333,49.55,82.33333333333334,0,DS4
91.11111111111111,73.92,75.0,49.55,91.0,0,DS4
86.66666666666667,73.92,66.66666666666667,49.55,86.66666666666667,0,DS4
93.33333333333333,73.92,78.33333333333333,49.55,93.33333333333333,0,DS4
77.77777777777779,73.92,58.33333333333333,49.55,77.66666666666667,0,DS4
51.11111111111111,73.92,38.333333333333336,49.55,51.0,1,DS4
97.77777777777777,73.92,85.0,49.55,97.66666666666667,0,DS4
97.77777777777777,73.92,81.66666666666667,49.55,97.66666666666667,0,DS4
91.11111111111111,73.92,71.66666666666667,49.55,91.0,0,DS4
97.77777777777777,73.92,88.33333333333334,49.55,97.66666666666667,0,DS4
88.88888888888889,73.92,76.66666666666667,49.55,89.0,0,DS4
88.88888888888889,73.92,70.0,49.55,89.0,0,DS4
93.33333333333333,73.92,83.33333333333334,49.55,93.33333333333333,0,DS4
82.22222222222221,73.92,65.0,49.55,82.33333333333334,0,DS4
68.88888888888889,73.92,56.666666666666664,49.55,69.0,0,DS4
91.11111111111111,73.92,83.33333333333334,49.55,91.0,0,DS4
95.55555555555556,73.92,80.0,49.55,95.66666666666667,0,DS4
95.55555555555556,73.92,88.33333333333334,49.55,95.66666666666667,0,DS4
91.11111111111111,73.92,76.66666666666667,49.55,91.0,0,DS4
64.44444444444444,73.92,48.33333333333333,49.55,64.33333333333333,1,DS4
84.44444444444444,73.92,68.33333333333333,49.55,84.33333333333334,0,DS4
62.22222222222222,73.92,46.666666666666664,49.55,62.33333333333333,1,DS4
88.88888888888889,73.92,76.66666666666667,49.55,89.0,0,DS4
66.66666666666666,73.92,50.0,49.55,66.66666666666666,0,DS4
88.88888888888889,73.92,70.0,49.55,89.0,0,DS4
84.44444444444444,73.92,71.66666666666667,49.55,84.33333333333334,0,DS4
91.11111111111111,73.92,81.66666666666667,49.55,91.0,0,DS4
84.44444444444444,73.92,73.33333333333333,49.55,84.33333333333334,0,DS4
91.11111111111111,73.92,85.0,49.55,91.0,0,DS4
97.77777777777777,73.92,91.66666666666666,49.55,97.66666666666667,0,DS4
91.11111111111111,73.92,80.0,49.55,91.0,0,DS4
84.44444444444444,73.92,71.66666666666667,49.55,84.33333333333334,0,DS4
91.11111111111111,73.92,81.66666666666667,49.55,91.0,0,DS4
95.55555555555556,73.92,88.33333333333334,49.55,95.66666666666667,0,DS4
91.11111111111111,73.92,78.33333333333333,49.55,91.0,0,DS4
82.22222222222221,73.92,70.0,49.55,82.33333333333334,0,DS4
86.66666666666667,73.92,73.33333333333333,49.55,86.66666666666667,0,DS4
91.11111111111111,73.92,81.66666666666667,49.55,91.0,0,DS4
82.22222222222221,73.92,66.66666666666667,49.55,82.33333333333334,0,DS4
95.55555555555556,73.92,78.33333333333333,49.55,95.66666666666667,0,DS4
95.55555555555556,73.92,86.66666666666666,49.55,95.66666666666667,0,DS4
86.66666666666667,73.92,80.0,49.55,86.66666666666667,0,DS4
93.33333333333333,73.92,88.33333333333334,49.55,93.33333333333333,0,DS4
93.33333333333333,73.92,90.0,49.55,93.33333333333333,0,DS4
88.88888888888889,73.92,75.0,49.55,89.0,0,DS4
93.33333333333333,73.92,80.0,49.55,93.33333333333333,0,DS4
84.44444444444444,73.92,70.0,49.55,84.33333333333334,0,DS4
62.22222222222222,73.92,46.666666666666664,49.55,62.33333333333333,1,DS4
93.33333333333333,73.92,80.0,49.55,93.33333333333333,0,DS4
86.66666666666667,73.92,66.66666666666667,49.55,86.66666666666667,0,DS4
91.11111111111111,73.92,73.33333333333333,49.55,91.0,0,DS4
93.33333333333333,73.92,80.0,49.55,93.33333333333333,0,DS4
91.11111111111111,73.92,78.33333333333333,49.55,91.0,0,DS4
84.44444444444444,73.92,68.33333333333333,49.55,84.33333333333334,0,DS4
95.55555555555556,73.92,81.66666666666667,49.55,95.66666666666667,0,DS4
97.77777777777777,73.92,83.33333333333334,49.55,97.66666666666667,0,DS4
84.44444444444444,73.92,78.33333333333333,49.55,84.33333333333334,0,DS4
95.55555555555556,73.92,90.0,49.55,95.66666666666667,0,DS4
66.66666666666666,73.92,50.0,49.55,66.66666666666666,0,DS4
84.44444444444444,73.92,68.33333333333333,49.55,84.33333333333334,0,DS4
82.22222222222221,73.92,68.33333333333333,49.55,82.33333333333334,0,DS4
86.66666666666667,73.92,76.66666666666667,49.55,86.66666666666667,0,DS4
93.33333333333333,73.92,83.33333333333334,49.55,93.33333333333333,0,DS4
93.33333333333333,73.92,85.0,49.55,93.33333333333333,0,DS4
91.11111111111111,73.92,80.0,49.55,91.0,0,DS4
91.11111111111111,73.92,76.66666666666667,49.55,91.0,0,DS4
88.88888888888889,73.92,71.66666666666667,49.55,89.0,0,DS4
88.88888888888889,73.92,71.66666666666667,49.55,89.0,0,DS4
97.77777777777777,73.92,88.33333333333334,49.55,97.66666666666667,0,DS4
95.55555555555556,73.92,83.33333333333334,49.55,95.66666666666667,0,DS4
84.44444444444444,73.92,76.66666666666667,49.55,84.33333333333334,0,DS4
66.66666666666666,73.92,50.0,49.55,66.66666666666666,0,DS4
97.77777777777777,73.92,81.66666666666667,49.55,97.66666666666667,0,DS4
82.22222222222221,73.92,63.33333333333333,49.55,82.33333333333334,0,DS4
86.66666666666667,73.92,78.33333333333333,49.55,86.66666666666667,0,DS4
88.88888888888889,73.92,80.0,49.55,89.0,0,DS4
82.22222222222221,73.92,70.0,49.55,82.33333333333334,0,DS4
95.55555555555556,73.92,85.0,49.55,95.66666666666667,0,DS4
93.33333333333333,73.92,73.33333333333333,49.55,93.33333333333333,0,DS4
88.88888888888889,73.92,78.33333333333333,49.55,89.0,0,DS4
93.33333333333333,73.92,85.0,49.55,93.33333333333333,0,DS4
91.11111111111111,73.92,73.33333333333333,49.55,91.0,0,DS4
91.11111111111111,73.92,83.33333333333334,49.55,91.0,0,DS4
93.33333333333333,73.92,80.0,49.55,93.33333333333333,0,DS4
91.11111111111111,73.92,71.66666666666667,49.55,91.0,0,DS4
88.88888888888889,73.92,70.0,49.55,89.0,0,DS4
95.55555555555556,73.92,83.33333333333334,49.55,95.66666666666667,0,DS4
84.44444444444444,73.92,71.66666666666667,49.55,84.33333333333334,0,DS4
77.77777777777779,73.92,65.0,49.55,77.66666666666667,0,DS4
82.22222222222221,73.92,66.66666666666667,49.55,82.33333333333334,0,DS4
86.66666666666667,73.92,70.0,49.55,86.66666666666667,0,DS4
73.33333333333333,73.92,55.00000000000001,49.55,73.33333333333333,0,DS4
88.88888888888889,73.92,70.0,49.55,89.0,0,DS4
91.11111111111111,73.92,85.0,49.55,91.0,0,DS4
91.11111111111111,73.92,80.0,49.55,91.0,0,DS4
86.66666666666667,73.92,65.0,49.55,86.66666666666667,0,DS4
84.44444444444444,73.92,76.66666666666667,49.55,84.33333333333334,0,DS4
93.33333333333333,73.92,88.33333333333334,49.55,93.33333333333333,0,DS4
88.88888888888889,73.92,80.0,49.55,89.0,0,DS4
93.33333333333333,73.92,75.0,49.55,93.33333333333333,0,DS4
91.11111111111111,73.92,73.33333333333333,49.55,91.0,0,DS4
93.33333333333333,73.92,88.33333333333334,49.55,93.33333333333333,0,DS4
93.33333333333333,73.92,83.33333333333334,49.55,93.33333333333333,0,DS4
95.55555555555556,73.92,83.33333333333334,49.55,95.66666666666667,0,DS4
82.22222222222221,73.92,61.66666666666667,49.55,82.33333333333334,0,DS4
80.0,73.92,60.0,49.55,80.0,0,DS4
71.11111111111111,73.92,53.333333333333336,49.55,71.00000000000001,0,DS4
95.55555555555556,73.92,90.0,49.55,95.66666666666667,0,DS4
82.22222222222221,73.92,70.0,49.55,82.33333333333334,0,DS4
82.22222222222221,73.92,68.33333333333333,49.55,82.33333333333334,0,DS4
95.55555555555556,73.92,81.66666666666667,49.55,95.66666666666667,0,DS4
88.88888888888889,73.92,75.0,49.55,89.0,0,DS4
57.77777777777777,73.92,43.33333333333333,49.55,57.666666666666664,1,DS4
93.33333333333333,73.92,75.0,49.55,93.33333333333333,0,DS4
88.88888888888889,73.92,68.33333333333333,49.55,89.0,0,DS4
53.333333333333336,73.92,40.0,49.55,53.333333333333336,1,DS4
88.88888888888889,73.92,71.66666666666667,49.55,89.0,0,DS4
77.77777777777779,73.92,58.33333333333333,49.55,77.66666666666667,0,DS4
80.0,73.92,63.33333333333333,49.55,80.0,0,DS4
66.66666666666666,73.92,50.0,49.55,66.66666666666666,0,DS4
95.55555555555556,73.92,80.0,49.55,95.66666666666667,0,DS4
80.0,73.92,60.0,49.55,80.0,0,DS4
93.33333333333333,73.92,83.33333333333334,49.55,93.33333333333333,0,DS4
88.88888888888889,73.92,73.33333333333333,49.55,89.0,0,DS4
91.11111111111111,73.92,76.66666666666667,49.55,91.0,0,DS4
84.44444444444444,73.92,71.66666666666667,49.55,84.33333333333334,0,DS4
97.77777777777777,73.92,86.66666666666666,49.55,97.66666666666667,0,DS4
86.66666666666667,73.92,81.66666666666667,49.55,86.66666666666667,0,DS4
93.33333333333333,73.92,88.33333333333334,49.55,93.33333333333333,0,DS4
60.0,73.92,45.0,49.55,60.0,1,DS4
88.88888888888889,73.92,75.0,49.55,89.0,0,DS4
80.0,73.92,65.0,49.55,80.0,0,DS4
93.33333333333333,73.92,81.66666666666667,49.55,93.33333333333333,0,DS4
68.88888888888889,73.92,51.66666666666667,49.55,69.0,0,DS4
82.22222222222221,73.92,75.0,49.55,82.33333333333334,0,DS4
97.77777777777777,73.92,91.66666666666666,49.55,97.66666666666667,0,DS4
84.44444444444444,73.92,73.33333333333333,49.55,84.33333333333334,0,DS4
100.0,73.92,90.0,49.55,100.0,0,DS4
93.33333333333333,73.92,81.66666666666667,49.55,93.33333333333333,0,DS4
86.66666666666667,73.92,70.0,49.55,86.66666666666667,0,DS4
86.66666666666667,73.92,80.0,49.55,86.66666666666667,0,DS4
88.88888888888889,73.92,81.66666666666667,49.55,89.0,0,DS4
91.11111111111111,73.92,78.33333333333333,49.55,91.0,0,DS4
86.66666666666667,73.92,71.66666666666667,49.55,86.66666666666667,0,DS4
88.88888888888889,73.92,81.66666666666667,49.55,89.0,0,DS4
91.11111111111111,73.92,81.66666666666667,49.55,91.0,0,DS4
88.88888888888889,73.92,73.33333333333333,49.55,89.0,0,DS4
82.22222222222221,73.92,70.0,49.55,82.33333333333334,0,DS4
93.33333333333333,73.92,88.33333333333334,49.55,93.33333333333333,0,DS4
82.22222222222221,73.92,65.0,49.55,82.33333333333334,0,DS4
68.88888888888889,73.92,53.333333333333336,49.55,69.0,0,DS4
86.66666666666667,73.92,78.33333333333333,49.55,86.66666666666667,0,DS4
91.11111111111111,73.92,71.66666666666667,49.55,91.0,0,DS4
93.33333333333333,73.92,85.0,49.55,93.33333333333333,0,DS4
60.0,73.92,45.0,49.55,60.0,1,DS4
86.66666666666667,73.92,78.33333333333333,49.55,86.66666666666667,0,DS4
91.11111111111111,73.92,86.66666666666666,49.55,91.0,0,DS4
84.44444444444444,73.92,68.33333333333333,49.55,84.33333333333334,0,DS4
88.88888888888889,73.92,73.33333333333333,49.55,89.0,0,DS4
86.66666666666667,73.92,73.33333333333333,49.55,86.66666666666667,0,DS4
91.11111111111111,73.92,78.33333333333333,49.55,91.0,0,DS4
88.88888888888889,73.92,81.66666666666667,49.55,89.0,0,DS4
91.11111111111111,73.92,83.33333333333334,49.55,91.0,0,DS4
88.88888888888889,73.92,83.33333333333334,49.55,89.0,0,DS4
93.33333333333333,73.92,83.33333333333334,49.55,93.33333333333333,0,DS4
86.66666666666667,73.92,76.66666666666667,49.55,86.66666666666667,0,DS4
88.88888888888889,73.92,81.66666666666667,49.55,89.0,0,DS4
97.77777777777777,73.92,93.33333333333333,49.55,97.66666666666667,0,DS4
93.33333333333333,73.92,80.0,49.55,93.33333333333333,0,DS4
0.0,73.92,0.0,49.55,0.0,1,DS4
77.77777777777779,73.92,63.33333333333333,49.55,77.66666666666667,0,DS4
0.0,73.92,0.0,49.55,0.0,1,DS4
93.33333333333333,73.92,83.33333333333334,49.55,93.33333333333333,0,DS4
88.88888888888889,73.92,76.66666666666667,49.55,89.0,0,DS4
91.11111111111111,73.92,80.0,49.55,91.0,0,DS4
95.55555555555556,73.92,83.33333333333334,49.55,95.66666666666667,0,DS4
88.88888888888889,73.92,73.33333333333333,49.55,89.0,0,DS4
93.33333333333333,73.92,88.33333333333334,49.55,93.33333333333333,0,DS4
91.11111111111111,73.92,76.66666666666667,49.55,91.0,0,DS4
95.55555555555556,73.92,85.0,49.55,95.66666666666667,0,DS4
97.77777777777777,73.92,85.0,49.55,97.66666666666667,0,DS4
88.88888888888889,73.92,83.33333333333334,49.55,89.0,0,DS4
86.66666666666667,73.92,78.33333333333333,49.55,86.66666666666667,0,DS4
88.88888888888889,73.92,81.66666666666667,49.55,89.0,0,DS4
77.77777777777779,73.92,65.0,49.55,77.66666666666667,0,DS4
95.55555555555556,73.92,88.33333333333334,49.55,95.66666666666667,0,DS4
84.44444444444444,73.92,73.33333333333333,49.55,84.33333333333334,0,DS4
93.33333333333333,73.92,80.0,49.55,93.33333333333333,0,DS4
93.33333333333333,73.92,83.33333333333334,49.55,93.33333333333333,0,DS4
91.11111111111111,73.92,70.0,49.55,91.0,0,DS4
95.55555555555556,73.92,88.33333333333334,49.55,95.66666666666667,0,DS4
88.88888888888889,73.92,83.33333333333334,49.55,89.0,0,DS4
86.66666666666667,73.92,75.0,49.55,86.66666666666667,0,DS4
84.44444444444444,73.92,73.33333333333333,49.55,84.33333333333334,0,DS4
93.33333333333333,73.92,86.66666666666666,49.55,93.33333333333333,0,DS4
82.22222222222221,73.92,75.0,49.55,82.33333333333334,0,DS4
88.88888888888889,73.92,76.66666666666667,49.55,89.0,0,DS4
93.33333333333333,73.92,88.33333333333334,49.55,93.33333333333333,0,DS4
91.11111111111111,73.92,85.0,49.55,91.0,0,DS4
91.11111111111111,73.92,76.66666666666667,49.55,91.0,0,DS4
93.33333333333333,73.92,86.66666666666666,49.55,93.33333333333333,0,DS4
88.88888888888889,73.92,78.33333333333333,49.55,89.0,0,DS4
91.11111111111111,73.92,80.0,49.55,91.0,0,DS4
88.88888888888889,73.92,80.0,49.55,89.0,0,DS4
93.33333333333333,73.92,80.0,49.55,93.33333333333333,0,DS4
84.44444444444444,73.92,75.0,49.55,84.33333333333334,0,DS4
86.66666666666667,73.92,81.66666666666667,49.55,86.66666666666667,0,DS4
82.22222222222221,73.92,73.33333333333333,49.55,82.33333333333334,0,DS4
86.66666666666667,73.92,76.66666666666667,49.55,86.66666666666667,0,DS4
91.11111111111111,73.92,75.0,49.55,91.0,0,DS4
91.11111111111111,73.92,76.66666666666667,49.55,91.0,0,DS4
91.11111111111111,73.92,85.0,49.55,91.0,0,DS4
88.88888888888889,73.92,80.0,49.55,89.0,0,DS4
88.88888888888889,73.92,83.33333333333334,49.55,89.0,0,DS4
97.77777777777777,73.92,81.66666666666667,49.55,97.66666666666667,0,DS4
75.55555555555556,73.92,61.66666666666667,49.55,75.66666666666666,0,DS4
93.33333333333333,73.92,83.33333333333334,49.55,93.33333333333333,0,DS4
93.33333333333333,73.92,88.33333333333334,49.55,93.33333333333333,0,DS4
0.0,73.92,0.0,49.55,0.0,1,DS4
88.88888888888889,73.92,75.0,49.55,89.0,0,DS4
95.55555555555556,73.92,85.0,49.55,95.66666666666667,0,DS4
88.88888888888889,73.92,81.66666666666667,49.55,89.0,0,DS4
95.55555555555556,73.92,85.0,49.55,95.66666666666667,0,DS4
91.11111111111111,73.92,75.0,49.55,91.0,0,DS4
80.0,73.92,73.33333333333333,49.55,80.0,0,DS4
88.88888888888889,73.92,80.0,49.55,89.0,0,DS4
95.55555555555556,73.92,85.0,49.55,95.66666666666667,0,DS4
75.55555555555556,73.92,61.66666666666667,49.55,75.66666666666666,0,DS4
75.55555555555556,73.92,60.0,49.55,75.66666666666666,0,DS4
84.44444444444444,73.92,63.33333333333333,49.55,84.33333333333334,0,DS4
86.66666666666667,73.92,80.0,49.55,86.66666666666667,0,DS4
91.11111111111111,73.92,83.33333333333334,49.55,91.0,0,DS4
91.11111111111111,73.92,86.66666666666666,49.55,91.0,0,DS4
88.88888888888889,73.92,76.66666666666667,49.55,89.0,0,DS4
88.88888888888889,73.92,80.0,49.55,89.0,0,DS4
86.66666666666667,73.92,83.33333333333334,49.55,86.66666666666667,0,DS4
82.22222222222221,73.92,66.66666666666667,49.55,82.33333333333334,0,DS4
64.44444444444444,73.92,48.33333333333333,49.55,64.33333333333333,1,DS4
88.88888888888889,73.92,81.66666666666667,49.55,89.0,0,DS4
86.66666666666667,73.92,80.0,49.55,86.66666666666667,0,DS4
71.11111111111111,73.92,66.66666666666667,49.55,71.00000000000001,0,DS4
57.77777777777777,73.92,43.33333333333333,49.55,57.666666666666664,1,DS4
97.77777777777777,73.92,85.0,49.55,97.66666666666667,0,DS4
75.55555555555556,73.92,63.33333333333333,49.55,75.66666666666666,0,DS4
95.55555555555556,73.92,85.0,49.55,95.66666666666667,0,DS4
91.11111111111111,73.92,73.33333333333333,49.55,91.0,0,DS4
91.11111111111111,73.92,81.66666666666667,49.55,91.0,0,DS4
68.88888888888889,73.92,51.66666666666667,49.55,69.0,0,DS4
84.44444444444444,73.92,73.33333333333333,49.55,84.33333333333334,0,DS4
93.33333333333333,73.92,85.0,49.55,93.33333333333333,0,DS4
97.77777777777777,73.92,88.33333333333334,49.55,97.66666666666667,0,DS4
26.666666666666668,73.92,20.0,49.55,26.666666666666668,1,DS4
71.11111111111111,73.92,56.666666666666664,49.55,71.00000000000001,0,DS4
82.22222222222221,73.92,68.33333333333333,49.55,82.33333333333334,0,DS4
93.33333333333333,73.92,81.66666666666667,49.55,93.33333333333333,0,DS4
86.66666666666667,73.92,71.66666666666667,49.55,86.66666666666667,0,DS4
84.44444444444444,73.92,66.66666666666667,49.55,84.33333333333334,0,DS4
86.66666666666667,73.92,75.0,49.55,86.66666666666667,0,DS4
88.88888888888889,73.92,76.66666666666667,49.55,89.0,0,DS4
84.44444444444444,73.92,70.0,49.55,84.33333333333334,0,DS4
40.0,73.92,30.0,49.55,40.0,1,DS4
88.88888888888889,73.92,81.66666666666667,49.55,89.0,0,DS4
86.66666666666667,73.92,68.33333333333333,49.55,86.66666666666667,0,DS4
91.11111111111111,73.92,83.33333333333334,49.55,91.0,0,DS4
86.66666666666667,73.92,75.0,49.55,86.66666666666667,0,DS4
86.66666666666667,73.92,80.0,49.55,86.66666666666667,0,DS4
0.0,73.92,0.0,49.55,0.0,1,DS4
91.11111111111111,73.92,88.33333333333334,49.55,91.0,0,DS4
88.88888888888889,73.92,76.66666666666667,49.55,89.0,0,DS4
68.88888888888889,73.92,51.66666666666667,49.55,69.0,0,DS4
62.22222222222222,73.92,46.666666666666664,49.55,62.33333333333333,1,DS4
80.0,73.92,63.33333333333333,49.55,80.0,0,DS4
46.666666666666664,73.92,35.0,49.55,46.666666666666664,1,DS4
91.11111111111111,73.92,85.0,49.55,91.0,0,DS4
88.88888888888889,73.92,71.66666666666667,49.55,89.0,0,DS4
84.44444444444444,73.92,63.33333333333333,49.55,84.33333333333334,0,DS4
91.11111111111111,73.92,85.0,49.55,91.0,0,DS4
88.88888888888889,73.92,85.0,49.55,89.0,0,DS4
91.11111111111111,73.92,71.66666666666667,49.55,91.0,0,DS4
88.88888888888889,73.92,76.66666666666667,49.55,89.0,0,DS4
28.888888888888886,73.92,21.666666666666664,49.55,28.999999999999996,1,DS4
62.22222222222222,73.92,46.666666666666664,49.55,62.33333333333333,1,DS4
26.666666666666668,73.92,20.0,49.55,26.666666666666668,1,DS4
86.66666666666667,73.92,78.33333333333333,49.55,86.66666666666667,0,DS4
93.33333333333333,73.92,73.33333333333333,49.55,93.33333333333333,0,DS4
82.22222222222221,73.92,65.0,49.55,82.33333333333334,0,DS4
93.33333333333333,73.92,86.66666666666666,49.55,93.33333333333333,0,DS4
88.88888888888889,73.92,81.66666666666667,49.55,89.0,0,DS4
86.66666666666667,73.92,70.0,49.55,86.66666666666667,0,DS4
95.55555555555556,73.92,90.0,49.55,95.66666666666667,0,DS4
0.0,73.92,0.0,49.55,0.0,1,DS4
93.33333333333333,73.92,83.33333333333334,49.55,93.33333333333333,0,DS4
93.33333333333333,73.92,81.66666666666667,49.55,93.33333333333333,0,DS4
86.66666666666667,73.92,83.33333333333334,49.55,86.66666666666667,0,DS4
80.0,73.92,71.66666666666667,49.55,80.0,0,DS4
86.66666666666667,73.92,81.66666666666667,49.55,86.66666666666667,0,DS4
93.33333333333333,73.92,78.33333333333333,49.55,93.33333333333333,0,DS4
82.22222222222221,73.92,68.33333333333333,49.55,82.33333333333334,0,DS4
95.55555555555556,73.92,85.0,49.55,95.66666666666667,0,DS4
86.66666666666667,73.92,73.33333333333333,49.55,86.66666666666667,0,DS4
26.666666666666668,73.92,20.0,49.55,26.666666666666668,1,DS4
84.44444444444444,73.92,80.0,49.55,84.33333333333334,0,DS4
86.66666666666667,73.92,78.33333333333333,49.55,86.66666666666667,0,DS4
93.33333333333333,73.92,86.66666666666666,49.55,93.33333333333333,0,DS4
88.88888888888889,73.92,76.66666666666667,49.55,89.0,0,DS4
62.22222222222222,73.92,46.666666666666664,49.55,62.33333333333333,1,DS4
64.44444444444444,73.92,48.33333333333333,49.55,64.33333333333333,1,DS4
73.33333333333333,73.92,55.00000000000001,49.55,73.33333333333333,0,DS4
80.0,73.92,60.0,49.55,80.0,0,DS4
91.11111111111111,73.92,85.0,49.55,91.0,0,DS4
88.88888888888889,73.92,70.0,49.55,89.0,0,DS4
95.55555555555556,73.92,88.33333333333334,49.55,95.66666666666667,0,DS4
82.22222222222221,73.92,66.66666666666667,49.55,82.33333333333334,0,DS4
80.0,73.92,61.66666666666667,49.55,80.0,0,DS4
86.66666666666667,73.92,71.66666666666667,49.55,86.66666666666667,0,DS4
91.11111111111111,73.92,81.66666666666667,49.55,91.0,0,DS4
88.88888888888889,73.92,76.66666666666667,49.55,89.0,0,DS4
88.88888888888889,73.92,80.0,49.55,89.0,0,DS4
26.666666666666668,73.92,20.0,49.55,26.666666666666668,1,DS4
73.33333333333333,73.92,55.00000000000001,49.55,73.33333333333333,0,DS4
93.33333333333333,73.92,85.0,49.55,93.33333333333333,0,DS4
91.11111111111111,73.92,78.33333333333333,49.55,91.0,0,DS4
88.88888888888889,73.92,80.0,49.55,89.0,0,DS4
93.33333333333333,73.92,86.66666666666666,49.55,93.33333333333333,0,DS4
86.66666666666667,73.92,70.0,49.55,86.66666666666667,0,DS4
91.11111111111111,73.92,85.0,49.55,91.0,0,DS4
88.88888888888889,73.92,81.66666666666667,49.55,89.0,0,DS4
53.333333333333336,73.92,40.0,49.55,53.333333333333336,1,DS4
62.22222222222222,73.92,46.666666666666664,49.55,62.33333333333333,1,DS4
75.55555555555556,73.92,68.33333333333333,49.55,75.66666666666666,0,DS4
86.66666666666667,73.92,68.33333333333333,49.55,86.66666666666667,0,DS4
91.11111111111111,73.92,76.66666666666667,49.55,91.0,0,DS4
88.88888888888889,73.92,83.33333333333334,49.55,89.0,0,DS4
93.33333333333333,73.92,86.66666666666666,49.55,93.33333333333333,0,DS4
93.33333333333333,73.92,85.0,49.55,93.33333333333333,0,DS4
100.0,73.92,91.66666666666666,49.55,100.0,0,DS4
93.33333333333333,73.92,88.33333333333334,49.55,93.33333333333333,0,DS4
73.33333333333333,73.92,65.0,49.55,73.33333333333333,0,DS4
88.88888888888889,73.92,75.0,49.55,89.0,0,DS4
93.33333333333333,73.92,86.66666666666666,49.55,93.33333333333333,0,DS4
91.11111111111111,73.92,76.66666666666667,49.55,91.0,0,DS4
88.88888888888889,73.92,81.66666666666667,49.55,89.0,0,DS4
84.44444444444444,73.92,73.33333333333333,49.55,84.33333333333334,0,DS4
84.44444444444444,73.92,66.66666666666667,49.55,84.33333333333334,0,DS4
88.88888888888889,73.92,70.0,49.55,89.0,0,DS4
88.88888888888889,73.92,66.66666666666667,49.55,89.0,0,DS4
91.11111111111111,73.92,80.0,49.55,91.0,0,DS4
91.11111111111111,73.92,86.66666666666666,49.55,91.0,0,DS4
62.22222222222222,73.92,46.666666666666664,49.55,62.33333333333333,1,DS4
95.55555555555556,73.92,86.66666666666666,49.55,95.66666666666667,0,DS4
91.11111111111111,73.92,86.66666666666666,49.55,91.0,0,DS4
82.22222222222221,73.92,76.66666666666667,49.55,82.33333333333334,0,DS4
88.88888888888889,73.92,66.66666666666667,49.55,89.0,0,DS4
82.22222222222221,73.92,61.66666666666667,49.55,82.33333333333334,0,DS4
93.33333333333333,73.92,86.66666666666666,49.55,93.33333333333333,0,DS4
82.22222222222221,73.92,73.33333333333333,49.55,82.33333333333334,0,DS4
88.88888888888889,73.92,83.33333333333334,49.55,89.0,0,DS4
88.88888888888889,73.92,73.33333333333333,49.55,89.0,0,DS4
93.33333333333333,73.92,75.0,49.55,93.33333333333333,0,DS4
86.66666666666667,73.92,81.66666666666667,49.55,86.66666666666667,0,DS4
88.88888888888889,73.92,81.66666666666667,49.55,89.0,0,DS4
88.88888888888889,73.92,86.66666666666666,49.55,89.0,0,DS4
95.55555555555556,73.92,86.66666666666666,49.55,95.66666666666667,0,DS4
86.66666666666667,73.92,70.0,49.55,86.66666666666667,0,DS4
77.77777777777779,73.92,58.33333333333333,49.55,77.66666666666667,0,DS4
86.66666666666667,73.92,65.0,49.55,86.66666666666667,0,DS4
86.66666666666667,73.92,75.0,49.55,86.66666666666667,0,DS4
80.0,73.92,65.0,49.55,80.0,0,DS4
93.33333333333333,73.92,88.33333333333334,49.55,93.33333333333333,0,DS4
88.88888888888889,73.92,73.33333333333333,49.55,89.0,0,DS4
88.88888888888889,73.92,80.0,49.55,89.0,0,DS4
91.11111111111111,73.92,76.66666666666667,49.55,91.0,0,DS4
88.88888888888889,73.92,81.66666666666667,49.55,89.0,0,DS4
73.33333333333333,73.92,65.0,49.55,73.33333333333333,0,DS4
93.33333333333333,73.92,80.0,49.55,93.33333333333333,0,DS4
93.33333333333333,73.92,85.0,49.55,93.33333333333333,0,DS4
93.33333333333333,73.92,88.33333333333334,49.55,93.33333333333333,0,DS4
86.66666666666667,73.92,78.33333333333333,49.55,86.66666666666667,0,DS4
88.88888888888889,73.92,76.66666666666667,49.55,89.0,0,DS4
91.11111111111111,73.92,81.66666666666667,49.55,91.0,0,DS4
88.88888888888889,73.92,81.66666666666667,49.55,89.0,0,DS4
84.44444444444444,73.92,76.66666666666667,49.55,84.33333333333334,0,DS4
95.55555555555556,73.92,85.0,49.55,95.66666666666667,0,DS4
86.66666666666667,73.92,80.0,49.55,86.66666666666667,0,DS4
91.11111111111111,73.92,88.33333333333334,49.55,91.0,0,DS4
88.88888888888889,73.92,81.66666666666667,49.55,89.0,0,DS4
95.55555555555556,73.92,88.33333333333334,49.55,95.66666666666667,0,DS4
97.77777777777777,73.92,80.0,49.55,97.66666666666667,0,DS4
88.88888888888889,73.92,78.33333333333333,49.55,89.0,0,DS4
97.77777777777777,73.92,88.33333333333334,49.55,97.66666666666667,0,DS4
80.0,73.92,63.33333333333333,49.55,80.0,0,DS4
84.44444444444444,73.92,71.66666666666667,49.55,84.33333333333334,0,DS4
86.66666666666667,73.92,78.33333333333333,49.55,86.66666666666667,0,DS4
91.11111111111111,73.92,86.66666666666666,49.55,91.0,0,DS4
91.11111111111111,73.92,80.0,49.55,91.0,0,DS4
84.44444444444444,73.92,76.66666666666667,49.55,84.33333333333334,0,DS4
91.11111111111111,73.92,80.0,49.55,91.0,0,DS4
82.22222222222221,73.92,70.0,49.55,82.33333333333334,0,DS4
93.33333333333333,73.92,86.66666666666666,49.55,93.33333333333333,0,DS4
86.66666666666667,73.92,80.0,49.55,86.66666666666667,0,DS4
91.11111111111111,73.92,85.0,49.55,91.0,0,DS4
80.0,73.92,66.66666666666667,49.55,80.0,0,DS4
80.0,73.92,68.33333333333333,49.55,80.0,0,DS4
91.11111111111111,73.92,78.33333333333333,49.55,91.0,0,DS4
82.22222222222221,73.92,61.66666666666667,49.55,82.33333333333334,0,DS4
100.0,73.92,95.0,49.55,100.0,0,DS4
100.0,73.92,91.66666666666666,49.55,100.0,0,DS4
91.11111111111111,73.92,81.66666666666667,49.55,91.0,0,DS4
40.0,73.92,30.0,49.55,40.0,1,DS4
22.22222222222222,73.92,16.666666666666668,49.55,22.333333333333332,1,DS4
77.77777777777779,73.92,58.33333333333333,49.55,77.66666666666667,0,DS4
0.0,73.92,0.0,49.55,0.0,1,DS4
84.44444444444444,73.92,68.33333333333333,49.55,84.33333333333334,0,DS4
48.888888888888886,73.92,36.666666666666664,49.55,49.0,1,DS4
95.55555555555556,73.92,81.66666666666667,49.55,95.66666666666667,0,DS4
71.11111111111111,73.92,53.333333333333336,49.55,71.00000000000001,0,DS4
40.0,73.92,30.0,49.55,40.0,1,DS4
57.77777777777777,73.92,43.33333333333333,49.55,57.666666666666664,1,DS4
68.88888888888889,73.92,51.66666666666667,49.55,69.0,0,DS4
77.77777777777779,73.92,63.33333333333333,49.55,77.66666666666667,0,DS4
95.55555555555556,73.92,85.0,49.55,95.66666666666667,0,DS4
84.44444444444444,73.92,66.66666666666667,49.55,84.33333333333334,0,DS4
77.77777777777779,73.92,65.0,49.55,77.66666666666667,0,DS4
91.11111111111111,73.92,78.33333333333333,49.55,91.0,0,DS4
88.88888888888889,73.92,73.33333333333333,49.55,89.0,0,DS4
86.66666666666667,73.92,75.0,49.55,86.66666666666667,0,DS4
93.33333333333333,73.92,83.33333333333334,49.55,93.33333333333333,0,DS4
84.44444444444444,73.92,70.0,49.55,84.33333333333334,0,DS4
100.0,73.92,91.66666666666666,49.55,100.0,0,DS4
84.44444444444444,73.92,70.0,49.55,84.33333333333334,0,DS4
88.88888888888889,73.92,80.0,49.55,89.0,0,DS4
93.33333333333333,73.92,81.66666666666667,49.55,93.33333333333333,0,DS4
95.55555555555556,73.92,88.33333333333334,49.55,95.66666666666667,0,DS4
57.77777777777777,73.92,43.33333333333333,49.55,57.666666666666664,1,DS4
88.88888888888889,73.92,78.33333333333333,49.55,89.0,0,DS4
82.22222222222221,73.92,61.66666666666667,49.55,82.33333333333334,0,DS4
84.44444444444444,73.92,63.33333333333333,49.55,84.33333333333334,0,DS4
100.0,73.92,86.66666666666666,49.55,100.0,0,DS4
75.55555555555556,73.92,63.33333333333333,49.55,75.66666666666666,0,DS4
97.77777777777777,73.92,93.33333333333333,49.55,97.66666666666667,0,DS4
95.55555555555556,73.92,85.0,49.55,95.66666666666667,0,DS4
88.88888888888889,73.92,73.33333333333333,49.55,89.0,0,DS4
82.22222222222221,73.92,70.0,49.55,82.33333333333334,0,DS4
93.33333333333333,73.92,78.33333333333333,49.55,93.33333333333333,0,DS4
75.55555555555556,73.92,58.33333333333333,49.55,75.66666666666666,0,DS4
88.88888888888889,73.92,68.33333333333333,49.55,89.0,0,DS4
93.33333333333333,73.92,76.66666666666667,49.55,93.33333333333333,0,DS4
86.66666666666667,73.92,70.0,49.55,86.66666666666667,0,DS4
95.55555555555556,73.92,86.66666666666666,49.55,95.66666666666667,0,DS4
95.55555555555556,73.92,81.66666666666667,49.55,95.66666666666667,0,DS4
57.77777777777777,73.92,43.33333333333333,49.55,57.666666666666664,1,DS4
91.11111111111111,73.92,75.0,49.55,91.0,0,DS4
80.0,73.92,68.33333333333333,49.55,80.0,0,DS4
93.33333333333333,73.92,70.0,49.55,93.33333333333333,0,DS4
93.33333333333333,73.92,86.66666666666666,49.55,93.33333333333333,0,DS4
97.77777777777777,73.92,91.66666666666666,49.55,97.66666666666667,0,DS4
95.55555555555556,73.92,81.66666666666667,49.55,95.66666666666667,0,DS4
91.11111111111111,73.92,73.33333333333333,49.55,91.0,0,DS4
91.11111111111111,73.92,75.0,49.55,91.0,0,DS4
88.88888888888889,73.92,78.33333333333333,49.55,89.0,0,DS4
77.77777777777779,73.92,58.33333333333333,49.55,77.66666666666667,0,DS4
77.77777777777779,73.92,58.33333333333333,49.55,77.66666666666667,0,DS4
86.66666666666667,73.92,65.0,49.55,86.66666666666667,0,DS4
95.55555555555556,73.92,83.33333333333334,49.55,95.66666666666667,0,DS4
91.11111111111111,73.92,80.0,49.55,91.0,0,DS4
86.66666666666667,73.92,83.33333333333334,49.55,86.66666666666667,0,DS4
88.88888888888889,73.92,76.66666666666667,49.55,89.0,0,DS4
91.11111111111111,73.92,73.33333333333333,49.55,91.0,0,DS4
84.44444444444444,73.92,66.66666666666667,49.55,84.33333333333334,0,DS4
86.66666666666667,73.92,66.66666666666667,49.55,86.66666666666667,0,DS4
95.55555555555556,73.92,88.33333333333334,49.55,95.66666666666667,0,DS4
95.55555555555556,73.92,91.66666666666666,49.55,95.66666666666667,0,DS4
97.77777777777777,73.92,83.33333333333334,49.55,97.66666666666667,0,DS4
93.33333333333333,73.92,85.0,49.55,93.33333333333333,0,DS4
95.55555555555556,73.92,76.66666666666667,49.55,95.66666666666667,0,DS4
91.11111111111111,73.92,80.0,49.55,91.0,0,DS4
93.33333333333333,73.92,81.66666666666667,49.55,93.33333333333333,0,DS4
91.11111111111111,73.92,85.0,49.55,91.0,0,DS4
91.11111111111111,73.92,71.66666666666667,49.55,91.0,0,DS4
93.33333333333333,73.92,76.66666666666667,49.55,93.33333333333333,0,DS4
80.0,73.92,71.66666666666667,49.55,80.0,0,DS4
84.44444444444444,73.92,73.33333333333333,49.55,84.33333333333334,0,DS4
93.33333333333333,73.92,81.66666666666667,49.55,93.33333333333333,0,DS4
91.11111111111111,73.92,71.66666666666667,49.55,91.0,0,DS4
95.55555555555556,73.92,88.33333333333334,49.55,95.66666666666667,0,DS4
86.66666666666667,73.92,68.33333333333333,49.55,86.66666666666667,0,DS4
97.77777777777777,73.92,90.0,49.55,97.66666666666667,0,DS4
86.66666666666667,73.92,73.33333333333333,49.55,86.66666666666667,0,DS4
86.66666666666667,73.92,75.0,49.55,86.66666666666667,0,DS4
97.77777777777777,73.92,88.33333333333334,49.55,97.66666666666667,0,DS4
88.88888888888889,73.92,66.66666666666667,49.55,89.0,0,DS4
86.66666666666667,73.92,70.0,49.55,86.66666666666667,0,DS4
93.33333333333333,73.92,86.66666666666666,49.55,93.33333333333333,0,DS4
82.22222222222221,73.92,61.66666666666667,49.55,82.33333333333334,0,DS4
46.666666666666664,73.92,35.0,49.55,46.666666666666664,1,DS4
91.11111111111111,73.92,81.66666666666667,49.55,91.0,0,DS4
97.77777777777777,73.92,91.66666666666666,49.55,97.66666666666667,0,DS4
88.88888888888889,73.92,80.0,49.55,89.0,0,DS4
93.33333333333333,73.92,83.33333333333334,49.55,93.33333333333333,0,DS4
86.66666666666667,73.92,75.0,49.55,86.66666666666667,0,DS4
73.33333333333333,73.92,55.00000000000001,49.55,73.33333333333333,0,DS4
82.22222222222221,73.92,61.66666666666667,49.55,82.33333333333334,0,DS4
91.11111111111111,73.92,85.0,49.55,91.0,0,DS4
82.22222222222221,73.92,70.0,49.55,82.33333333333334,0,DS4
80.0,73.92,60.0,49.55,80.0,0,DS4
91.11111111111111,73.92,75.0,49.55,91.0,0,DS4
88.88888888888889,73.92,75.0,49.55,89.0,0,DS4
82.22222222222221,73.92,61.66666666666667,49.55,82.33333333333334,0,DS4
91.11111111111111,73.92,80.0,49.55,91.0,0,DS4
88.88888888888889,73.92,76.66666666666667,49.55,89.0,0,DS4
91.11111111111111,73.92,76.66666666666667,49.55,91.0,0,DS4
0.0,73.92,0.0,49.55,0.0,1,DS4
93.33333333333333,73.92,83.33333333333334,49.55,93.33333333333333,0,DS4
91.11111111111111,73.92,78.33333333333333,49.55,91.0,0,DS4
86.66666666666667,73.92,78.33333333333333,49.55,86.66666666666667,0,DS4
91.11111111111111,73.92,75.0,49.55,91.0,0,DS4
88.88888888888889,73.92,70.0,49.55,89.0,0,DS4
93.33333333333333,73.92,78.33333333333333,49.55,93.33333333333333,0,DS4
91.11111111111111,73.92,80.0,49.55,91.0,0,DS4
91.11111111111111,73.92,81.66666666666667,49.55,91.0,0,DS4
88.88888888888889,73.92,81.66666666666667,49.55,89.0,0,DS4
93.33333333333333,73.92,80.0,49.55,93.33333333333333,0,DS4
95.55555555555556,73.92,86.66666666666666,49.55,95.66666666666667,0,DS4
97.77777777777777,73.92,88.33333333333334,49.55,97.66666666666667,0,DS4
91.11111111111111,73.92,78.33333333333333,49.55,91.0,0,DS4
86.66666666666667,73.92,75.0,49.55,86.66666666666667,0,DS4
97.77777777777777,73.92,93.33333333333333,49.55,97.66666666666667,0,DS4
91.11111111111111,73.92,73.33333333333333,49.55,91.0,0,DS4
86.66666666666667,73.92,73.33333333333333,49.55,86.66666666666667,0,DS4
84.44444444444444,73.92,73.33333333333333,49.55,84.33333333333334,0,DS4
82.22222222222221,73.92,65.0,49.55,82.33333333333334,0,DS4
93.33333333333333,73.92,75.0,49.55,93.33333333333333,0,DS4
77.77777777777779,73.92,58.33333333333333,49.55,77.66666666666667,0,DS4
93.33333333333333,73.92,81.66666666666667,49.55,93.33333333333333,0,DS4
91.11111111111111,73.92,78.33333333333333,49.55,91.0,0,DS4
91.11111111111111,73.92,78.33333333333333,49.55,91.0,0,DS4
93.33333333333333,73.92,70.0,49.55,93.33333333333333,0,DS4
97.77777777777777,73.92,93.33333333333333,49.55,97.66666666666667,0,DS4
86.66666666666667,73.92,66.66666666666667,49.55,86.66666666666667,0,DS4
86.66666666666667,73.92,73.33333333333333,49.55,86.66666666666667,0,DS4
51.11111111111111,73.92,38.333333333333336,49.55,51.0,1,DS4
22.22222222222222,73.92,16.666666666666668,49.55,22.333333333333332,1,DS4
73.33333333333333,73.92,55.00000000000001,49.55,73.33333333333333,0,DS4
88.88888888888889,73.92,86.66666666666666,49.55,89.0,0,DS4
88.88888888888889,73.92,81.66666666666667,49.55,89.0,0,DS4
88.88888888888889,73.92,71.66666666666667,49.55,89.0,0,DS4
86.66666666666667,73.92,70.0,49.55,86.66666666666667,0,DS4
93.33333333333333,73.92,78.33333333333333,49.55,93.33333333333333,0,DS4
91.11111111111111,73.92,85.0,49.55,91.0,0,DS4
95.55555555555556,73.92,80.0,49.55,95.66666666666667,0,DS4
82.22222222222221,73.92,66.66666666666667,49.55,82.33333333333334,0,DS4
68.88888888888889,73.92,51.66666666666667,49.55,69.0,0,DS4
93.33333333333333,73.92,78.33333333333333,49.55,93.33333333333333,0,DS4
93.33333333333333,73.92,85.0,49.55,93.33333333333333,0,DS4
95.55555555555556,73.92,85.0,49.55,95.66666666666667,0,DS4
95.55555555555556,73.92,88.33333333333334,49.55,95.66666666666667,0,DS4
88.88888888888889,73.92,66.66666666666667,49.55,89.0,0,DS4
95.55555555555556,73.92,86.66666666666666,49.55,95.66666666666667,0,DS4
97.77777777777777,73.92,80.0,49.55,97.66666666666667,0,DS4
88.88888888888889,73.92,70.0,49.55,89.0,0,DS4
91.11111111111111,73.92,83.33333333333334,49.55,91.0,0,DS4
77.77777777777779,73.92,58.33333333333333,49.55,77.66666666666667,0,DS4
91.11111111111111,73.92,78.33333333333333,49.55,91.0,0,DS4
84.44444444444444,73.92,68.33333333333333,49.55,84.33333333333334,0,DS4
91.11111111111111,73.92,85.0,49.55,91.0,0,DS4
88.88888888888889,73.92,73.33333333333333,49.55,89.0,0,DS4
86.66666666666667,73.92,70.0,49.55,86.66666666666667,0,DS4
88.88888888888889,73.92,73.33333333333333,49.55,89.0,0,DS4
93.33333333333333,73.92,85.0,49.55,93.33333333333333,0,DS4
73.33333333333333,73.92,55.00000000000001,49.55,73.33333333333333,0,DS4
53.333333333333336,73.92,40.0,49.55,53.333333333333336,1,DS4
